{"type":"FeatureCollection","features":[{"type":"Feature","geometry":{"coordinates":[[[[25.868795,44.831955,0.0],[25.868216,44.831843,0.0],[25.868098,44.831801,0.0],[25.867974,44.831724,0.0],[25.867583,44.831406,0.0],[25.86739,44.831283,0.0],[25.867096,44.831122,0.0],[25.866709,44.830946,0.0],[25.86635,44.830811,0.0],[25.86575,44.830622,0.0],[25.865535,44.830576,0.0],[25.865342,44.830572,0.0],[25.865213,44.830594,0.0],[25.864999,44.830674,0.0],[25.864848,44.830792,0.0],[25.864752,44.830929,0.0],[25.864746,44.830967,0.0],[25.864687,44.831021,0.0],[25.864633,44.831116,0.0],[25.864537,44.831181,0.0],[25.864322,44.831119,0.0],[25.863743,44.830988,0.0],[25.862912,44.830829,0.0],[25.862858,44.830795,0.0],[25.862756,44.830642,0.0],[25.862746,44.8306,0.0],[25.862714,44.830573,0.0],[25.862682,44.830496,0.0],[25.862403,44.830068,0.0],[25.862055,44.829487,0.0],[25.861483,44.828598,0.0],[25.860991,44.827804,0.0],[25.860937,44.827689,0.0],[25.86033,44.826627,0.0],[25.860055,44.826133,0.0],[25.859464,44.826927,0.0],[25.858252,44.826175,0.0],[25.857039,44.825423,0.0],[25.85667,44.825152,0.0],[25.856105,44.824799,0.0],[25.855422,44.824342,0.0],[25.854319,44.823629,0.0],[25.853522,44.823137,0.0],[25.850771,44.821269,0.0],[25.848021,44.819402,0.0],[25.848073,44.819402,0.0],[25.843049,44.816011,0.0],[25.843139,44.815612,0.0],[25.843347,44.815099,0.0],[25.843388,44.815058,0.0],[25.843538,44.814898,0.0],[25.843559,44.814852,0.0],[25.84368,44.814706,0.0],[25.843798,44.814554,0.0],[25.844081,44.814208,0.0],[25.844258,44.814022,0.0],[25.844263,44.813991,0.0],[25.844189,44.813853,0.0],[25.844199,44.813838,0.0],[25.844108,44.813731,0.0],[25.843884,44.813364,0.0],[25.84329,44.812354,0.0],[25.842414,44.810916,0.0],[25.84189,44.810055,0.0],[25.841833,44.809972,0.0],[25.841251,44.810115,0.0],[25.840007,44.810455,0.0],[25.839894,44.810474,0.0],[25.839685,44.810542,0.0],[25.839341,44.810621,0.0],[25.837303,44.811169,0.0],[25.83653,44.811392,0.0],[25.83638,44.811422,0.0],[25.836101,44.811506,0.0],[25.834963,44.8118,0.0],[25.834835,44.81185,0.0],[25.832431,44.812484,0.0],[25.830435,44.813013,0.0],[25.829555,44.813259,0.0],[25.829147,44.813357,0.0],[25.829061,44.813391,0.0],[25.828375,44.813572,0.0],[25.828332,44.813599,0.0],[25.828224,44.813629,0.0],[25.826357,44.81412,0.0],[25.82625,44.814158,0.0],[25.821742,44.815378,0.0],[25.820562,44.815696,0.0],[25.820454,44.815733,0.0],[25.820369,44.815756,0.0],[25.820336,44.815752,0.0],[25.820089,44.815835,0.0],[25.819746,44.815915,0.0],[25.819209,44.81607,0.0],[25.818651,44.816205,0.0],[25.815518,44.817048,0.0],[25.815088,44.817146,0.0],[25.813693,44.817519,0.0],[25.813586,44.817527,0.0],[25.8135,44.817569,0.0],[25.813221,44.817655,0.0],[25.813156,44.817663,0.0],[25.812856,44.81775,0.0],[25.812705,44.81778,0.0],[25.812641,44.817806,0.0],[25.812276,44.817889,0.0],[25.81204,44.817965,0.0],[25.811933,44.817984,0.0],[25.810998,44.818148,0.0],[25.80834,44.818815,0.0],[25.807091,44.81918,0.0],[25.805842,44.819546,0.0],[25.80532,44.819699,0.0],[25.805025,44.819769,0.0],[25.803707,44.820134,0.0],[25.80125,44.820788,0.0],[25.800992,44.820858,0.0],[25.800825,44.820903,0.0],[25.800454,44.821007,0.0],[25.800358,44.82096,0.0],[25.79991,44.820382,0.0],[25.798367,44.820774,0.0],[25.793186,44.822087,0.0],[25.783381,44.824572,0.0],[25.782041,44.822045,0.0],[25.780857,44.822324,0.0],[25.778874,44.823756,0.0],[25.777641,44.824645,0.0],[25.777459,44.825384,0.0],[25.775616,44.832886,0.0],[25.774876,44.835954,0.0],[25.774504,44.836504,0.0],[25.774276,44.836956,0.0],[25.774387,44.837242,0.0],[25.774521,44.837519,0.0],[25.774573,44.837625,0.0],[25.775864,44.840499,0.0],[25.77623,44.84131,0.0],[25.776245,44.841439,0.0],[25.776416,44.842185,0.0],[25.776643,44.842162,0.0],[25.777438,44.841936,0.0],[25.778338,44.842123,0.0],[25.781465,44.843012,0.0],[25.781679,44.843062,0.0],[25.784057,44.843735,0.0],[25.784185,44.843758,0.0],[25.784287,44.843797,0.0],[25.784324,44.843831,0.0],[25.784382,44.844034,0.0],[25.784527,44.844232,0.0],[25.784654,44.844401,0.0],[25.78484,44.844562,0.0],[25.785188,44.844792,0.0],[25.785434,44.844904,0.0],[25.785841,44.845016,0.0],[25.786291,44.845079,0.0],[25.786505,44.845125,0.0],[25.786955,44.845257,0.0],[25.787169,44.845307,0.0],[25.787533,44.845411,0.0],[25.787918,44.845542,0.0],[25.788282,44.845719,0.0],[25.788432,44.845808,0.0],[25.788608,44.845938,0.0],[25.788827,44.846172,0.0],[25.788939,44.846325,0.0],[25.789088,44.846478,0.0],[25.789515,44.84683,0.0],[25.789975,44.847115,0.0],[25.790258,44.847257,0.0],[25.790659,44.847483,0.0],[25.790836,44.847564,0.0],[25.791023,44.847618,0.0],[25.791286,44.847642,0.0],[25.791414,44.847665,0.0],[25.791586,44.847723,0.0],[25.792934,44.8483,0.0],[25.794763,44.849106,0.0],[25.799248,44.851036,0.0],[25.801814,44.85216,0.0],[25.802123,44.852289,0.0],[25.801053,44.852519,0.0],[25.800688,44.852587,0.0],[25.800559,44.852624,0.0],[25.799893,44.852767,0.0],[25.799775,44.852812,0.0],[25.799678,44.852885,0.0],[25.797766,44.854049,0.0],[25.797013,44.854566,0.0],[25.798764,44.858153,0.0],[25.798907,44.858444,0.0],[25.799135,44.858745,0.0],[25.800084,44.860001,0.0],[25.800207,44.860162,0.0],[25.80055,44.860177,0.0],[25.801091,44.860209,0.0],[25.80158,44.860083,0.0],[25.801969,44.859836,0.0],[25.801963,44.859894,0.0],[25.802565,44.860511,0.0],[25.802691,44.860759,0.0],[25.802746,44.860957,0.0],[25.80273,44.861057,0.0],[25.802872,44.861229,0.0],[25.803637,44.862255,0.0],[25.804274,44.862822,0.0],[25.804363,44.862933,0.0],[25.804438,44.86328,0.0],[25.804498,44.863802,0.0],[25.804469,44.864262,0.0],[25.804387,44.864647,0.0],[25.804113,44.864985,0.0],[25.803713,44.865112,0.0],[25.803207,44.865202,0.0],[25.802771,44.865205,0.0],[25.802423,44.865213,0.0],[25.803595,44.86704,0.0],[25.80279,44.86745,0.0],[25.803947,44.868091,0.0],[25.803929,44.868079,0.0],[25.804687,44.868546,0.0],[25.806749,44.869885,0.0],[25.807573,44.870395,0.0],[25.809904,44.871837,0.0],[25.810715,44.872353,0.0],[25.81068,44.872354,0.0],[25.811808,44.873066,0.0],[25.814221,44.874465,0.0],[25.814051,44.874764,0.0],[25.813259,44.87682,0.0],[25.812789,44.878164,0.0],[25.812484,44.87885,0.0],[25.812331,44.87937,0.0],[25.812078,44.880061,0.0],[25.811357,44.881926,0.0],[25.809743,44.88636,0.0],[25.809743,44.886372,0.0],[25.809677,44.886634,0.0],[25.808905,44.8889,0.0],[25.811139,44.889965,0.0],[25.813251,44.89103,0.0],[25.815205,44.892035,0.0],[25.815234,44.892046,0.0],[25.815638,44.892247,0.0],[25.815631,44.892247,0.0],[25.816832,44.892882,0.0],[25.818335,44.893626,0.0],[25.81947,44.894199,0.0],[25.819477,44.894204,0.0],[25.820287,44.894617,0.0],[25.822203,44.895592,0.0],[25.823302,44.896151,0.0],[25.823295,44.896156,0.0],[25.824264,44.896633,0.0],[25.825333,44.897141,0.0],[25.823886,44.898799,0.0],[25.823265,44.899528,0.0],[25.822615,44.900273,0.0],[25.822601,44.900283,0.0],[25.822311,44.900632,0.0],[25.820667,44.902562,0.0],[25.820137,44.903163,0.0],[25.82014,44.903377,0.0],[25.820127,44.903976,0.0],[25.820114,44.904576,0.0],[25.820122,44.904581,0.0],[25.82012,44.90501,0.0],[25.820122,44.906186,0.0],[25.820122,44.906632,0.0],[25.820115,44.908632,0.0],[25.820121,44.90866,0.0],[25.820115,44.90878,0.0],[25.820121,44.909705,0.0],[25.820118,44.909991,0.0],[25.820106,44.911156,0.0],[25.820113,44.911182,0.0],[25.820115,44.911354,0.0],[25.820116,44.911364,0.0],[25.820099,44.911682,0.0],[25.820103,44.91193,0.0],[25.820133,44.912104,0.0],[25.820162,44.912178,0.0],[25.820191,44.912253,0.0],[25.82032,44.912426,0.0],[25.820433,44.912539,0.0],[25.820581,44.912622,0.0],[25.820659,44.912654,0.0],[25.820736,44.912686,0.0],[25.820982,44.912754,0.0],[25.821225,44.912819,0.0],[25.821137,44.913024,0.0],[25.821075,44.913117,0.0],[25.820929,44.913336,0.0],[25.820808,44.913512,0.0],[25.820791,44.913509,0.0],[25.820741,44.913566,0.0],[25.820225,44.913633,0.0],[25.819566,44.913718,0.0],[25.818487,44.913858,0.0],[25.817565,44.913978,0.0],[25.814526,44.914372,0.0],[25.813669,44.914483,0.0],[25.8135,44.914578,0.0],[25.813379,44.914681,0.0],[25.813351,44.91478,0.0],[25.813038,44.915879,0.0],[25.812857,44.916378,0.0],[25.812823,44.91646,0.0],[25.812829,44.916464,0.0],[25.812772,44.916688,0.0],[25.812741,44.916799,0.0],[25.812717,44.916852,0.0],[25.812591,44.91733,0.0],[25.812552,44.917442,0.0],[25.812499,44.917627,0.0],[25.812501,44.917642,0.0],[25.812483,44.917684,0.0],[25.812473,44.917744,0.0],[25.812452,44.91779,0.0],[25.812448,44.917828,0.0],[25.812337,44.918194,0.0],[25.812337,44.91821,0.0],[25.812214,44.918623,0.0],[25.811908,44.919686,0.0],[25.811735,44.920339,0.0],[25.811528,44.921078,0.0],[25.811508,44.921148,0.0],[25.811357,44.921722,0.0],[25.811263,44.922183,0.0],[25.811179,44.922612,0.0],[25.811107,44.922604,0.0],[25.811022,44.922588,0.0],[25.810993,44.922579,0.0],[25.81079,44.92255,0.0],[25.810299,44.922461,0.0],[25.810277,44.922467,0.0],[25.810251,44.922451,0.0],[25.81024,44.922455,0.0],[25.810208,44.92245,0.0],[25.809594,44.92234,0.0],[25.809284,44.922293,0.0],[25.809276,44.922287,0.0],[25.809193,44.922272,0.0],[25.809064,44.922255,0.0],[25.808894,44.922221,0.0],[25.808039,44.922078,0.0],[25.8072,44.921931,0.0],[25.806361,44.921783,0.0],[25.80604,44.921729,0.0],[25.805929,44.921713,0.0],[25.805889,44.921701,0.0],[25.805881,44.921705,0.0],[25.805801,44.92169,0.0],[25.805793,44.921684,0.0],[25.805699,44.921669,0.0],[25.805549,44.921644,0.0],[25.805362,44.921616,0.0],[25.805299,44.921599,0.0],[25.805213,44.92159,0.0],[25.80517,44.921578,0.0],[25.80502,44.921556,0.0],[25.805013,44.92155,0.0],[25.804983,44.921546,0.0],[25.804972,44.92155,0.0],[25.804908,44.921533,0.0],[25.804657,44.921495,0.0],[25.804577,44.921476,0.0],[25.804502,44.921469,0.0],[25.804433,44.921452,0.0],[25.804267,44.921427,0.0],[25.80423,44.921414,0.0],[25.803749,44.921333,0.0],[25.803391,44.921274,0.0],[25.80263,44.921141,0.0],[25.802318,44.921083,0.0],[25.802253,44.92108,0.0],[25.80223,44.921072,0.0],[25.802207,44.921177,0.0],[25.802194,44.921245,0.0],[25.802168,44.921298,0.0],[25.802049,44.921636,0.0],[25.80204,44.921667,0.0],[25.802042,44.921701,0.0],[25.802022,44.92172,0.0],[25.801999,44.921777,0.0],[25.801841,44.922251,0.0],[25.800854,44.924342,0.0],[25.799518,44.927168,0.0],[25.799208,44.927808,0.0],[25.799167,44.927895,0.0],[25.799164,44.927918,0.0],[25.797896,44.930418,0.0],[25.797858,44.930487,0.0],[25.797539,44.931205,0.0],[25.796237,44.934027,0.0],[25.795907,44.934747,0.0],[25.795874,44.934796,0.0],[25.795849,44.934876,0.0],[25.795833,44.934889,0.0],[25.795792,44.9349,0.0],[25.795767,44.934943,0.0],[25.794823,44.936974,0.0],[25.794804,44.937038,0.0],[25.794785,44.937046,0.0],[25.794785,44.937061,0.0],[25.794765,44.937089,0.0],[25.794753,44.937141,0.0],[25.794716,44.937201,0.0],[25.794705,44.937225,0.0],[25.794709,44.937263,0.0],[25.794692,44.937289,0.0],[25.794614,44.937487,0.0],[25.794605,44.937533,0.0],[25.794594,44.937544,0.0],[25.79451,44.937749,0.0],[25.794496,44.937764,0.0],[25.794487,44.937803,0.0],[25.794423,44.937951,0.0],[25.794412,44.937992,0.0],[25.794393,44.938011,0.0],[25.794375,44.938061,0.0],[25.794327,44.938144,0.0],[25.794307,44.938205,0.0],[25.794256,44.938298,0.0],[25.794164,44.938509,0.0],[25.794147,44.938532,0.0],[25.793574,44.939758,0.0],[25.793565,44.939796,0.0],[25.793539,44.939834,0.0],[25.792892,44.941199,0.0],[25.792881,44.941227,0.0],[25.792886,44.941235,0.0],[25.792866,44.941258,0.0],[25.792863,44.941273,0.0],[25.792807,44.941384,0.0],[25.792479,44.942064,0.0],[25.792486,44.942086,0.0],[25.792449,44.94215,0.0],[25.792444,44.942249,0.0],[25.792405,44.94239,0.0],[25.792315,44.942626,0.0],[25.792213,44.942839,0.0],[25.792177,44.94296,0.0],[25.792158,44.943075,0.0],[25.792129,44.943158,0.0],[25.792061,44.943268,0.0],[25.791967,44.943389,0.0],[25.79183,44.943659,0.0],[25.791621,44.94403,0.0],[25.79155,44.944274,0.0],[25.791549,44.944304,0.0],[25.791433,44.94462,0.0],[25.791401,44.944692,0.0],[25.79003,44.944391,0.0],[25.781549,44.942563,0.0],[25.772627,44.940387,0.0],[25.771028,44.943694,0.0],[25.769429,44.947001,0.0],[25.769423,44.947011,0.0],[25.769221,44.946956,0.0],[25.768213,44.946687,0.0],[25.768116,44.946673,0.0],[25.76788,44.946625,0.0],[25.767644,44.946569,0.0],[25.767441,44.946534,0.0],[25.767119,44.946462,0.0],[25.766025,44.946265,0.0],[25.764587,44.946001,0.0],[25.764555,44.946001,0.0],[25.764372,44.945959,0.0],[25.764104,44.945914,0.0],[25.763364,44.945768,0.0],[25.760677,44.945267,0.0],[25.760545,44.945244,0.0],[25.760537,44.945238,0.0],[25.760363,44.945212,0.0],[25.760312,44.945197,0.0],[25.760001,44.945143,0.0],[25.759475,44.94504,0.0],[25.759402,44.945032,0.0],[25.759373,44.94502,0.0],[25.759266,44.945001,0.0],[25.759255,44.944993,0.0],[25.759233,44.944995,0.0],[25.758365,44.94482,0.0],[25.758021,44.944758,0.0],[25.75786,44.944721,0.0],[25.757818,44.944719,0.0],[25.757216,44.9446,0.0],[25.756809,44.944517,0.0],[25.756702,44.944507,0.0],[25.756595,44.944486,0.0],[25.756412,44.944444,0.0],[25.755972,44.944356,0.0],[25.75594,44.944345,0.0],[25.755844,44.944333,0.0],[25.755769,44.944315,0.0],[25.7555,44.944272,0.0],[25.755361,44.944255,0.0],[25.755211,44.94422,0.0],[25.755053,44.944156,0.0],[25.754946,44.944093,0.0],[25.754603,44.943911,0.0],[25.754421,44.943795,0.0],[25.754328,44.943726,0.0],[25.754256,44.943653,0.0],[25.754227,44.943626,0.0],[25.754165,44.943661,0.0],[25.753868,44.943867,0.0],[25.753696,44.943708,0.0],[25.753625,44.943612,0.0],[25.753579,44.94355,0.0],[25.75357,44.943488,0.0],[25.752446,44.943449,0.0],[25.749605,44.943216,0.0],[25.749577,44.943312,0.0],[25.7496,44.943375,0.0],[25.749575,44.943487,0.0],[25.749513,44.943602,0.0],[25.749491,44.943712,0.0],[25.749531,44.943745,0.0],[25.749371,44.943701,0.0],[25.74917,44.943658,0.0],[25.749023,44.943608,0.0],[25.748865,44.943533,0.0],[25.748766,44.943464,0.0],[25.74875,44.94346,0.0],[25.748745,44.943448,0.0],[25.748643,44.943377,0.0],[25.748549,44.943327,0.0],[25.748501,44.943211,0.0],[25.748459,44.943212,0.0],[25.748244,44.943166,0.0],[25.748072,44.943181,0.0],[25.747728,44.943169,0.0],[25.747342,44.943107,0.0],[25.747213,44.943099,0.0],[25.747041,44.943026,0.0],[25.74659,44.942793,0.0],[25.746332,44.942686,0.0],[25.746096,44.942571,0.0],[25.74601,44.94251,0.0],[25.745816,44.942429,0.0],[25.745687,44.94236,0.0],[25.745601,44.942334,0.0],[25.745473,44.942337,0.0],[25.745365,44.94239,0.0],[25.745279,44.942478,0.0],[25.745032,44.942673,0.0],[25.744758,44.94284,0.0],[25.744334,44.943229,0.0],[25.744093,44.943503,0.0],[25.743926,44.943637,0.0],[25.743851,44.943736,0.0],[25.743728,44.943808,0.0],[25.743669,44.94382,0.0],[25.74311,44.94375,0.0],[25.74282,44.943773,0.0],[25.742584,44.943814,0.0],[25.742283,44.943906,0.0],[25.741725,44.944164,0.0],[25.741644,44.944187,0.0],[25.741585,44.944187,0.0],[25.741478,44.944114,0.0],[25.741397,44.944007,0.0],[25.741327,44.943828,0.0],[25.741225,44.94366,0.0],[25.741193,44.943568,0.0],[25.741144,44.943522,0.0],[25.74108,44.943511,0.0],[25.741026,44.943518,0.0],[25.740844,44.943571,0.0],[25.740618,44.943659,0.0],[25.740505,44.943724,0.0],[25.740489,44.943747,0.0],[25.740484,44.943819,0.0],[25.740511,44.94385,0.0],[25.740543,44.943957,0.0],[25.740758,44.944262,0.0],[25.740917,44.944566,0.0],[25.740887,44.944667,0.0],[25.74078,44.944694,0.0],[25.740629,44.944697,0.0],[25.739727,44.944654,0.0],[25.739319,44.944646,0.0],[25.738954,44.94458,0.0],[25.738889,44.944542,0.0],[25.738809,44.944454,0.0],[25.738674,44.944343,0.0],[25.738545,44.944282,0.0],[25.738416,44.944255,0.0],[25.738245,44.944251,0.0],[25.737509,44.944361,0.0],[25.736838,44.94439,0.0],[25.736129,44.944263,0.0],[25.735935,44.944217,0.0],[25.735291,44.944113,0.0],[25.734002,44.943783,0.0],[25.733723,44.943721,0.0],[25.733508,44.943691,0.0],[25.732949,44.943568,0.0],[25.732627,44.943457,0.0],[25.732455,44.943372,0.0],[25.732273,44.943242,0.0],[25.732149,44.943116,0.0],[25.732063,44.942982,0.0],[25.732004,44.942814,0.0],[25.732004,44.942646,0.0],[25.73202,44.94257,0.0],[25.731993,44.942494,0.0],[25.731983,44.942371,0.0],[25.731961,44.942345,0.0],[25.731913,44.942318,0.0],[25.731854,44.942314,0.0],[25.731671,44.942333,0.0],[25.731456,44.942378,0.0],[25.731352,44.942418,0.0],[25.730973,44.942538,0.0],[25.730801,44.942568,0.0],[25.730651,44.942614,0.0],[25.730189,44.942793,0.0],[25.730028,44.942869,0.0],[25.729958,44.942918,0.0],[25.72984,44.94296,0.0],[25.729287,44.943096,0.0],[25.728621,44.943382,0.0],[25.728363,44.943519,0.0],[25.72818,44.943595,0.0],[25.727923,44.943648,0.0],[25.727729,44.943671,0.0],[25.72701,44.943692,0.0],[25.726,44.943679,0.0],[25.725828,44.943691,0.0],[25.725527,44.943686,0.0],[25.72484,44.943655,0.0],[25.724604,44.943631,0.0],[25.724432,44.943631,0.0],[25.72383,44.943573,0.0],[25.723465,44.943555,0.0],[25.7231,44.943538,0.0],[25.722928,44.943507,0.0],[25.722541,44.943487,0.0],[25.722133,44.94341,0.0],[25.721725,44.943352,0.0],[25.72136,44.943283,0.0],[25.721167,44.943229,0.0],[25.721108,44.943198,0.0],[25.721016,44.943175,0.0],[25.720286,44.942861,0.0],[25.719706,44.942669,0.0],[25.719169,44.942397,0.0],[25.718911,44.942317,0.0],[25.718696,44.942282,0.0],[25.718449,44.942278,0.0],[25.71832,44.942293,0.0],[25.717998,44.942361,0.0],[25.71788,44.942407,0.0],[25.717397,44.942532,0.0],[25.716903,44.9426,0.0],[25.716395,44.942697,0.0],[25.715888,44.942793,0.0],[25.715555,44.942846,0.0],[25.715496,44.942846,0.0],[25.715168,44.942914,0.0],[25.714894,44.942952,0.0],[25.714787,44.942955,0.0],[25.714615,44.942936,0.0],[25.714465,44.942894,0.0],[25.714056,44.942824,0.0],[25.713605,44.942766,0.0],[25.713509,44.942747,0.0],[25.713412,44.942728,0.0],[25.71324,44.942709,0.0],[25.712832,44.942696,0.0],[25.712703,44.942681,0.0],[25.712424,44.942608,0.0],[25.712145,44.942562,0.0],[25.711762,44.942567,0.0],[25.711651,44.942568,0.0],[25.711371,44.942526,0.0],[25.711285,44.942484,0.0],[25.711216,44.942384,0.0],[25.711135,44.942308,0.0],[25.710742,44.942037,0.0],[25.710641,44.941964,0.0],[25.710469,44.941872,0.0],[25.710241,44.941706,0.0],[25.710222,44.941692,0.0],[25.710186,44.941631,0.0],[25.710179,44.941619,0.0],[25.710176,44.941582,0.0],[25.71017,44.941494,0.0],[25.710169,44.941482,0.0],[25.710163,44.941476,0.0],[25.710142,44.941455,0.0],[25.710104,44.94144,0.0],[25.7101,44.94144,0.0],[25.710061,44.94144,0.0],[25.709986,44.941466,0.0],[25.709814,44.941466,0.0],[25.709578,44.941424,0.0],[25.709471,44.941431,0.0],[25.709363,44.941473,0.0],[25.70924,44.94156,0.0],[25.709046,44.941804,0.0],[25.709041,44.941831,0.0],[25.708933,44.941942,0.0],[25.708869,44.942045,0.0],[25.708649,44.942289,0.0],[25.708434,44.942429,0.0],[25.708176,44.942547,0.0],[25.708138,44.942555,0.0],[25.707924,44.942505,0.0],[25.707623,44.942485,0.0],[25.70743,44.942489,0.0],[25.70715,44.942534,0.0],[25.706925,44.942637,0.0],[25.706704,44.942762,0.0],[25.706474,44.942812,0.0],[25.706098,44.94299,0.0],[25.705958,44.943032,0.0],[25.705765,44.943116,0.0],[25.705367,44.943318,0.0],[25.705217,44.94334,0.0],[25.705131,44.943298,0.0],[25.70498,44.943256,0.0],[25.704916,44.943256,0.0],[25.704851,44.943275,0.0],[25.704642,44.943477,0.0],[25.704395,44.943598,0.0],[25.704325,44.943652,0.0],[25.704245,44.943755,0.0],[25.70418,44.943789,0.0],[25.704089,44.943804,0.0],[25.703713,44.943941,0.0],[25.703638,44.943956,0.0],[25.703358,44.943963,0.0],[25.703251,44.943948,0.0],[25.703143,44.943963,0.0],[25.703095,44.943985,0.0],[25.702988,44.944119,0.0],[25.702875,44.944172,0.0],[25.702606,44.944221,0.0],[25.70237,44.944244,0.0],[25.702155,44.944289,0.0],[25.702026,44.944293,0.0],[25.701575,44.944296,0.0],[25.70136,44.944349,0.0],[25.700909,44.944508,0.0],[25.70063,44.944569,0.0],[25.700265,44.944538,0.0],[25.700157,44.944549,0.0],[25.700002,44.944625,0.0],[25.699953,44.944717,0.0],[25.699803,44.944854,0.0],[25.699722,44.944961,0.0],[25.699733,44.944991,0.0],[25.699744,44.945055,0.0],[25.699636,44.945136,0.0],[25.699518,44.945224,0.0],[25.699405,44.945239,0.0],[25.699341,44.945216,0.0],[25.699126,44.945059,0.0],[25.69904,44.945051,0.0],[25.698992,44.945089,0.0],[25.698954,44.945188,0.0],[25.698954,44.945234,0.0],[25.698911,44.945295,0.0],[25.698863,44.945341,0.0],[25.698809,44.945364,0.0],[25.698771,44.945367,0.0],[25.698728,44.945352,0.0],[25.698535,44.94521,0.0],[25.698471,44.945199,0.0],[25.698422,44.945225,0.0],[25.698352,44.945336,0.0],[25.698304,44.945538,0.0],[25.698266,44.945576,0.0],[25.698207,44.945607,0.0],[25.698148,44.945607,0.0],[25.698105,44.945588,0.0],[25.698068,44.945561,0.0],[25.698003,44.945473,0.0],[25.697912,44.9454,0.0],[25.697794,44.945369,0.0],[25.697472,44.945419,0.0],[25.697364,44.945453,0.0],[25.697289,44.945498,0.0],[25.697137,44.945622,0.0],[25.697106,44.945601,0.0],[25.696962,44.9455,0.0],[25.696666,44.945562,0.0],[25.696548,44.945623,0.0],[25.696381,44.945684,0.0],[25.696344,44.945684,0.0],[25.696086,44.94576,0.0],[25.695892,44.945794,0.0],[25.695355,44.945796,0.0],[25.695248,44.945811,0.0],[25.694883,44.945952,0.0],[25.694711,44.946036,0.0],[25.694496,44.9461,0.0],[25.694185,44.946222,0.0],[25.694072,44.946283,0.0],[25.69397,44.946359,0.0],[25.693701,44.9465,0.0],[25.693551,44.946545,0.0],[25.693357,44.946575,0.0],[25.693164,44.946636,0.0],[25.692842,44.946643,0.0],[25.692476,44.946597,0.0],[25.692283,44.946589,0.0],[25.692143,44.946596,0.0],[25.691886,44.946664,0.0],[25.691606,44.946713,0.0],[25.691123,44.946754,0.0],[25.690833,44.946815,0.0],[25.690511,44.946864,0.0],[25.690016,44.946985,0.0],[25.689624,44.947107,0.0],[25.689383,44.947152,0.0],[25.688609,44.9472,0.0],[25.688416,44.947223,0.0],[25.688104,44.947302,0.0],[25.687959,44.947371,0.0],[25.687948,44.947474,0.0],[25.688077,44.947734,0.0],[25.688136,44.947902,0.0],[25.688152,44.948025,0.0],[25.688179,44.948116,0.0],[25.688243,44.94891,0.0],[25.688146,44.949307,0.0],[25.688167,44.949414,0.0],[25.688156,44.949582,0.0],[25.688081,44.949841,0.0],[25.688043,44.950127,0.0],[25.688102,44.951009,0.0],[25.688161,44.951269,0.0],[25.688139,44.951354,0.0],[25.688134,44.951376,0.0],[25.68801,44.951532,0.0],[25.687806,44.951688,0.0],[25.68721,44.952065,0.0],[25.686629,44.952384,0.0],[25.686457,44.95243,0.0],[25.686081,44.952383,0.0],[25.686028,44.952395,0.0],[25.686015,44.952428,0.0],[25.685899,44.952434,0.0],[25.685824,44.952473,0.0],[25.685675,44.952565,0.0],[25.685521,44.952689,0.0],[25.685447,44.952803,0.0],[25.685426,44.952865,0.0],[25.685384,44.952899,0.0],[25.685321,44.953068,0.0],[25.685317,44.953107,0.0],[25.685307,44.953194,0.0],[25.685266,44.953301,0.0],[25.685236,44.953523,0.0],[25.68521,44.953569,0.0],[25.685093,44.95368,0.0],[25.684999,44.953814,0.0],[25.684786,44.953976,0.0],[25.684561,44.954088,0.0],[25.684428,44.954138,0.0],[25.684193,44.954277,0.0],[25.68397,44.954473,0.0],[25.683832,44.954615,0.0],[25.683712,44.954867,0.0],[25.683692,44.954952,0.0],[25.683684,44.955166,0.0],[25.68375,44.955669,0.0],[25.683731,44.955853,0.0],[25.683684,44.95596,0.0],[25.683589,44.956098,0.0],[25.683323,44.956302,0.0],[25.683239,44.956401,0.0],[25.683,44.95676,0.0],[25.68291,44.957102,0.0],[25.682906,44.957194,0.0],[25.682945,44.957346,0.0],[25.682946,44.957423,0.0],[25.682916,44.95756,0.0],[25.682878,44.957636,0.0],[25.682901,44.957667,0.0],[25.682775,44.957863,0.0],[25.68276,44.957916,0.0],[25.682664,44.958009,0.0],[25.682598,44.958056,0.0],[25.682457,44.958118,0.0],[25.682136,44.958182,0.0],[25.681966,44.958249,0.0],[25.681748,44.958373,0.0],[25.681675,44.958454,0.0],[25.681649,44.958512,0.0],[25.681645,44.958588,0.0],[25.681712,44.958679,0.0],[25.68193,44.958829,0.0],[25.682283,44.959017,0.0],[25.682431,44.959138,0.0],[25.682454,44.959183,0.0],[25.682455,44.959244,0.0],[25.682365,44.959322,0.0],[25.681959,44.959429,0.0],[25.681725,44.959538,0.0],[25.681583,44.95965,0.0],[25.68152,44.959727,0.0],[25.681489,44.959812,0.0],[25.681487,44.959942,0.0],[25.681544,44.960079,0.0],[25.68166,44.960246,0.0],[25.682046,44.960669,0.0],[25.682096,44.960745,0.0],[25.682114,44.960837,0.0],[25.682111,44.960952,0.0],[25.682038,44.961082,0.0],[25.681964,44.961133,0.0],[25.681693,44.96125,0.0],[25.681655,44.96125,0.0],[25.681634,44.96127,0.0],[25.681527,44.961301,0.0],[25.681421,44.96136,0.0],[25.681332,44.961471,0.0],[25.681292,44.961594,0.0],[25.681268,44.961739,0.0],[25.681185,44.961847,0.0],[25.680994,44.961975,0.0],[25.680737,44.962039,0.0],[25.680605,44.96212,0.0],[25.680564,44.962193,0.0],[25.680554,44.962251,0.0],[25.680581,44.96251,0.0],[25.680524,44.962602,0.0],[25.680477,44.962649,0.0],[25.680249,44.962785,0.0],[25.680153,44.962812,0.0],[25.679697,44.96287,0.0],[25.679446,44.962953,0.0],[25.679132,44.963086,0.0],[25.678868,44.963291,0.0],[25.678616,44.963546,0.0],[25.678468,44.963721,0.0],[25.678374,44.963827,0.0],[25.678339,44.963915,0.0],[25.678375,44.964098,0.0],[25.678454,44.96425,0.0],[25.678483,44.964357,0.0],[25.678501,44.964464,0.0],[25.678482,44.964578,0.0],[25.678442,44.964678,0.0],[25.678347,44.964801,0.0],[25.678185,44.964979,0.0],[25.678011,44.965133,0.0],[25.677927,44.965249,0.0],[25.677849,44.965624,0.0],[25.677858,44.965761,0.0],[25.677818,44.965907,0.0],[25.677863,44.966227,0.0],[25.677903,44.966364,0.0],[25.678047,44.966561,0.0],[25.678305,44.966806,0.0],[25.678415,44.966902,0.0],[25.678657,44.967174,0.0],[25.678663,44.967205,0.0],[25.678797,44.967402,0.0],[25.678842,44.967508,0.0],[25.678846,44.967676,0.0],[25.678776,44.967914,0.0],[25.678758,44.968082,0.0],[25.678722,44.968159,0.0],[25.678744,44.968434,0.0],[25.67871,44.968587,0.0],[25.678605,44.968726,0.0],[25.67856,44.96886,0.0],[25.678579,44.968993,0.0],[25.678612,44.969039,0.0],[25.678658,44.96916,0.0],[25.678656,44.969329,0.0],[25.678608,44.969573,0.0],[25.678699,44.970077,0.0],[25.678603,44.970338,0.0],[25.678478,44.970514,0.0],[25.678369,44.970707,0.0],[25.678345,44.970814,0.0],[25.678328,44.971036,0.0],[25.678393,44.971325,0.0],[25.678495,44.971569,0.0],[25.678675,44.971911,0.0],[25.67903,44.972396,0.0],[25.67915,44.972761,0.0],[25.679164,44.972884,0.0],[25.679119,44.97306,0.0],[25.679083,44.973136,0.0],[25.678909,44.973295,0.0],[25.678895,44.973379,0.0],[25.678919,44.973467,0.0],[25.678968,44.973527,0.0],[25.679067,44.973599,0.0],[25.679252,44.9737,0.0],[25.67949,44.973809,0.0],[25.679709,44.973948,0.0],[25.679876,44.974003,0.0],[25.680119,44.974043,0.0],[25.680639,44.974206,0.0],[25.680823,44.974284,0.0],[25.681014,44.974397,0.0],[25.681271,44.974589,0.0],[25.681551,44.974899,0.0],[25.682024,44.975353,0.0],[25.682079,44.975431,0.0],[25.6823,44.975702,0.0],[25.6825,44.976005,0.0],[25.682785,44.976491,0.0],[25.682985,44.977009,0.0],[25.682991,44.97707,0.0],[25.683212,44.977587,0.0],[25.683228,44.977832,0.0],[25.683204,44.977954,0.0],[25.683196,44.978076,0.0],[25.683208,44.978122,0.0],[25.683253,44.978198,0.0],[25.683477,44.978379,0.0],[25.683532,44.978455,0.0],[25.683584,44.978623,0.0],[25.683577,44.978791,0.0],[25.683531,44.978887,0.0],[25.683464,44.979258,0.0],[25.683398,44.97945,0.0],[25.683353,44.979817,0.0],[25.683323,44.979932,0.0],[25.683215,44.980147,0.0],[25.683027,44.980423,0.0],[25.682945,44.980573,0.0],[25.682808,44.980968,0.0],[25.68279,44.981614,0.0],[25.682811,44.981824,0.0],[25.682809,44.982221,0.0],[25.682824,44.982419,0.0],[25.682873,44.982694,0.0],[25.682874,44.982877,0.0],[25.682863,44.983229,0.0],[25.682809,44.983474,0.0],[25.682821,44.98352,0.0],[25.682673,44.983888,0.0],[25.68245,44.984261,0.0],[25.682277,44.984469,0.0],[25.68197,44.984903,0.0],[25.681724,44.985196,0.0],[25.681468,44.98555,0.0],[25.681421,44.985596,0.0],[25.681124,44.986042,0.0],[25.681052,44.986181,0.0],[25.680966,44.986441,0.0],[25.680792,44.98684,0.0],[25.680681,44.987155,0.0],[25.680555,44.987813,0.0],[25.680543,44.987996,0.0],[25.680561,44.988821,0.0],[25.680529,44.989051,0.0],[25.680483,44.989173,0.0],[25.680347,44.989335,0.0],[25.680285,44.989443,0.0],[25.680152,44.98991,0.0],[25.68008,44.990178,0.0],[25.67975,44.990548,0.0],[25.679564,44.990661,0.0],[25.679441,44.990704,0.0],[25.679165,44.99086,0.0],[25.679021,44.990922,0.0],[25.678947,44.990988,0.0],[25.678858,44.991107,0.0],[25.678812,44.991184,0.0],[25.678778,44.991352,0.0],[25.67881,44.991581,0.0],[25.678804,44.991811,0.0],[25.678769,44.991926,0.0],[25.678727,44.991979,0.0],[25.678611,44.992068,0.0],[25.678472,44.992123,0.0],[25.678257,44.992114,0.0],[25.678156,44.992157,0.0],[25.677912,44.992324,0.0],[25.677669,44.99254,0.0],[25.677361,44.992688,0.0],[25.677281,44.992708,0.0],[25.677073,44.992806,0.0],[25.676968,44.992921,0.0],[25.676892,44.993121,0.0],[25.676642,44.99352,0.0],[25.676592,44.993674,0.0],[25.676607,44.993888,0.0],[25.676683,44.994131,0.0],[25.676727,44.994222,0.0],[25.677016,44.994617,0.0],[25.677195,44.994936,0.0],[25.677377,44.995148,0.0],[25.677606,44.995306,0.0],[25.677709,44.995355,0.0],[25.677906,44.995487,0.0],[25.67829,44.995842,0.0],[25.678367,44.995933,0.0],[25.67844,44.996069,0.0],[25.678466,44.996268,0.0],[25.678469,44.99639,0.0],[25.678548,44.996573,0.0],[25.678735,44.996747,0.0],[25.678779,44.996822,0.0],[25.678811,44.997051,0.0],[25.678781,44.997143,0.0],[25.678724,44.997228,0.0],[25.678529,44.997402,0.0],[25.678256,44.997737,0.0],[25.67794,44.998042,0.0],[25.677862,44.998157,0.0],[25.677837,44.99823,0.0],[25.677833,44.998322,0.0],[25.677856,44.998367,0.0],[25.67796,44.998473,0.0],[25.677999,44.998534,0.0],[25.678008,44.998687,0.0],[25.677945,44.998985,0.0],[25.677771,44.999407,0.0],[25.677701,44.999724,0.0],[25.677624,44.99993,0.0],[25.677659,45.000094,0.0],[25.677738,45.000217,0.0],[25.677774,45.000308,0.0],[25.677896,45.000462,0.0],[25.677954,45.000565,0.0],[25.678257,45.000854,0.0],[25.678335,45.001022,0.0],[25.678322,45.001175,0.0],[25.678239,45.00138,0.0],[25.678167,45.001502,0.0],[25.677844,45.00235,0.0],[25.677825,45.002514,0.0],[25.677803,45.002575,0.0],[25.677832,45.00285,0.0],[25.678018,45.003386,0.0],[25.678058,45.003645,0.0],[25.678109,45.003814,0.0],[25.678235,45.004074,0.0],[25.678263,45.004364,0.0],[25.678249,45.004593,0.0],[25.678176,45.004864,0.0],[25.678192,45.00489,0.0],[25.678176,45.005241,0.0],[25.678063,45.00563,0.0],[25.677938,45.006155,0.0],[25.677776,45.006597,0.0],[25.677517,45.007076,0.0],[25.677368,45.00735,0.0],[25.677223,45.007722,0.0],[25.677184,45.007783,0.0],[25.677124,45.007852,0.0],[25.676983,45.007965,0.0],[25.676825,45.008132,0.0],[25.676537,45.00834,0.0],[25.676227,45.008589,0.0],[25.675633,45.009169,0.0],[25.67555,45.009275,0.0],[25.675512,45.009366,0.0],[25.6755,45.009435,0.0],[25.675504,45.009496,0.0],[25.675509,45.009557,0.0],[25.675583,45.009649,0.0],[25.675705,45.009749,0.0],[25.675811,45.009933,0.0],[25.675953,45.010102,0.0],[25.676113,45.010256,0.0],[25.676177,45.010298,0.0],[25.676573,45.010469,0.0],[25.676722,45.01055,0.0],[25.676822,45.010704,0.0],[25.676921,45.010926,0.0],[25.676974,45.010987,0.0],[25.677178,45.011069,0.0],[25.677398,45.011101,0.0],[25.677543,45.011136,0.0],[25.67774,45.011221,0.0],[25.677836,45.011291,0.0],[25.678005,45.011521,0.0],[25.678116,45.01172,0.0],[25.678401,45.012134,0.0],[25.678814,45.01258,0.0],[25.678893,45.012718,0.0],[25.678945,45.012871,0.0],[25.679019,45.012978,0.0],[25.679136,45.013086,0.0],[25.679338,45.013209,0.0],[25.679611,45.013306,0.0],[25.679832,45.013323,0.0],[25.679939,45.013309,0.0],[25.680026,45.013283,0.0],[25.680171,45.01328,0.0],[25.68024,45.013292,0.0],[25.680413,45.013304,0.0],[25.680595,45.013367,0.0],[25.680718,45.013436,0.0],[25.68091,45.013579,0.0],[25.680984,45.013656,0.0],[25.681052,45.013793,0.0],[25.681062,45.013885,0.0],[25.680999,45.014121,0.0],[25.681007,45.01432,0.0],[25.681065,45.014458,0.0],[25.681202,45.014642,0.0],[25.681266,45.014703,0.0],[25.681388,45.014777,0.0],[25.681694,45.014863,0.0],[25.681952,45.014903,0.0],[25.68221,45.014897,0.0],[25.68251,45.014971,0.0],[25.682606,45.015029,0.0],[25.682654,45.015075,0.0],[25.68276,45.015202,0.0],[25.682818,45.015309,0.0],[25.683083,45.015571,0.0],[25.683131,45.015647,0.0],[25.683118,45.015815,0.0],[25.683176,45.015892,0.0],[25.68325,45.015934,0.0],[25.683641,45.016067,0.0],[25.683775,45.016148,0.0],[25.683822,45.016224,0.0],[25.683832,45.016301,0.0],[25.683771,45.016442,0.0],[25.683719,45.016674,0.0],[25.68375,45.016789,0.0],[25.683792,45.016865,0.0],[25.684024,45.017203,0.0],[25.684221,45.017753,0.0],[25.684215,45.017799,0.0],[25.684262,45.017952,0.0],[25.684237,45.018158,0.0],[25.684241,45.018311,0.0],[25.684277,45.018403,0.0],[25.684399,45.018541,0.0],[25.684634,45.018699,0.0],[25.684756,45.01881,0.0],[25.684867,45.018979,0.0],[25.684924,45.019147,0.0],[25.685003,45.019285,0.0],[25.685087,45.019393,0.0],[25.685305,45.019577,0.0],[25.685561,45.019739,0.0],[25.685623,45.019795,0.0],[25.685833,45.019947,0.0],[25.685952,45.020015,0.0],[25.686008,45.020026,0.0],[25.686094,45.020072,0.0],[25.68647,45.020073,0.0],[25.686642,45.0201,0.0],[25.686814,45.02015,0.0],[25.686921,45.020211,0.0],[25.687071,45.020273,0.0],[25.6872,45.0203,0.0],[25.687372,45.020304,0.0],[25.68748,45.020335,0.0],[25.687571,45.020419,0.0],[25.687544,45.02048,0.0],[25.687405,45.020603,0.0],[25.687182,45.02083,0.0],[25.686972,45.021009,0.0],[25.686783,45.021249,0.0],[25.686588,45.021428,0.0],[25.686486,45.021485,0.0],[25.686281,45.021656,0.0],[25.686146,45.021725,0.0],[25.685951,45.021846,0.0],[25.685765,45.021832,0.0],[25.685484,45.021914,0.0],[25.685203,45.02203,0.0],[25.68498,45.022193,0.0],[25.684848,45.02239,0.0],[25.684673,45.022603,0.0],[25.684431,45.022998,0.0],[25.684293,45.023275,0.0],[25.684293,45.023302,0.0],[25.684216,45.023424,0.0],[25.684215,45.023469,0.0],[25.684122,45.023591,0.0],[25.684049,45.023774,0.0],[25.683973,45.02388,0.0],[25.683972,45.023941,0.0],[25.683939,45.023956,0.0],[25.683953,45.024139,0.0],[25.684069,45.024346,0.0],[25.684202,45.024473,0.0],[25.684452,45.024654,0.0],[25.684548,45.024742,0.0],[25.684617,45.024819,0.0],[25.68469,45.024938,0.0],[25.684737,45.025076,0.0],[25.684746,45.025228,0.0],[25.684655,45.025611,0.0],[25.684615,45.025769,0.0],[25.684608,45.025876,0.0],[25.684654,45.026021,0.0],[25.68469,45.026058,0.0],[25.684728,45.026156,0.0],[25.684865,45.026366,0.0],[25.685203,45.026827,0.0],[25.685245,45.026918,0.0],[25.68552,45.027317,0.0],[25.685635,45.027547,0.0],[25.685877,45.027934,0.0],[25.685914,45.027965,0.0],[25.685962,45.028056,0.0],[25.686105,45.028157,0.0],[25.68617,45.028172,0.0],[25.686309,45.028238,0.0],[25.686427,45.02833,0.0],[25.686465,45.028379,0.0],[25.686582,45.028746,0.0],[25.686635,45.028853,0.0],[25.686903,45.029129,0.0],[25.687112,45.029247,0.0],[25.687397,45.029347,0.0],[25.68767,45.029478,0.0],[25.68782,45.029612,0.0],[25.687917,45.029734,0.0],[25.688062,45.029834,0.0],[25.688169,45.029884,0.0],[25.688389,45.029945,0.0],[25.688647,45.029965,0.0],[25.689056,45.029974,0.0],[25.689228,45.029963,0.0],[25.689378,45.029971,0.0],[25.689938,45.029964,0.0],[25.690196,45.029934,0.0],[25.690411,45.029889,0.0],[25.690799,45.029745,0.0],[25.690949,45.029707,0.0],[25.691165,45.029631,0.0],[25.691423,45.029586,0.0],[25.691595,45.029571,0.0],[25.691703,45.029579,0.0],[25.692133,45.029561,0.0],[25.692434,45.029581,0.0],[25.693079,45.029598,0.0],[25.693208,45.029621,0.0],[25.693401,45.02969,0.0],[25.6936,45.029817,0.0],[25.69374,45.029867,0.0],[25.693911,45.029951,0.0],[25.694142,45.030104,0.0],[25.694624,45.030483,0.0],[25.695188,45.030832,0.0],[25.695413,45.030997,0.0],[25.695649,45.031226,0.0],[25.695749,45.031368,0.0],[25.695841,45.031502,0.0],[25.695894,45.03167,0.0],[25.695969,45.031807,0.0],[25.696167,45.031983,0.0],[25.696302,45.03206,0.0],[25.696575,45.032179,0.0],[25.696608,45.032206,0.0],[25.696737,45.032225,0.0],[25.697274,45.032383,0.0],[25.697553,45.032429,0.0],[25.697897,45.032529,0.0],[25.698047,45.03256,0.0],[25.698155,45.032568,0.0],[25.698563,45.032672,0.0],[25.698756,45.032783,0.0],[25.699078,45.033051,0.0],[25.699464,45.033304,0.0],[25.699802,45.033626,0.0],[25.699904,45.033702,0.0],[25.700043,45.033787,0.0],[25.70022,45.033871,0.0],[25.70051,45.03399,0.0],[25.70072,45.034036,0.0],[25.700913,45.034056,0.0],[25.701231,45.034057,0.0],[25.701494,45.034034,0.0],[25.701881,45.034035,0.0],[25.702054,45.034047,0.0],[25.702204,45.034047,0.0],[25.702269,45.034036,0.0],[25.702484,45.034056,0.0],[25.703021,45.034137,0.0],[25.703172,45.034137,0.0],[25.703624,45.034089,0.0],[25.703839,45.034093,0.0],[25.704054,45.034139,0.0],[25.704091,45.03417,0.0],[25.70408,45.034246,0.0],[25.703881,45.034387,0.0],[25.703601,45.03452,0.0],[25.703148,45.034775,0.0],[25.702927,45.034854,0.0],[25.702713,45.034889,0.0],[25.702631,45.034915,0.0],[25.702459,45.034926,0.0],[25.702244,45.034899,0.0],[25.70219,45.03491,0.0],[25.701825,45.034848,0.0],[25.701653,45.03484,0.0],[25.701405,45.034901,0.0],[25.70119,45.034988,0.0],[25.701001,45.035125,0.0],[25.700888,45.03527,0.0],[25.700844,45.035396,0.0],[25.700849,45.035567,0.0],[25.701014,45.036087,0.0],[25.701024,45.036209,0.0],[25.701066,45.036377,0.0],[25.701205,45.036698,0.0],[25.701221,45.03679,0.0],[25.701381,45.037172,0.0],[25.701418,45.037309,0.0],[25.701294,45.03745,0.0],[25.701159,45.037519,0.0],[25.701073,45.037538,0.0],[25.700901,45.037549,0.0],[25.70075,45.037533,0.0],[25.700578,45.037536,0.0],[25.700438,45.03757,0.0],[25.70032,45.037612,0.0],[25.700223,45.037665,0.0],[25.700136,45.037768,0.0],[25.700093,45.037864,0.0],[25.700093,45.037925,0.0],[25.70006,45.038005,0.0],[25.70006,45.038077,0.0],[25.700135,45.03823,0.0],[25.700129,45.038307,0.0],[25.700031,45.038619,0.0],[25.699939,45.038818,0.0],[25.69982,45.038966,0.0],[25.699351,45.039351,0.0],[25.699227,45.039495,0.0],[25.699205,45.039564,0.0],[25.699194,45.039717,0.0],[25.699241,45.039931,0.0],[25.699337,45.040236,0.0],[25.69939,45.040328,0.0],[25.699467,45.040543,0.0],[25.699534,45.04071,0.0],[25.699598,45.04097,0.0],[25.699667,45.041107,0.0],[25.699699,45.04126,0.0],[25.699736,45.041306,0.0],[25.699726,45.041329,0.0],[25.699734,45.041362,0.0],[25.69975,45.041481,0.0],[25.699788,45.041557,0.0],[25.699793,45.041634,0.0],[25.699836,45.04171,0.0],[25.699884,45.041909,0.0],[25.700083,45.042275,0.0],[25.700244,45.042489,0.0],[25.700635,45.042917,0.0],[25.700753,45.04307,0.0],[25.700941,45.043269,0.0],[25.701043,45.043406,0.0],[25.70114,45.043498,0.0],[25.701515,45.044002,0.0],[25.70159,45.044155,0.0],[25.701713,45.044491,0.0],[25.701735,45.044613,0.0],[25.701723,45.044888,0.0],[25.701696,45.044965,0.0],[25.701562,45.045178,0.0],[25.701363,45.045346,0.0],[25.701104,45.045464,0.0],[25.700911,45.045571,0.0],[25.700491,45.045761,0.0],[25.699986,45.046101,0.0],[25.699862,45.046169,0.0],[25.699587,45.046287,0.0],[25.699383,45.046398,0.0],[25.698775,45.046794,0.0],[25.698291,45.047134,0.0],[25.697882,45.047442,0.0],[25.69773,45.047578,0.0],[25.697575,45.047713,0.0],[25.69743,45.04787,0.0],[25.697322,45.048014,0.0],[25.697219,45.048205,0.0],[25.697176,45.048339,0.0],[25.697171,45.048503,0.0],[25.697138,45.048694,0.0],[25.697186,45.048847,0.0],[25.697181,45.048954,0.0],[25.697137,45.049076,0.0],[25.696981,45.04935,0.0],[25.696287,45.050037,0.0],[25.695791,45.050495,0.0],[25.695511,45.050784,0.0],[25.695108,45.05115,0.0],[25.695048,45.051227,0.0],[25.694747,45.051524,0.0],[25.694628,45.051685,0.0],[25.694553,45.051761,0.0],[25.694338,45.051921,0.0],[25.694187,45.052012,0.0],[25.694112,45.052096,0.0],[25.694004,45.052184,0.0],[25.693605,45.052661,0.0],[25.693449,45.052932,0.0],[25.693368,45.053111,0.0],[25.693308,45.053569,0.0],[25.693222,45.05379,0.0],[25.693184,45.053936,0.0],[25.693119,45.05408,0.0],[25.693083,45.054325,0.0],[25.693065,45.054416,0.0],[25.693054,45.054745,0.0],[25.693064,45.054875,0.0],[25.693107,45.055058,0.0],[25.693101,45.055218,0.0],[25.692983,45.055447,0.0],[25.692826,45.055661,0.0],[25.692794,45.055752,0.0],[25.692703,45.055852,0.0],[25.692543,45.055968,0.0],[25.692476,45.056031,0.0],[25.692304,45.056141,0.0],[25.692041,45.056282,0.0],[25.691901,45.056332,0.0],[25.691675,45.056377,0.0],[25.691589,45.056366,0.0],[25.691481,45.056381,0.0],[25.691223,45.056388,0.0],[25.690922,45.056323,0.0],[25.69046,45.056315,0.0],[25.689922,45.056417,0.0],[25.689718,45.056471,0.0],[25.689535,45.056531,0.0],[25.689223,45.05668,0.0],[25.68883,45.056955,0.0],[25.688518,45.057225,0.0],[25.688114,45.057656,0.0],[25.687758,45.057996,0.0],[25.68757,45.058221,0.0],[25.687403,45.058465,0.0],[25.686869,45.059144,0.0],[25.686374,45.059853,0.0],[25.686094,45.060416,0.0],[25.685999,45.060507,0.0],[25.685901,45.060608,0.0],[25.685833,45.060764,0.0],[25.685715,45.060917,0.0],[25.685673,45.061009,0.0],[25.685583,45.061139,0.0],[25.685535,45.061254,0.0],[25.685492,45.061296,0.0],[25.685476,45.061353,0.0],[25.684822,45.062332,0.0],[25.684631,45.062722,0.0],[25.684492,45.062917,0.0],[25.684359,45.063151,0.0],[25.684093,45.06351,0.0],[25.683815,45.063759,0.0],[25.683602,45.064054,0.0],[25.683516,45.064145,0.0],[25.683266,45.064505,0.0],[25.683112,45.064765,0.0],[25.682936,45.065017,0.0],[25.682697,45.065461,0.0],[25.682415,45.065927,0.0],[25.68232,45.066126,0.0],[25.682181,45.066314,0.0],[25.68215,45.066394,0.0],[25.682086,45.066463,0.0],[25.681767,45.067044,0.0],[25.681548,45.067323,0.0],[25.681428,45.067512,0.0],[25.681064,45.068061,0.0],[25.680825,45.068489,0.0],[25.680649,45.068754,0.0],[25.680383,45.069147,0.0],[25.68026,45.069293,0.0],[25.679908,45.069798,0.0],[25.679739,45.070126,0.0],[25.67935,45.07067,0.0],[25.679116,45.071082,0.0],[25.67886,45.071434,0.0],[25.678769,45.071572,0.0],[25.678759,45.071618,0.0],[25.678732,45.071637,0.0],[25.678674,45.07174,0.0],[25.678487,45.071993,0.0],[25.678179,45.072559,0.0],[25.678008,45.072757,0.0],[25.677805,45.072945,0.0],[25.67773,45.073048,0.0],[25.677667,45.073171,0.0],[25.677491,45.073431,0.0],[25.677481,45.073469,0.0],[25.677305,45.07371,0.0],[25.677161,45.073974,0.0],[25.676959,45.074264,0.0],[25.676094,45.075657,0.0],[25.67598,45.075863,0.0],[25.675692,45.076291,0.0],[25.675596,45.076467,0.0],[25.675309,45.076911,0.0],[25.675192,45.077125,0.0],[25.675038,45.077354,0.0],[25.674537,45.078188,0.0],[25.67449,45.078302,0.0],[25.674495,45.078333,0.0],[25.674411,45.078623,0.0],[25.674284,45.078918,0.0],[25.674126,45.079365,0.0],[25.674121,45.079449,0.0],[25.674143,45.07954,0.0],[25.674372,45.079921,0.0],[25.6746,45.080196,0.0],[25.674752,45.08034,0.0],[25.675173,45.080798,0.0],[25.674476,45.080933,0.0],[25.674423,45.080952,0.0],[25.674293,45.08096,0.0],[25.673906,45.081022,0.0],[25.673434,45.081157,0.0],[25.672832,45.081395,0.0],[25.672586,45.081533,0.0],[25.672357,45.081703,0.0],[25.672163,45.081855,0.0],[25.671997,45.082008,0.0],[25.671885,45.082123,0.0],[25.671799,45.082242,0.0],[25.671742,45.08244,0.0],[25.671665,45.082915,0.0],[25.671619,45.083056,0.0],[25.671584,45.083162,0.0],[25.671597,45.083422,0.0],[25.67156,45.083464,0.0],[25.671502,45.083503,0.0],[25.671406,45.083535,0.0],[25.671133,45.083566,0.0],[25.670928,45.083557,0.0],[25.67082,45.08354,0.0],[25.670516,45.083452,0.0],[25.670124,45.083294,0.0],[25.669745,45.083053,0.0],[25.669537,45.082873,0.0],[25.669375,45.082797,0.0],[25.669365,45.082782,0.0],[25.669105,45.082668,0.0],[25.669084,45.082672,0.0],[25.669046,45.082653,0.0],[25.668922,45.08263,0.0],[25.668425,45.082387,0.0],[25.668091,45.082293,0.0],[25.667983,45.082301,0.0],[25.667908,45.082328,0.0],[25.667661,45.082443,0.0],[25.667516,45.082535,0.0],[25.66735,45.082615,0.0],[25.667318,45.082619,0.0],[25.667189,45.082684,0.0],[25.667049,45.082727,0.0],[25.666985,45.082765,0.0],[25.666705,45.08286,0.0],[25.666534,45.082926,0.0],[25.666405,45.082961,0.0],[25.666271,45.083015,0.0],[25.66615,45.083059,0.0],[25.665751,45.083176,0.0],[25.665635,45.083242,0.0],[25.665493,45.083359,0.0],[25.665387,45.083425,0.0],[25.665201,45.083493,0.0],[25.664952,45.083611,0.0],[25.664789,45.083743,0.0],[25.664694,45.083832,0.0],[25.664549,45.084006,0.0],[25.664488,45.08411,0.0],[25.664402,45.084298,0.0],[25.66428,45.084654,0.0],[25.664208,45.084843,0.0],[25.664024,45.085147,0.0],[25.663974,45.085277,0.0],[25.663872,45.085661,0.0],[25.663846,45.085676,0.0],[25.663821,45.085753,0.0],[25.663709,45.085945,0.0],[25.663683,45.085984,0.0],[25.663347,45.086256,0.0],[25.663279,45.086337,0.0],[25.663193,45.086498,0.0],[25.663193,45.086525,0.0],[25.663115,45.086606,0.0],[25.662898,45.086732,0.0],[25.662505,45.086886,0.0],[25.662287,45.086992,0.0],[25.662171,45.08707,0.0],[25.662045,45.087186,0.0],[25.661633,45.087417,0.0],[25.660602,45.087867,0.0],[25.65984,45.08813,0.0],[25.659553,45.088248,0.0],[25.659405,45.088327,0.0],[25.659199,45.088463,0.0],[25.659152,45.08851,0.0],[25.658994,45.088603,0.0],[25.658757,45.088782,0.0],[25.658583,45.088922,0.0],[25.658432,45.089073,0.0],[25.658311,45.089155,0.0],[25.658085,45.089341,0.0],[25.65775,45.089659,0.0],[25.657604,45.089833,0.0],[25.657446,45.089976,0.0],[25.657285,45.090124,0.0],[25.657115,45.09021,0.0],[25.656832,45.090283,0.0],[25.656569,45.090309,0.0],[25.656393,45.090346,0.0],[25.656259,45.09036,0.0],[25.656077,45.090404,0.0],[25.655737,45.090546,0.0],[25.654834,45.090963,0.0],[25.654493,45.091067,0.0],[25.65384,45.091176,0.0],[25.653474,45.091185,0.0],[25.653171,45.091128,0.0],[25.652952,45.090997,0.0],[25.65277,45.090862,0.0],[25.65237,45.09062,0.0],[25.652239,45.090553,0.0],[25.652131,45.090535,0.0],[25.652002,45.090541,0.0],[25.651768,45.090624,0.0],[25.651587,45.090707,0.0],[25.651297,45.090917,0.0],[25.651105,45.090973,0.0],[25.650902,45.091007,0.0],[25.650585,45.091034,0.0],[25.650154,45.091025,0.0],[25.649917,45.091005,0.0],[25.649605,45.091017,0.0],[25.649433,45.091042,0.0],[25.649316,45.091074,0.0],[25.649104,45.091184,0.0],[25.648815,45.091249,0.0],[25.648557,45.091253,0.0],[25.648362,45.091217,0.0],[25.648188,45.091155,0.0],[25.648002,45.091035,0.0],[25.647936,45.09101,0.0],[25.647741,45.090959,0.0],[25.647525,45.090943,0.0],[25.647375,45.090937,0.0],[25.646335,45.09073,0.0],[25.645991,45.090723,0.0],[25.645808,45.090734,0.0],[25.645604,45.090763,0.0],[25.645156,45.090876,0.0],[25.644974,45.090909,0.0],[25.644823,45.090919,0.0],[25.644606,45.090869,0.0],[25.644563,45.090869,0.0],[25.644414,45.090898,0.0],[25.644276,45.090972,0.0],[25.644206,45.091038,0.0],[25.643992,45.091194,0.0],[25.643833,45.091276,0.0],[25.64346,45.091423,0.0],[25.64322,45.091495,0.0],[25.642387,45.091533,0.0],[25.641788,45.091644,0.0],[25.641435,45.091733,0.0],[25.641285,45.091758,0.0],[25.64047,45.091842,0.0],[25.640063,45.09192,0.0],[25.639914,45.09196,0.0],[25.639773,45.091977,0.0],[25.639764,45.091978,0.0],[25.639684,45.092013,0.0],[25.639658,45.092052,0.0],[25.639621,45.092251,0.0],[25.639591,45.092877,0.0],[25.639553,45.093061,0.0],[25.639484,45.093253,0.0],[25.639396,45.093384,0.0],[25.639287,45.0935,0.0],[25.639039,45.09369,0.0],[25.638775,45.093847,0.0],[25.638622,45.093959,0.0],[25.638471,45.094126,0.0],[25.638223,45.094469,0.0],[25.638141,45.094623,0.0],[25.638122,45.094707,0.0],[25.638149,45.094875,0.0],[25.638212,45.095011,0.0],[25.638199,45.095118,0.0],[25.638154,45.095226,0.0],[25.638096,45.095471,0.0],[25.638011,45.095686,0.0],[25.63786,45.095962,0.0],[25.637776,45.096117,0.0],[25.637617,45.096539,0.0],[25.637349,45.096962,0.0],[25.637224,45.097102,0.0],[25.637087,45.097203,0.0],[25.6368,45.097306,0.0],[25.636502,45.097451,0.0],[25.636412,45.097502,0.0],[25.636329,45.097576,0.0],[25.636276,45.09763,0.0],[25.636241,45.097695,0.0],[25.636198,45.097894,0.0],[25.636191,45.098009,0.0],[25.636161,45.098101,0.0],[25.636135,45.098128,0.0],[25.636045,45.09819,0.0],[25.635763,45.098301,0.0],[25.63541,45.098382,0.0],[25.63508,45.098505,0.0],[25.63489,45.098611,0.0],[25.634674,45.09879,0.0],[25.634514,45.099009,0.0],[25.634474,45.099117,0.0],[25.634477,45.099224,0.0],[25.634562,45.099528,0.0],[25.634583,45.100054,0.0],[25.634635,45.100176,0.0],[25.634814,45.100433,0.0],[25.635075,45.101056,0.0],[25.635131,45.101314,0.0],[25.63511,45.101341,0.0],[25.635067,45.101506,0.0],[25.634965,45.101691,0.0],[25.634894,45.101867,0.0],[25.634647,45.102245,0.0],[25.634608,45.102346,0.0],[25.634541,45.102468,0.0],[25.634432,45.102782,0.0],[25.634386,45.102867,0.0],[25.634279,45.103254,0.0],[25.634234,45.103571,0.0],[25.634187,45.103778,0.0],[25.634187,45.104526,0.0],[25.634168,45.104618,0.0],[25.634095,45.1047,0.0],[25.634026,45.104716,0.0],[25.634004,45.104708,0.0],[25.633945,45.104721,0.0],[25.633778,45.104719,0.0],[25.633607,45.104752,0.0],[25.633421,45.104831,0.0],[25.633263,45.104951,0.0],[25.633141,45.105018,0.0],[25.632534,45.105221,0.0],[25.632135,45.105406,0.0],[25.631922,45.105478,0.0],[25.631425,45.105584,0.0],[25.631274,45.10559,0.0],[25.630994,45.105571,0.0],[25.630886,45.10558,0.0],[25.630498,45.10557,0.0],[25.630283,45.105576,0.0],[25.629963,45.105669,0.0],[25.629662,45.105883,0.0],[25.629539,45.105911,0.0],[25.629087,45.10591,0.0],[25.628679,45.105927,0.0],[25.628355,45.105912,0.0],[25.628183,45.105933,0.0],[25.627991,45.105978,0.0],[25.627863,45.106033,0.0],[25.627495,45.106306,0.0],[25.627427,45.106371,0.0],[25.627321,45.10643,0.0],[25.627209,45.10647,0.0],[25.627059,45.10651,0.0],[25.62678,45.106552,0.0],[25.626156,45.106545,0.0],[25.625791,45.106588,0.0],[25.625479,45.106597,0.0],[25.625414,45.106582,0.0],[25.625296,45.106588,0.0],[25.624928,45.106539,0.0],[25.624603,45.106448,0.0],[25.624322,45.106425,0.0],[25.624172,45.106439,0.0],[25.623979,45.10648,0.0],[25.623807,45.106493,0.0],[25.623663,45.106526,0.0],[25.623481,45.106596,0.0],[25.623365,45.106624,0.0],[25.623319,45.106701,0.0],[25.623321,45.106739,0.0],[25.623404,45.106814,0.0],[25.623421,45.106825,0.0],[25.623489,45.106841,0.0],[25.623644,45.106984,0.0],[25.623737,45.107036,0.0],[25.62378,45.107043,0.0],[25.623846,45.107077,0.0],[25.624028,45.107231,0.0],[25.624099,45.107264,0.0],[25.624292,45.107403,0.0],[25.624423,45.107477,0.0],[25.624677,45.10768,0.0],[25.624755,45.107786,0.0],[25.624761,45.107816,0.0],[25.624707,45.10797,0.0],[25.624588,45.108155,0.0],[25.62441,45.108325,0.0],[25.624267,45.108407,0.0],[25.624113,45.108471,0.0],[25.62359,45.108638,0.0],[25.623508,45.10867,0.0],[25.6235,45.108673,0.0],[25.623418,45.10868,0.0],[25.623364,45.1087,0.0],[25.623334,45.108754,0.0],[25.623325,45.108819,0.0],[25.623313,45.109274,0.0],[25.623286,45.109427,0.0],[25.623277,45.109641,0.0],[25.623313,45.110068,0.0],[25.623304,45.110434,0.0],[25.623314,45.110651,0.0],[25.62334,45.111197,0.0],[25.6233,45.111801,0.0],[25.623303,45.112198,0.0],[25.623261,45.11239,0.0],[25.623162,45.112572,0.0],[25.623038,45.112805,0.0],[25.622887,45.112972,0.0],[25.62274,45.113081,0.0],[25.622296,45.113363,0.0],[25.622218,45.113437,0.0],[25.622151,45.113537,0.0],[25.622131,45.113583,0.0],[25.622046,45.114089,0.0],[25.621983,45.114303,0.0],[25.621834,45.114542,0.0],[25.621777,45.114604,0.0],[25.621611,45.114779,0.0],[25.62128,45.115044,0.0],[25.621182,45.115163,0.0],[25.621132,45.115286,0.0],[25.621088,45.115577,0.0],[25.620998,45.115815,0.0],[25.620767,45.11614,0.0],[25.620662,45.116244,0.0],[25.620482,45.116495,0.0],[25.620376,45.116703,0.0],[25.620353,45.116826,0.0],[25.620313,45.116926,0.0],[25.620165,45.117157,0.0],[25.620041,45.117289,0.0],[25.619796,45.117568,0.0],[25.619599,45.117823,0.0],[25.619478,45.11805,0.0],[25.61935,45.118422,0.0],[25.619309,45.118484,0.0],[25.619296,45.118582,0.0],[25.619162,45.118754,0.0],[25.618923,45.11896,0.0],[25.61859,45.119068,0.0],[25.618309,45.119057,0.0],[25.618137,45.119067,0.0],[25.617915,45.119174,0.0],[25.617487,45.119459,0.0],[25.617296,45.119535,0.0],[25.616879,45.119641,0.0],[25.616842,45.119645,0.0],[25.616776,45.119631,0.0],[25.61668,45.119651,0.0],[25.616208,45.119701,0.0],[25.615984,45.119788,0.0],[25.615691,45.120037,0.0],[25.615347,45.120394,0.0],[25.615215,45.120495,0.0],[25.61492,45.120683,0.0],[25.614616,45.120799,0.0],[25.614458,45.120885,0.0],[25.614374,45.120951,0.0],[25.614316,45.121013,0.0],[25.614271,45.121098,0.0],[25.614228,45.121267,0.0],[25.614113,45.121536,0.0],[25.614059,45.121712,0.0],[25.613951,45.121859,0.0],[25.613836,45.121956,0.0],[25.613597,45.122082,0.0],[25.613345,45.122105,0.0],[25.613099,45.122155,0.0],[25.612572,45.122209,0.0],[25.612176,45.122292,0.0],[25.611974,45.122363,0.0],[25.611695,45.122555,0.0],[25.61145,45.122807,0.0],[25.611374,45.122953,0.0],[25.611199,45.123217,0.0],[25.610998,45.123501,0.0],[25.610773,45.123703,0.0],[25.610583,45.123832,0.0],[25.610452,45.123941,0.0],[25.61031,45.124027,0.0],[25.610188,45.124083,0.0],[25.610027,45.124123,0.0],[25.609801,45.124135,0.0],[25.60952,45.124108,0.0],[25.608826,45.123986,0.0],[25.608718,45.123984,0.0],[25.608649,45.123996,0.0],[25.608585,45.124032,0.0],[25.608554,45.124066,0.0],[25.608535,45.124143,0.0],[25.60852,45.124162,0.0],[25.608482,45.124163,0.0],[25.608389,45.12413,0.0],[25.608256,45.124014,0.0],[25.608212,45.123992,0.0],[25.608059,45.123937,0.0],[25.607951,45.123931,0.0],[25.607908,45.123935,0.0],[25.607845,45.123963,0.0],[25.607771,45.124014,0.0],[25.607625,45.12418,0.0],[25.607515,45.124274,0.0],[25.60741,45.124333,0.0],[25.607318,45.124345,0.0],[25.607231,45.12432,0.0],[25.607137,45.124249,0.0],[25.606979,45.124171,0.0],[25.606827,45.124155,0.0],[25.606506,45.124217,0.0],[25.606376,45.124215,0.0],[25.606137,45.124158,0.0],[25.606028,45.124098,0.0],[25.605761,45.124046,0.0],[25.605687,45.124073,0.0],[25.605625,45.124139,0.0],[25.605519,45.124355,0.0],[25.605486,45.124347,0.0],[25.605412,45.124375,0.0],[25.605326,45.124384,0.0],[25.605108,45.124334,0.0],[25.605049,45.124343,0.0],[25.605007,45.124366,0.0],[25.6049,45.124536,0.0],[25.604923,45.124597,0.0],[25.604879,45.124712,0.0],[25.604851,45.124836,0.0],[25.604877,45.124989,0.0],[25.60486,45.125111,0.0],[25.604805,45.125171,0.0],[25.604654,45.12525,0.0],[25.604615,45.125323,0.0],[25.604615,45.125383,0.0],[25.604747,45.125628,0.0],[25.60473,45.125719,0.0],[25.604675,45.125795,0.0],[25.604616,45.125848,0.0],[25.604384,45.125866,0.0],[25.604303,45.125904,0.0],[25.604238,45.125983,0.0],[25.604209,45.126143,0.0],[25.604308,45.126433,0.0],[25.604329,45.126586,0.0],[25.604306,45.126662,0.0],[25.604268,45.126711,0.0],[25.604111,45.126763,0.0],[25.604078,45.126889,0.0],[25.604088,45.126935,0.0],[25.604157,45.127042,0.0],[25.604274,45.127164,0.0],[25.604413,45.127264,0.0],[25.604451,45.127325,0.0],[25.604617,45.127936,0.0],[25.604627,45.128027,0.0],[25.604716,45.128226,0.0],[25.604775,45.128287,0.0],[25.604973,45.12844,0.0],[25.605095,45.128578,0.0],[25.605136,45.128746,0.0],[25.605102,45.128974,0.0],[25.605004,45.129118,0.0],[25.604851,45.129285,0.0],[25.604602,45.129478,0.0],[25.604493,45.129588,0.0],[25.604427,45.129694,0.0],[25.604344,45.129938,0.0],[25.604235,45.130108,0.0],[25.604067,45.130256,0.0],[25.603698,45.130502,0.0],[25.603568,45.130623,0.0],[25.603295,45.130983,0.0],[25.603176,45.131108,0.0],[25.602948,45.131301,0.0],[25.602866,45.131438,0.0],[25.602826,45.131575,0.0],[25.602783,45.131651,0.0],[25.60263,45.131818,0.0],[25.602602,45.131924,0.0],[25.602611,45.132168,0.0],[25.60254,45.132259,0.0],[25.602507,45.132293,0.0],[25.602339,45.132399,0.0],[25.602165,45.132653,0.0],[25.602094,45.132721,0.0],[25.601996,45.132793,0.0],[25.601704,45.132925,0.0],[25.601639,45.133008,0.0],[25.601601,45.133092,0.0],[25.601519,45.133191,0.0],[25.601302,45.133338,0.0],[25.601259,45.133361,0.0],[25.601124,45.13339,0.0],[25.601016,45.133466,0.0],[25.600955,45.133591,0.0],[25.600974,45.133835,0.0],[25.600914,45.133987,0.0],[25.600691,45.134184,0.0],[25.600458,45.13432,0.0],[25.600344,45.134418,0.0],[25.600076,45.134821,0.0],[25.599723,45.135139,0.0],[25.599555,45.135336,0.0],[25.599304,45.135677,0.0],[25.599206,45.135776,0.0],[25.598945,45.135973,0.0],[25.598674,45.136253,0.0],[25.598386,45.13648,0.0],[25.59818,45.13662,0.0],[25.598071,45.136718,0.0],[25.59806,45.136791,0.0],[25.598091,45.136867,0.0],[25.598335,45.137234,0.0],[25.598346,45.137295,0.0],[25.598334,45.137356,0.0],[25.598154,45.137599,0.0],[25.597548,45.138221,0.0],[25.597246,45.13855,0.0],[25.597045,45.138735,0.0],[25.596381,45.139417,0.0],[25.595706,45.140191,0.0],[25.595423,45.140463,0.0],[25.595183,45.140767,0.0],[25.594965,45.141086,0.0],[25.594813,45.141252,0.0],[25.594621,45.141525,0.0],[25.594512,45.141708,0.0],[25.594347,45.142042,0.0],[25.594041,45.142497,0.0],[25.593893,45.142801,0.0],[25.593729,45.143044,0.0],[25.59363,45.143211,0.0],[25.593531,45.143424,0.0],[25.593477,45.1435,0.0],[25.59346,45.143576,0.0],[25.593475,45.143668,0.0],[25.593523,45.143729,0.0],[25.593753,45.143905,0.0],[25.593832,45.143997,0.0],[25.593949,45.144165,0.0],[25.594108,45.14444,0.0],[25.594432,45.144854,0.0],[25.594517,45.145022,0.0],[25.594591,45.145129,0.0],[25.594703,45.145236,0.0],[25.59481,45.145313,0.0],[25.594898,45.145353,0.0],[25.59511,45.14544,0.0],[25.595239,45.145513,0.0],[25.595719,45.145897,0.0],[25.59595,45.146001,0.0],[25.596127,45.146101,0.0],[25.59633,45.146235,0.0],[25.596758,45.146474,0.0],[25.597561,45.146962,0.0],[25.597887,45.147219,0.0],[25.598031,45.147387,0.0],[25.598057,45.147479,0.0],[25.598033,45.14821,0.0],[25.598004,45.148454,0.0],[25.597892,45.148895,0.0],[25.597782,45.149115,0.0],[25.597656,45.149294,0.0],[25.597119,45.149683,0.0],[25.596778,45.149883,0.0],[25.596611,45.149966,0.0],[25.595846,45.150476,0.0],[25.595749,45.150567,0.0],[25.59551,45.150733,0.0],[25.595314,45.150923,0.0],[25.595227,45.151021,0.0],[25.595112,45.151203,0.0],[25.594998,45.151347,0.0],[25.594478,45.151714,0.0],[25.594304,45.151843,0.0],[25.593827,45.152149,0.0],[25.593148,45.152667,0.0],[25.593013,45.152776,0.0],[25.592589,45.153178,0.0],[25.592339,45.153382,0.0],[25.592241,45.153446,0.0],[25.592063,45.153518,0.0],[25.591901,45.153551,0.0],[25.591352,45.153563,0.0],[25.590943,45.153523,0.0],[25.590491,45.153452,0.0],[25.590298,45.153417,0.0],[25.590148,45.153366,0.0],[25.58989,45.153312,0.0],[25.589696,45.153295,0.0],[25.589427,45.153301,0.0],[25.589092,45.153376,0.0],[25.588881,45.153477,0.0],[25.588735,45.15353,0.0],[25.588622,45.153586,0.0],[25.588377,45.153776,0.0],[25.588143,45.153999,0.0],[25.588045,45.154113,0.0],[25.587612,45.154419,0.0],[25.58709,45.154877,0.0],[25.586753,45.155149,0.0],[25.586352,45.15544,0.0],[25.586288,45.155462,0.0],[25.586222,45.155508,0.0],[25.585968,45.155629,0.0],[25.585805,45.155727,0.0],[25.585425,45.156014,0.0],[25.584817,45.15654,0.0],[25.584197,45.157162,0.0],[25.583876,45.157438,0.0],[25.583703,45.157555,0.0],[25.583389,45.157732,0.0],[25.583118,45.157856,0.0],[25.582468,45.158253,0.0],[25.581855,45.158691,0.0],[25.580657,45.159435,0.0],[25.580309,45.15976,0.0],[25.580152,45.159885,0.0],[25.579594,45.160179,0.0],[25.579328,45.160338,0.0],[25.579079,45.160512,0.0],[25.578776,45.160685,0.0],[25.578534,45.16088,0.0],[25.578249,45.16112,0.0],[25.578053,45.161325,0.0],[25.577689,45.161658,0.0],[25.576886,45.162225,0.0],[25.576505,45.162588,0.0],[25.576396,45.16274,0.0],[25.576194,45.162964,0.0],[25.575937,45.163332,0.0],[25.575595,45.163635,0.0],[25.575357,45.163818,0.0],[25.575291,45.163869,0.0],[25.575232,45.163872,0.0],[25.575145,45.163914,0.0],[25.575016,45.163947,0.0],[25.574664,45.164083,0.0],[25.574073,45.164479,0.0],[25.57379,45.164752,0.0],[25.573719,45.164858,0.0],[25.573686,45.164949,0.0],[25.573614,45.165071,0.0],[25.5735,45.165181,0.0],[25.573381,45.165237,0.0],[25.573214,45.165282,0.0],[25.572824,45.165417,0.0],[25.572467,45.16559,0.0],[25.572143,45.165718,0.0],[25.572067,45.165759,0.0],[25.571909,45.16588,0.0],[25.571877,45.165922,0.0],[25.57187,45.166006,0.0],[25.571838,45.166063,0.0],[25.571751,45.166131,0.0],[25.571659,45.166176,0.0],[25.57154,45.166213,0.0],[25.571319,45.166235,0.0],[25.571303,45.166238,0.0],[25.571257,45.166243,0.0],[25.571255,45.166243,0.0],[25.571234,45.166249,0.0],[25.571234,45.166274,0.0],[25.571313,45.166309,0.0],[25.57145,45.166371,0.0],[25.571554,45.166434,0.0],[25.57165,45.166465,0.0],[25.571715,45.166507,0.0],[25.571758,45.166557,0.0],[25.571773,45.166607,0.0],[25.571636,45.166858,0.0],[25.571575,45.167072,0.0],[25.57158,45.167224,0.0],[25.571606,45.167316,0.0],[25.571599,45.167438,0.0],[25.571577,45.167545,0.0],[25.571516,45.167698,0.0],[25.57151,45.16785,0.0],[25.571519,45.167973,0.0],[25.571545,45.168095,0.0],[25.571572,45.168141,0.0],[25.571577,45.168232,0.0],[25.571495,45.168354,0.0],[25.571392,45.168453,0.0],[25.570724,45.168923,0.0],[25.570355,45.169143,0.0],[25.57015,45.16923,0.0],[25.569095,45.169599,0.0],[25.56811,45.169862,0.0],[25.56784,45.169944,0.0],[25.567634,45.170028,0.0],[25.56752,45.170099,0.0],[25.567086,45.170453,0.0],[25.566923,45.170608,0.0],[25.56638,45.171022,0.0],[25.566,45.171242,0.0],[25.565028,45.171688,0.0],[25.564997,45.171851,0.0],[25.565049,45.172149,0.0],[25.565036,45.172401,0.0],[25.56498,45.172584,0.0],[25.564887,45.172798,0.0],[25.564723,45.172988,0.0],[25.564637,45.173049,0.0],[25.564512,45.173101,0.0],[25.564415,45.173101,0.0],[25.56435,45.173085,0.0],[25.564206,45.17297,0.0],[25.564056,45.17276,0.0],[25.563987,45.172694,0.0],[25.563911,45.172656,0.0],[25.563819,45.172671,0.0],[25.563721,45.172815,0.0],[25.563682,45.172968,0.0],[25.563681,45.173105,0.0],[25.563718,45.173227,0.0],[25.56383,45.173381,0.0],[25.56398,45.173511,0.0],[25.564012,45.173557,0.0],[25.564086,45.173726,0.0],[25.564091,45.173802,0.0],[25.564061,45.17413,0.0],[25.564022,45.174229,0.0],[25.563848,45.174473,0.0],[25.56382,45.174549,0.0],[25.563841,45.174686,0.0],[25.563817,45.174938,0.0],[25.563826,45.175091,0.0],[25.563798,45.175244,0.0],[25.563732,45.175434,0.0],[25.563705,45.175472,0.0],[25.563672,45.175487,0.0],[25.563251,45.175562,0.0],[25.562996,45.175644,0.0],[25.562725,45.1758,0.0],[25.562508,45.175967,0.0],[25.562295,45.176221,0.0],[25.562148,45.176435,0.0],[25.561794,45.176838,0.0],[25.561625,45.177058,0.0],[25.561554,45.177172,0.0],[25.561499,45.177317,0.0],[25.561475,45.177478,0.0],[25.561452,45.177691,0.0],[25.561473,45.177829,0.0],[25.56141,45.178218,0.0],[25.561393,45.178294,0.0],[25.561218,45.178606,0.0],[25.561211,45.178744,0.0],[25.561399,45.178958,0.0],[25.561537,45.179234,0.0],[25.561509,45.179348,0.0],[25.561476,45.179409,0.0],[25.561177,45.179648,0.0],[25.561084,45.179793,0.0],[25.561082,45.180049,0.0],[25.561132,45.180492,0.0],[25.561115,45.180637,0.0],[25.56106,45.180728,0.0],[25.561004,45.180862,0.0],[25.560946,45.180887,0.0],[25.560853,45.180955,0.0],[25.560805,45.180966,0.0],[25.560631,45.181068,0.0],[25.560561,45.18109,0.0],[25.560517,45.181125,0.0],[25.560328,45.181192,0.0],[25.560176,45.181283,0.0],[25.560045,45.181381,0.0],[25.559674,45.181749,0.0],[25.559592,45.181875,0.0],[25.559541,45.182107,0.0],[25.559555,45.182256,0.0],[25.559671,45.182547,0.0],[25.559829,45.182853,0.0],[25.559859,45.183021,0.0],[25.559818,45.183341,0.0],[25.559807,45.183814,0.0],[25.55976,45.184211,0.0],[25.559757,45.18444,0.0],[25.559777,45.184592,0.0],[25.559741,45.18489,0.0],[25.559707,45.185012,0.0],[25.559647,45.18511,0.0],[25.55945,45.185384,0.0],[25.559329,45.185517,0.0],[25.559132,45.185779,0.0],[25.55881,45.186151,0.0],[25.55871,45.186356,0.0],[25.558608,45.186848,0.0],[25.558595,45.187065,0.0],[25.558549,45.187264,0.0],[25.558536,45.187424,0.0],[25.558453,45.18779,0.0],[25.558411,45.188003,0.0],[25.558363,45.188491,0.0],[25.558381,45.188766,0.0],[25.558436,45.189132,0.0],[25.558427,45.189438,0.0],[25.558322,45.189712,0.0],[25.558069,45.190099,0.0],[25.558003,45.190236,0.0],[25.557986,45.19032,0.0],[25.557992,45.190679,0.0],[25.558024,45.19074,0.0],[25.558015,45.191068,0.0],[25.558003,45.191205,0.0],[25.557963,45.191373,0.0],[25.557966,45.191587,0.0],[25.557926,45.1918,0.0],[25.557894,45.192279,0.0],[25.557734,45.192226,0.0],[25.557282,45.192123,0.0],[25.557189,45.192102,0.0],[25.556856,45.192073,0.0],[25.55654,45.191998,0.0],[25.55634,45.191974,0.0],[25.556179,45.191987,0.0],[25.555995,45.191957,0.0],[25.555817,45.191949,0.0],[25.555737,45.191971,0.0],[25.555183,45.191765,0.0],[25.554746,45.191684,0.0],[25.554644,45.191676,0.0],[25.554511,45.191643,0.0],[25.55436,45.191594,0.0],[25.55418,45.191529,0.0],[25.554067,45.191481,0.0],[25.553956,45.191461,0.0],[25.553723,45.191457,0.0],[25.553574,45.19144,0.0],[25.553384,45.19143,0.0],[25.553194,45.191434,0.0],[25.553044,45.191418,0.0],[25.552834,45.191374,0.0],[25.5527,45.191358,0.0],[25.552592,45.191331,0.0],[25.552426,45.19129,0.0],[25.552285,45.191263,0.0],[25.552118,45.191233,0.0],[25.551927,45.191167,0.0],[25.551628,45.191102,0.0],[25.551361,45.191033,0.0],[25.551218,45.191017,0.0],[25.550939,45.19103,0.0],[25.550419,45.19105,0.0],[25.550242,45.191041,0.0],[25.550076,45.19103,0.0],[25.549912,45.191037,0.0],[25.549741,45.191029,0.0],[25.549589,45.191012,0.0],[25.549388,45.190985,0.0],[25.549178,45.190932,0.0],[25.549025,45.190865,0.0],[25.548803,45.190759,0.0],[25.548507,45.190672,0.0],[25.54838,45.190657,0.0],[25.548098,45.190711,0.0],[25.547892,45.190727,0.0],[25.547697,45.190728,0.0],[25.547571,45.190713,0.0],[25.547421,45.190688,0.0],[25.547292,45.190661,0.0],[25.547026,45.190604,0.0],[25.546875,45.190572,0.0],[25.546664,45.190532,0.0],[25.546483,45.190485,0.0],[25.546323,45.19046,0.0],[25.546189,45.190457,0.0],[25.5461,45.190473,0.0],[25.545963,45.19049,0.0],[25.545847,45.190515,0.0],[25.545675,45.19056,0.0],[25.545299,45.190668,0.0],[25.545223,45.190681,0.0],[25.544905,45.190705,0.0],[25.544653,45.190709,0.0],[25.544448,45.190699,0.0],[25.544134,45.19067,0.0],[25.543895,45.190608,0.0],[25.543692,45.190558,0.0],[25.543608,45.190527,0.0],[25.54333,45.190421,0.0],[25.543115,45.190333,0.0],[25.542905,45.190312,0.0],[25.542641,45.190295,0.0],[25.54254,45.190256,0.0],[25.542385,45.190196,0.0],[25.542108,45.190088,0.0],[25.541992,45.190047,0.0],[25.541836,45.190016,0.0],[25.541652,45.189993,0.0],[25.541416,45.18995,0.0],[25.541255,45.18991,0.0],[25.540958,45.189794,0.0],[25.540842,45.189743,0.0],[25.540647,45.189621,0.0],[25.540439,45.189487,0.0],[25.540321,45.189438,0.0],[25.540123,45.189373,0.0],[25.539987,45.189305,0.0],[25.539848,45.189225,0.0],[25.539661,45.189118,0.0],[25.539542,45.189072,0.0],[25.539466,45.189055,0.0],[25.53941,45.189039,0.0],[25.539308,45.189037,0.0],[25.539157,45.189035,0.0],[25.539002,45.189021,0.0],[25.538934,45.18901,0.0],[25.538845,45.18897,0.0],[25.538775,45.188945,0.0],[25.538698,45.18893,0.0],[25.538562,45.188928,0.0],[25.538483,45.188923,0.0],[25.538365,45.1889,0.0],[25.53831,45.188876,0.0],[25.538179,45.188807,0.0],[25.538066,45.188754,0.0],[25.537966,45.188725,0.0],[25.537866,45.188719,0.0],[25.537621,45.188732,0.0],[25.537502,45.188738,0.0],[25.537406,45.188712,0.0],[25.537269,45.18864,0.0],[25.537072,45.188575,0.0],[25.536852,45.188557,0.0],[25.536695,45.188546,0.0],[25.536518,45.188494,0.0],[25.536202,45.188346,0.0],[25.535573,45.188038,0.0],[25.535373,45.187916,0.0],[25.535192,45.188039,0.0],[25.53505,45.188129,0.0],[25.534638,45.188259,0.0],[25.534278,45.188387,0.0],[25.53406,45.188519,0.0],[25.533871,45.188637,0.0],[25.533648,45.188797,0.0],[25.533442,45.189012,0.0],[25.533344,45.189213,0.0],[25.533349,45.189419,0.0],[25.533353,45.189548,0.0],[25.533333,45.189684,0.0],[25.533288,45.189735,0.0],[25.533199,45.189785,0.0],[25.532929,45.189858,0.0],[25.532633,45.190052,0.0],[25.532388,45.190194,0.0],[25.532145,45.190236,0.0],[25.531796,45.190252,0.0],[25.531769,45.190321,0.0],[25.531719,45.190383,0.0],[25.531522,45.190616,0.0],[25.531137,45.191027,0.0],[25.531038,45.191261,0.0],[25.531014,45.191499,0.0],[25.530956,45.191756,0.0],[25.530792,45.192082,0.0],[25.530598,45.192388,0.0],[25.530592,45.192796,0.0],[25.530684,45.193049,0.0],[25.530715,45.19328,0.0],[25.53069,45.193429,0.0],[25.53059,45.193556,0.0],[25.530441,45.193699,0.0],[25.530426,45.193824,0.0],[25.53042,45.194021,0.0],[25.530407,45.19423,0.0],[25.53046,45.194476,0.0],[25.530547,45.194601,0.0],[25.530698,45.194804,0.0],[25.53101,45.19508,0.0],[25.531449,45.195339,0.0],[25.531893,45.195662,0.0],[25.53202,45.195802,0.0],[25.532325,45.196045,0.0],[25.532786,45.196347,0.0],[25.532909,45.196403,0.0],[25.533131,45.196478,0.0],[25.533421,45.196543,0.0],[25.533797,45.196602,0.0],[25.533982,45.196602,0.0],[25.534174,45.196612,0.0],[25.534263,45.196641,0.0],[25.534407,45.196696,0.0],[25.534583,45.19681,0.0],[25.534728,45.196917,0.0],[25.534866,45.197021,0.0],[25.534975,45.197143,0.0],[25.535155,45.197362,0.0],[25.535381,45.19761,0.0],[25.53541,45.197711,0.0],[25.535374,45.197889,0.0],[25.535391,45.198052,0.0],[25.535427,45.198132,0.0],[25.535467,45.198208,0.0],[25.535625,45.19841,0.0],[25.535851,45.19876,0.0],[25.536155,45.19913,0.0],[25.536247,45.19938,0.0],[25.536251,45.199444,0.0],[25.536235,45.199548,0.0],[25.536154,45.199635,0.0],[25.53611,45.199724,0.0],[25.5361,45.199812,0.0],[25.536198,45.199994,0.0],[25.536325,45.20015,0.0],[25.536515,45.200384,0.0],[25.536699,45.200545,0.0],[25.536909,45.200824,0.0],[25.536957,45.200909,0.0],[25.537,45.201018,0.0],[25.53701,45.201135,0.0],[25.537031,45.20122,0.0],[25.537129,45.201417,0.0],[25.537217,45.201533,0.0],[25.537382,45.201712,0.0],[25.537607,45.201888,0.0],[25.537708,45.201964,0.0],[25.537871,45.202057,0.0],[25.538184,45.202161,0.0],[25.538443,45.202244,0.0],[25.53869,45.202324,0.0],[25.538827,45.202382,0.0],[25.538896,45.202446,0.0],[25.53896,45.202527,0.0],[25.53896,45.202593,0.0],[25.538936,45.202677,0.0],[25.538915,45.202824,0.0],[25.538941,45.202891,0.0],[25.539007,45.202934,0.0],[25.539083,45.202983,0.0],[25.539433,45.203079,0.0],[25.539786,45.203165,0.0],[25.539995,45.203261,0.0],[25.540011,45.203315,0.0],[25.539994,45.203406,0.0],[25.539914,45.20349,0.0],[25.539606,45.203792,0.0],[25.539467,45.20398,0.0],[25.539315,45.204359,0.0],[25.539303,45.204467,0.0],[25.539286,45.204627,0.0],[25.539212,45.204741,0.0],[25.539133,45.204916,0.0],[25.539118,45.205091,0.0],[25.53914,45.205294,0.0],[25.539267,45.205537,0.0],[25.539375,45.205801,0.0],[25.539386,45.205876,0.0],[25.539371,45.205957,0.0],[25.539316,45.206025,0.0],[25.539219,45.206136,0.0],[25.539238,45.206284,0.0],[25.539238,45.206416,0.0],[25.53922,45.206518,0.0],[25.539155,45.206596,0.0],[25.538927,45.206795,0.0],[25.538721,45.207016,0.0],[25.538518,45.207294,0.0],[25.538406,45.207597,0.0],[25.53831,45.207791,0.0],[25.538098,45.208046,0.0],[25.537992,45.2082,0.0],[25.537726,45.208475,0.0],[25.537297,45.208844,0.0],[25.536996,45.20908,0.0],[25.536903,45.209225,0.0],[25.53681,45.209446,0.0],[25.536584,45.209752,0.0],[25.536589,45.209951,0.0],[25.536573,45.210124,0.0],[25.536495,45.210379,0.0],[25.536372,45.210639,0.0],[25.536278,45.210774,0.0],[25.536125,45.210887,0.0],[25.536036,45.210984,0.0],[25.536011,45.211086,0.0],[25.53604,45.211227,0.0],[25.536026,45.211314,0.0],[25.535993,45.211397,0.0],[25.535924,45.211542,0.0],[25.535907,45.211613,0.0],[25.535934,45.211751,0.0],[25.535939,45.211869,0.0],[25.535922,45.211921,0.0],[25.535772,45.212026,0.0],[25.535697,45.212084,0.0],[25.535701,45.212188,0.0],[25.535708,45.212277,0.0],[25.535691,45.212328,0.0],[25.535609,45.212414,0.0],[25.535436,45.212618,0.0],[25.535202,45.21279,0.0],[25.534884,45.213078,0.0],[25.534766,45.213171,0.0],[25.534766,45.21324,0.0],[25.534796,45.213298,0.0],[25.534859,45.213362,0.0],[25.534977,45.213466,0.0],[25.535014,45.213544,0.0],[25.535025,45.21364,0.0],[25.53497,45.21372,0.0],[25.534719,45.214099,0.0],[25.534621,45.214268,0.0],[25.53458,45.214424,0.0],[25.534566,45.214512,0.0],[25.534605,45.214642,0.0],[25.534736,45.214804,0.0],[25.534755,45.214926,0.0],[25.534676,45.21511,0.0],[25.534536,45.215264,0.0],[25.534401,45.21548,0.0],[25.53429,45.215783,0.0],[25.534161,45.216038,0.0],[25.5336,45.216025,0.0],[25.533384,45.216052,0.0],[25.533058,45.216153,0.0],[25.532666,45.216243,0.0],[25.532344,45.216331,0.0],[25.532177,45.216387,0.0],[25.531799,45.216435,0.0],[25.531403,45.216479,0.0],[25.531203,45.216495,0.0],[25.53078,45.216494,0.0],[25.530526,45.216485,0.0],[25.530077,45.216499,0.0],[25.529713,45.216525,0.0],[25.529457,45.216584,0.0],[25.529043,45.21673,0.0],[25.528777,45.216815,0.0],[25.528594,45.216881,0.0],[25.52844,45.216921,0.0],[25.528266,45.216959,0.0],[25.528128,45.216984,0.0],[25.528007,45.217021,0.0],[25.527851,45.217062,0.0],[25.527719,45.217083,0.0],[25.527534,45.217109,0.0],[25.527243,45.217209,0.0],[25.526831,45.217303,0.0],[25.526617,45.217388,0.0],[25.526477,45.217467,0.0],[25.526174,45.217568,0.0],[25.525857,45.217693,0.0],[25.525491,45.217831,0.0],[25.525182,45.217925,0.0],[25.524948,45.217975,0.0],[25.524742,45.218021,0.0],[25.52445,45.218088,0.0],[25.524071,45.21819,0.0],[25.523828,45.218258,0.0],[25.523429,45.218313,0.0],[25.523088,45.218368,0.0],[25.522646,45.218533,0.0],[25.52228,45.218724,0.0],[25.521667,45.218968,0.0],[25.52145,45.219071,0.0],[25.52137,45.219214,0.0],[25.521223,45.21933,0.0],[25.521078,45.21944,0.0],[25.520971,45.219499,0.0],[25.520676,45.219578,0.0],[25.520134,45.219631,0.0],[25.519434,45.219654,0.0],[25.51885,45.21968,0.0],[25.518565,45.219749,0.0],[25.518211,45.219927,0.0],[25.517847,45.220071,0.0],[25.517675,45.22016,0.0],[25.517268,45.220425,0.0],[25.516579,45.220531,0.0],[25.515716,45.220667,0.0],[25.515309,45.220758,0.0],[25.514883,45.220823,0.0],[25.513559,45.221067,0.0],[25.513076,45.221218,0.0],[25.512741,45.221323,0.0],[25.512606,45.221364,0.0],[25.51253,45.221388,0.0],[25.512345,45.221384,0.0],[25.51216,45.22138,0.0],[25.512005,45.221436,0.0],[25.511867,45.221483,0.0],[25.511425,45.221627,0.0],[25.511232,45.221728,0.0],[25.511148,45.221783,0.0],[25.511003,45.221909,0.0],[25.510942,45.222005,0.0],[25.510924,45.222089,0.0],[25.510927,45.222149,0.0],[25.510955,45.222251,0.0],[25.511006,45.222342,0.0],[25.511061,45.22245,0.0],[25.511142,45.222536,0.0],[25.511253,45.222644,0.0],[25.511433,45.222795,0.0],[25.511598,45.222915,0.0],[25.511768,45.223038,0.0],[25.511888,45.223121,0.0],[25.512112,45.223307,0.0],[25.51224,45.223451,0.0],[25.512282,45.223804,0.0],[25.512314,45.223886,0.0],[25.512455,45.2241,0.0],[25.512643,45.224338,0.0],[25.512845,45.224553,0.0],[25.512952,45.224658,0.0],[25.51306,45.224762,0.0],[25.513174,45.224844,0.0],[25.51349,45.224993,0.0],[25.513829,45.22512,0.0],[25.514158,45.225207,0.0],[25.514726,45.225662,0.0],[25.514839,45.225759,0.0],[25.514914,45.225797,0.0],[25.51525,45.22592,0.0],[25.515755,45.226096,0.0],[25.516146,45.226281,0.0],[25.516266,45.226413,0.0],[25.516436,45.226614,0.0],[25.516486,45.226692,0.0],[25.516491,45.226869,0.0],[25.516481,45.226943,0.0],[25.516506,45.227058,0.0],[25.516581,45.22717,0.0],[25.516687,45.227269,0.0],[25.516917,45.227403,0.0],[25.516941,45.227446,0.0],[25.517002,45.227539,0.0],[25.517066,45.227681,0.0],[25.517129,45.227841,0.0],[25.517171,45.227926,0.0],[25.51723,45.227998,0.0],[25.517297,45.228091,0.0],[25.517382,45.228234,0.0],[25.517422,45.22831,0.0],[25.517438,45.228414,0.0],[25.517434,45.22855,0.0],[25.517361,45.228726,0.0],[25.517309,45.228883,0.0],[25.517359,45.229142,0.0],[25.517399,45.229367,0.0],[25.517473,45.229536,0.0],[25.517547,45.229705,0.0],[25.517626,45.229862,0.0],[25.517709,45.229995,0.0],[25.517876,45.230138,0.0],[25.518002,45.230335,0.0],[25.518105,45.230458,0.0],[25.518161,45.23055,0.0],[25.518162,45.230671,0.0],[25.518182,45.230698,0.0],[25.518227,45.230727,0.0],[25.51822,45.230831,0.0],[25.518248,45.230944,0.0],[25.518305,45.231031,0.0],[25.518317,45.231063,0.0],[25.518328,45.231155,0.0],[25.518333,45.231209,0.0],[25.518262,45.231319,0.0],[25.518282,45.231497,0.0],[25.518229,45.231555,0.0],[25.518194,45.231632,0.0],[25.51821,45.231693,0.0],[25.518244,45.231762,0.0],[25.518249,45.23183,0.0],[25.51825,45.231932,0.0],[25.518245,45.231978,0.0],[25.518268,45.23199,0.0],[25.518306,45.232002,0.0],[25.518339,45.232018,0.0],[25.518369,45.232038,0.0],[25.518423,45.232082,0.0],[25.518466,45.232117,0.0],[25.518503,45.232126,0.0],[25.518533,45.232127,0.0],[25.518608,45.232116,0.0],[25.518735,45.232103,0.0],[25.518823,45.232096,0.0],[25.518916,45.232088,0.0],[25.518973,45.232089,0.0],[25.519011,45.232128,0.0],[25.519052,45.232174,0.0],[25.519028,45.232274,0.0],[25.519014,45.232339,0.0],[25.519044,45.232365,0.0],[25.519077,45.232375,0.0],[25.519192,45.232349,0.0],[25.519295,45.232308,0.0],[25.519348,45.23228,0.0],[25.519384,45.232218,0.0],[25.519459,45.232117,0.0],[25.519472,45.23205,0.0],[25.519463,45.231999,0.0],[25.519485,45.23195,0.0],[25.519514,45.231902,0.0],[25.519595,45.231857,0.0],[25.519671,45.231829,0.0],[25.519725,45.231813,0.0],[25.519748,45.231832,0.0],[25.519747,45.23185,0.0],[25.519714,45.231865,0.0],[25.519656,45.231888,0.0],[25.519626,45.231905,0.0],[25.519632,45.231917,0.0],[25.519664,45.231917,0.0],[25.519711,45.231913,0.0],[25.51977,45.231882,0.0],[25.519794,45.23185,0.0],[25.519818,45.231835,0.0],[25.519832,45.231841,0.0],[25.519869,45.231877,0.0],[25.519884,45.231937,0.0],[25.519889,45.23197,0.0],[25.519907,45.231991,0.0],[25.519927,45.232,0.0],[25.519966,45.231979,0.0],[25.520012,45.231955,0.0],[25.520068,45.231922,0.0],[25.520121,45.231913,0.0],[25.520169,45.231926,0.0],[25.520249,45.231941,0.0],[25.520348,45.231947,0.0],[25.520524,45.231951,0.0],[25.520608,45.231947,0.0],[25.520674,45.231939,0.0],[25.520721,45.231922,0.0],[25.520771,45.231896,0.0],[25.520827,45.231889,0.0],[25.521059,45.231886,0.0],[25.521111,45.231871,0.0],[25.521166,45.231863,0.0],[25.521192,45.231865,0.0],[25.521267,45.231882,0.0],[25.52132,45.231889,0.0],[25.521438,45.231884,0.0],[25.521578,45.231893,0.0],[25.521639,45.231935,0.0],[25.521692,45.232007,0.0],[25.521766,45.232051,0.0],[25.521867,45.232088,0.0],[25.522019,45.232131,0.0],[25.522116,45.232205,0.0],[25.522373,45.232461,0.0],[25.522747,45.232942,0.0],[25.52308,45.233521,0.0],[25.523498,45.23402,0.0],[25.52434,45.23434,0.0],[25.525563,45.234804,0.0],[25.525883,45.23504,0.0],[25.526112,45.235242,0.0],[25.526417,45.235502,0.0],[25.527048,45.235881,0.0],[25.527134,45.235931,0.0],[25.527422,45.236233,0.0],[25.527692,45.236526,0.0],[25.528124,45.236994,0.0],[25.528211,45.237089,0.0],[25.528201,45.237142,0.0],[25.528211,45.23721,0.0],[25.528255,45.237327,0.0],[25.528345,45.237452,0.0],[25.528534,45.237736,0.0],[25.528648,45.2379,0.0],[25.5287,45.238034,0.0],[25.528701,45.238103,0.0],[25.528665,45.23821,0.0],[25.528576,45.238375,0.0],[25.528482,45.238509,0.0],[25.52841,45.238656,0.0],[25.528401,45.238758,0.0],[25.528393,45.238985,0.0],[25.528377,45.23905,0.0],[25.528335,45.239156,0.0],[25.528202,45.239299,0.0],[25.527953,45.239672,0.0],[25.527815,45.239827,0.0],[25.527754,45.239924,0.0],[25.527669,45.240071,0.0],[25.527668,45.240134,0.0],[25.527703,45.240201,0.0],[25.527757,45.2403,0.0],[25.527796,45.240372,0.0],[25.527791,45.240516,0.0],[25.527728,45.24073,0.0],[25.527653,45.240882,0.0],[25.527562,45.240946,0.0],[25.527427,45.240999,0.0],[25.527393,45.241045,0.0],[25.527334,45.241248,0.0],[25.52726,45.2414,0.0],[25.527081,45.241634,0.0],[25.526922,45.241846,0.0],[25.526784,45.241974,0.0],[25.526705,45.242072,0.0],[25.526549,45.242202,0.0],[25.526472,45.242273,0.0],[25.526435,45.242383,0.0],[25.526255,45.242606,0.0],[25.526147,45.242683,0.0],[25.526009,45.242768,0.0],[25.52594,45.24287,0.0],[25.525844,45.243013,0.0],[25.525714,45.24315,0.0],[25.525615,45.243235,0.0],[25.525552,45.243296,0.0],[25.525521,45.243375,0.0],[25.525459,45.243545,0.0],[25.525408,45.243616,0.0],[25.525301,45.243718,0.0],[25.525271,45.243814,0.0],[25.525348,45.243997,0.0],[25.525466,45.244,0.0],[25.525647,45.243972,0.0],[25.525823,45.243968,0.0],[25.52664,45.243943,0.0],[25.526915,45.243934,0.0],[25.52751,45.243878,0.0],[25.527927,45.243814,0.0],[25.52806,45.243821,0.0],[25.528353,45.243903,0.0],[25.528588,45.243931,0.0],[25.528918,45.243883,0.0],[25.529376,45.243841,0.0],[25.529767,45.243875,0.0],[25.529992,45.24397,0.0],[25.530078,45.244026,0.0],[25.530111,45.244096,0.0],[25.530138,45.244202,0.0],[25.530163,45.244305,0.0],[25.530202,45.244476,0.0],[25.530213,45.244581,0.0],[25.530246,45.244809,0.0],[25.530263,45.244875,0.0],[25.530272,45.244957,0.0],[25.530252,45.245019,0.0],[25.530186,45.245179,0.0],[25.530118,45.245281,0.0],[25.530057,45.24541,0.0],[25.530049,45.245479,0.0],[25.530049,45.245546,0.0],[25.530057,45.245617,0.0],[25.530059,45.245806,0.0],[25.530043,45.24606,0.0],[25.530048,45.246263,0.0],[25.530089,45.246404,0.0],[25.530121,45.246515,0.0],[25.53015,45.246588,0.0],[25.530246,45.246732,0.0],[25.530386,45.246886,0.0],[25.530485,45.246976,0.0],[25.530565,45.24703,0.0],[25.530686,45.247183,0.0],[25.530759,45.247305,0.0],[25.530818,45.247501,0.0],[25.530828,45.247556,0.0],[25.530856,45.247733,0.0],[25.530902,45.247885,0.0],[25.530968,45.24799,0.0],[25.531084,45.248044,0.0],[25.530997,45.248132,0.0],[25.530864,45.248258,0.0],[25.530701,45.248422,0.0],[25.530564,45.248582,0.0],[25.53053,45.248636,0.0],[25.530531,45.248695,0.0],[25.530546,45.248743,0.0],[25.530614,45.248801,0.0],[25.530683,45.248869,0.0],[25.530643,45.248965,0.0],[25.530608,45.249042,0.0],[25.530559,45.249136,0.0],[25.530565,45.249201,0.0],[25.530588,45.249288,0.0],[25.530634,45.249346,0.0],[25.530671,45.249455,0.0],[25.530691,45.249511,0.0],[25.530722,45.249553,0.0],[25.53082,45.249615,0.0],[25.530904,45.249645,0.0],[25.531102,45.249719,0.0],[25.53112,45.249735,0.0],[25.531282,45.249902,0.0],[25.531447,45.250038,0.0],[25.531499,45.250101,0.0],[25.531604,45.250291,0.0],[25.531648,45.250428,0.0],[25.531693,45.250666,0.0],[25.531701,45.250943,0.0],[25.531737,45.251084,0.0],[25.53181,45.251242,0.0],[25.531854,45.251299,0.0],[25.531953,45.251375,0.0],[25.532135,45.251464,0.0],[25.532242,45.251549,0.0],[25.532309,45.251616,0.0],[25.532474,45.251811,0.0],[25.532608,45.251919,0.0],[25.532718,45.251998,0.0],[25.532669,45.252068,0.0],[25.532646,45.252127,0.0],[25.532661,45.25219,0.0],[25.532704,45.252247,0.0],[25.5328,45.25229,0.0],[25.532997,45.25234,0.0],[25.53312,45.252401,0.0],[25.533347,45.252549,0.0],[25.533547,45.252715,0.0],[25.533762,45.252895,0.0],[25.53389,45.253047,0.0],[25.533915,45.253108,0.0],[25.53392,45.253196,0.0],[25.533851,45.253325,0.0],[25.533624,45.253707,0.0],[25.533576,45.253812,0.0],[25.533572,45.253866,0.0],[25.533625,45.253895,0.0],[25.533722,45.253953,0.0],[25.53397,45.254044,0.0],[25.534176,45.254092,0.0],[25.534379,45.254177,0.0],[25.534482,45.254243,0.0],[25.53456,45.254256,0.0],[25.534628,45.254261,0.0],[25.534647,45.254233,0.0],[25.534661,45.254213,0.0],[25.534682,45.254178,0.0],[25.534742,45.254162,0.0],[25.534801,45.254176,0.0],[25.534848,45.254246,0.0],[25.53487,45.254306,0.0],[25.534864,45.254368,0.0],[25.534882,45.254418,0.0],[25.534954,45.254428,0.0],[25.535093,45.254555,0.0],[25.535514,45.254977,0.0],[25.536001,45.255429,0.0],[25.536249,45.255712,0.0],[25.53641,45.255926,0.0],[25.536486,45.256008,0.0],[25.536562,45.25609,0.0],[25.536666,45.256166,0.0],[25.536727,45.256232,0.0],[25.536857,45.256376,0.0],[25.536932,45.256444,0.0],[25.536961,45.256493,0.0],[25.53702,45.256567,0.0],[25.537103,45.256664,0.0],[25.537209,45.256758,0.0],[25.537315,45.256869,0.0],[25.537452,45.256994,0.0],[25.537589,45.257068,0.0],[25.537685,45.25709,0.0],[25.537787,45.257107,0.0],[25.537913,45.25711,0.0],[25.537899,45.257137,0.0],[25.537848,45.257218,0.0],[25.537836,45.257376,0.0],[25.537842,45.257428,0.0],[25.53787,45.257466,0.0],[25.537916,45.25752,0.0],[25.537998,45.257573,0.0],[25.538111,45.25762,0.0],[25.538179,45.257668,0.0],[25.538246,45.257701,0.0],[25.538301,45.257726,0.0],[25.538412,45.257743,0.0],[25.5385,45.257768,0.0],[25.538619,45.257824,0.0],[25.538754,45.257934,0.0],[25.538834,45.258029,0.0],[25.538944,45.258157,0.0],[25.539058,45.25824,0.0],[25.539138,45.25831,0.0],[25.540248,45.259185,0.0],[25.540596,45.259419,0.0],[25.540945,45.259653,0.0],[25.541067,45.259735,0.0],[25.541234,45.259867,0.0],[25.541237,45.259869,0.0],[25.541244,45.259876,0.0],[25.541274,45.259899,0.0],[25.541321,45.259936,0.0],[25.54139,45.259991,0.0],[25.541438,45.260029,0.0],[25.541512,45.26009,0.0],[25.541722,45.260261,0.0],[25.541779,45.260308,0.0],[25.541809,45.260332,0.0],[25.5422,45.260629,0.0],[25.542268,45.26068,0.0],[25.542142,45.26089,0.0],[25.542101,45.261064,0.0],[25.542104,45.261177,0.0],[25.542152,45.261277,0.0],[25.542273,45.261355,0.0],[25.542382,45.261423,0.0],[25.54254,45.261492,0.0],[25.542719,45.261546,0.0],[25.542855,45.261609,0.0],[25.543024,45.261721,0.0],[25.543189,45.261852,0.0],[25.543403,45.262017,0.0],[25.543558,45.262127,0.0],[25.543619,45.262187,0.0],[25.543665,45.262239,0.0],[25.543824,45.262496,0.0],[25.543985,45.262627,0.0],[25.54409,45.262691,0.0],[25.544305,45.262745,0.0],[25.544436,45.262765,0.0],[25.544738,45.262831,0.0],[25.544906,45.262849,0.0],[25.545567,45.263065,0.0],[25.546214,45.263334,0.0],[25.546339,45.263457,0.0],[25.546509,45.263572,0.0],[25.546853,45.263809,0.0],[25.547104,45.263901,0.0],[25.547345,45.263937,0.0],[25.547672,45.263974,0.0],[25.547822,45.263985,0.0],[25.547977,45.263971,0.0],[25.548113,45.264001,0.0],[25.54818,45.264013,0.0],[25.548338,45.264055,0.0],[25.548437,45.264084,0.0],[25.548575,45.264143,0.0],[25.548764,45.264248,0.0],[25.548833,45.264289,0.0],[25.548962,45.264359,0.0],[25.54905,45.26441,0.0],[25.549203,45.264499,0.0],[25.549304,45.264541,0.0],[25.54949,45.264646,0.0],[25.549624,45.264731,0.0],[25.54969,45.264772,0.0],[25.5498,45.264911,0.0],[25.549841,45.264948,0.0],[25.549942,45.265065,0.0],[25.549963,45.265107,0.0],[25.549983,45.265166,0.0],[25.55005,45.265298,0.0],[25.550095,45.265334,0.0],[25.550165,45.265365,0.0],[25.550374,45.265415,0.0],[25.550615,45.26546,0.0],[25.550678,45.265464,0.0],[25.550891,45.265481,0.0],[25.551026,45.265489,0.0],[25.551433,45.265508,0.0],[25.551646,45.265513,0.0],[25.551741,45.265514,0.0],[25.551942,45.265532,0.0],[25.552045,45.265554,0.0],[25.552153,45.265578,0.0],[25.552245,45.265604,0.0],[25.552304,45.265626,0.0],[25.552485,45.265713,0.0],[25.552576,45.265762,0.0],[25.552688,45.265839,0.0],[25.552771,45.265902,0.0],[25.552825,45.265959,0.0],[25.552877,45.26603,0.0],[25.552905,45.266079,0.0],[25.552933,45.266124,0.0],[25.552956,45.266228,0.0],[25.552959,45.266313,0.0],[25.552961,45.266461,0.0],[25.55296,45.266525,0.0],[25.55297,45.266576,0.0],[25.552995,45.266694,0.0],[25.553012,45.266755,0.0],[25.553053,45.266826,0.0],[25.553079,45.26689,0.0],[25.553115,45.266937,0.0],[25.55316,45.267003,0.0],[25.553227,45.267081,0.0],[25.553288,45.267135,0.0],[25.553413,45.267234,0.0],[25.553473,45.267297,0.0],[25.55352,45.267342,0.0],[25.553535,45.267383,0.0],[25.553543,45.267408,0.0],[25.553538,45.26744,0.0],[25.553529,45.267503,0.0],[25.553477,45.267641,0.0],[25.553458,45.267703,0.0],[25.553437,45.267826,0.0],[25.553449,45.268228,0.0],[25.553455,45.268415,0.0],[25.553459,45.268489,0.0],[25.553478,45.268581,0.0],[25.553516,45.268654,0.0],[25.55363,45.268825,0.0],[25.553736,45.268972,0.0],[25.553893,45.269121,0.0],[25.554001,45.26927,0.0],[25.554085,45.269388,0.0],[25.554156,45.269546,0.0],[25.554179,45.269578,0.0],[25.554359,45.269852,0.0],[25.554467,45.270023,0.0],[25.55485,45.270556,0.0],[25.554805,45.270567,0.0],[25.554098,45.270711,0.0],[25.553919,45.270941,0.0],[25.553757,45.271171,0.0],[25.553537,45.271497,0.0],[25.553481,45.271623,0.0],[25.553365,45.271909,0.0],[25.553263,45.272145,0.0],[25.553209,45.272254,0.0],[25.55314,45.272337,0.0],[25.553021,45.272445,0.0],[25.552911,45.272527,0.0],[25.552786,45.27258,0.0],[25.552701,45.272627,0.0],[25.55258,45.272669,0.0],[25.552318,45.272746,0.0],[25.551997,45.272824,0.0],[25.551773,45.272898,0.0],[25.551643,45.272968,0.0],[25.551513,45.273093,0.0],[25.551188,45.273468,0.0],[25.551075,45.273596,0.0],[25.55099,45.273706,0.0],[25.550913,45.273813,0.0],[25.55085,45.273895,0.0],[25.55067,45.27423,0.0],[25.5506,45.274401,0.0],[25.550514,45.274647,0.0],[25.550482,45.274814,0.0],[25.550433,45.275011,0.0],[25.550397,45.275129,0.0],[25.550349,45.275377,0.0],[25.550288,45.275574,0.0],[25.55026,45.27572,0.0],[25.550253,45.275927,0.0],[25.55028,45.276093,0.0],[25.550291,45.276271,0.0],[25.550361,45.276731,0.0],[25.550376,45.276974,0.0],[25.550384,45.277189,0.0],[25.550386,45.277299,0.0],[25.550377,45.277418,0.0],[25.550356,45.277579,0.0],[25.550313,45.277669,0.0],[25.550152,45.277917,0.0],[25.550073,45.278093,0.0],[25.550022,45.278186,0.0],[25.549851,45.278371,0.0],[25.549727,45.278452,0.0],[25.549703,45.278523,0.0],[25.549686,45.278636,0.0],[25.549689,45.27873,0.0],[25.549692,45.278792,0.0],[25.54972,45.278898,0.0],[25.549731,45.278974,0.0],[25.549742,45.27915,0.0],[25.549744,45.279271,0.0],[25.549761,45.279586,0.0],[25.549812,45.279739,0.0],[25.549805,45.279845,0.0],[25.549782,45.280072,0.0],[25.549738,45.280174,0.0],[25.549599,45.280327,0.0],[25.54943,45.280497,0.0],[25.549311,45.280601,0.0],[25.549192,45.280652,0.0],[25.548898,45.280817,0.0],[25.54832,45.2811,0.0],[25.548032,45.281207,0.0],[25.547786,45.281293,0.0],[25.547413,45.281406,0.0],[25.547096,45.281464,0.0],[25.546965,45.281489,0.0],[25.546773,45.28153,0.0],[25.546459,45.281608,0.0],[25.546201,45.281618,0.0],[25.546092,45.281595,0.0],[25.545861,45.281527,0.0],[25.545636,45.281424,0.0],[25.54551,45.281387,0.0],[25.545354,45.281357,0.0],[25.545111,45.281356,0.0],[25.544945,45.281351,0.0],[25.544837,45.281378,0.0],[25.544576,45.281438,0.0],[25.544469,45.281483,0.0],[25.544315,45.281576,0.0],[25.544098,45.281763,0.0],[25.543852,45.281976,0.0],[25.543254,45.282633,0.0],[25.542974,45.282925,0.0],[25.542794,45.283126,0.0],[25.54265,45.283298,0.0],[25.542453,45.283501,0.0],[25.542216,45.28375,0.0],[25.541973,45.284026,0.0],[25.541834,45.284131,0.0],[25.541745,45.284227,0.0],[25.541571,45.284398,0.0],[25.541325,45.284588,0.0],[25.541095,45.284749,0.0],[25.540272,45.285249,0.0],[25.539662,45.285665,0.0],[25.539576,45.285794,0.0],[25.539589,45.285916,0.0],[25.539602,45.28601,0.0],[25.539621,45.28612,0.0],[25.539689,45.286356,0.0],[25.53988,45.286703,0.0],[25.540007,45.286933,0.0],[25.54023,45.287413,0.0],[25.540239,45.287644,0.0],[25.540211,45.28816,0.0],[25.540162,45.288521,0.0],[25.540126,45.288797,0.0],[25.540032,45.288977,0.0],[25.539945,45.289082,0.0],[25.539927,45.289189,0.0],[25.539694,45.289451,0.0],[25.539059,45.289977,0.0],[25.53869,45.290208,0.0],[25.538323,45.2904,0.0],[25.537716,45.290684,0.0],[25.537267,45.290862,0.0],[25.536949,45.291008,0.0],[25.53666,45.291086,0.0],[25.536197,45.291164,0.0],[25.534844,45.291363,0.0],[25.534548,45.291385,0.0],[25.534118,45.291871,0.0],[25.533948,45.292068,0.0],[25.533758,45.292196,0.0],[25.533571,45.292312,0.0],[25.533344,45.292442,0.0],[25.533097,45.292631,0.0],[25.533002,45.292715,0.0],[25.532855,45.292898,0.0],[25.532733,45.293168,0.0],[25.532675,45.293415,0.0],[25.532654,45.2936,0.0],[25.53265,45.293706,0.0],[25.532675,45.293756,0.0],[25.53278,45.293857,0.0],[25.532934,45.293939,0.0],[25.533079,45.294058,0.0],[25.533306,45.29428,0.0],[25.533516,45.29447,0.0],[25.533606,45.294642,0.0],[25.533644,45.294858,0.0],[25.533671,45.294992,0.0],[25.533738,45.295212,0.0],[25.533803,45.295407,0.0],[25.534068,45.295932,0.0],[25.53433,45.296386,0.0],[25.534523,45.296699,0.0],[25.534758,45.296999,0.0],[25.534899,45.297178,0.0],[25.535173,45.297485,0.0],[25.535181,45.297673,0.0],[25.53513,45.298225,0.0],[25.535109,45.298371,0.0],[25.53447,45.299388,0.0],[25.534363,45.299631,0.0],[25.534094,45.300184,0.0],[25.534024,45.300325,0.0],[25.533688,45.300957,0.0],[25.533617,45.301077,0.0],[25.533578,45.30124,0.0],[25.533574,45.301493,0.0],[25.533584,45.301787,0.0],[25.533466,45.301806,0.0],[25.532965,45.301843,0.0],[25.532485,45.301843,0.0],[25.531948,45.301884,0.0],[25.531626,45.301927,0.0],[25.531434,45.30199,0.0],[25.531086,45.302062,0.0],[25.530394,45.302288,0.0],[25.529975,45.302421,0.0],[25.529634,45.302563,0.0],[25.529463,45.302611,0.0],[25.529101,45.302721,0.0],[25.528566,45.30279,0.0],[25.528292,45.302826,0.0],[25.528165,45.302876,0.0],[25.52785,45.3031,0.0],[25.527254,45.303516,0.0],[25.526733,45.303906,0.0],[25.526321,45.30426,0.0],[25.526031,45.304539,0.0],[25.525675,45.304912,0.0],[25.525572,45.305036,0.0],[25.52547,45.305159,0.0],[25.525165,45.305572,0.0],[25.524841,45.306164,0.0],[25.524748,45.30639,0.0],[25.524707,45.306634,0.0],[25.52467,45.306684,0.0],[25.524498,45.306879,0.0],[25.524396,45.306961,0.0],[25.524078,45.307182,0.0],[25.523811,45.307333,0.0],[25.523496,45.307437,0.0],[25.523135,45.307555,0.0],[25.522898,45.307657,0.0],[25.522786,45.307723,0.0],[25.522681,45.307905,0.0],[25.522483,45.308323,0.0],[25.522401,45.308337,0.0],[25.521408,45.309215,0.0],[25.521391,45.309265,0.0],[25.52135,45.309316,0.0],[25.521268,45.309359,0.0],[25.521155,45.309372,0.0],[25.521006,45.3094,0.0],[25.520835,45.309427,0.0],[25.520673,45.309469,0.0],[25.520456,45.30954,0.0],[25.520321,45.309579,0.0],[25.520176,45.309607,0.0],[25.519879,45.309609,0.0],[25.519503,45.309645,0.0],[25.519392,45.309661,0.0],[25.519339,45.309693,0.0],[25.519288,45.309738,0.0],[25.519004,45.310095,0.0],[25.518979,45.310112,0.0],[25.518883,45.310179,0.0],[25.518852,45.310193,0.0],[25.518633,45.310256,0.0],[25.518523,45.310302,0.0],[25.518292,45.310425,0.0],[25.518153,45.310527,0.0],[25.5181,45.310552,0.0],[25.517998,45.310567,0.0],[25.517894,45.310619,0.0],[25.517694,45.310707,0.0],[25.517556,45.310766,0.0],[25.517386,45.310856,0.0],[25.517238,45.310958,0.0],[25.517021,45.311094,0.0],[25.516766,45.311269,0.0],[25.516381,45.31154,0.0],[25.516338,45.311523,0.0],[25.516213,45.31147,0.0],[25.516118,45.311438,0.0],[25.516032,45.311421,0.0],[25.515907,45.311447,0.0],[25.515797,45.311458,0.0],[25.51564,45.311456,0.0],[25.515475,45.311412,0.0],[25.515398,45.31138,0.0],[25.515296,45.311302,0.0],[25.515207,45.311212,0.0],[25.515117,45.311135,0.0],[25.515072,45.311121,0.0],[25.514983,45.311126,0.0],[25.51489,45.311148,0.0],[25.514776,45.3112,0.0],[25.514643,45.311273,0.0],[25.514518,45.311373,0.0],[25.514338,45.31152,0.0],[25.514154,45.31164,0.0],[25.514068,45.311729,0.0],[25.513565,45.312216,0.0],[25.513468,45.312307,0.0],[25.51339,45.312383,0.0],[25.513372,45.312422,0.0],[25.513334,45.312571,0.0],[25.51332,45.312619,0.0],[25.513248,45.312762,0.0],[25.513133,45.312931,0.0],[25.51307,45.313026,0.0],[25.513004,45.313175,0.0],[25.512951,45.31328,0.0],[25.512911,45.313309,0.0],[25.512882,45.313312,0.0],[25.512878,45.31331,0.0],[25.512585,45.313213,0.0],[25.512185,45.313106,0.0],[25.512144,45.313134,0.0],[25.512042,45.313234,0.0],[25.5117,45.313505,0.0],[25.511599,45.313561,0.0],[25.511547,45.313647,0.0],[25.511331,45.313854,0.0],[25.511157,45.313959,0.0],[25.511039,45.313988,0.0],[25.51026,45.314245,0.0],[25.51006,45.31432,0.0],[25.509847,45.314437,0.0],[25.509591,45.314669,0.0],[25.509475,45.314898,0.0],[25.509399,45.31504,0.0],[25.509335,45.315103,0.0],[25.509244,45.31516,0.0],[25.509191,45.315159,0.0],[25.509111,45.315145,0.0],[25.509034,45.315165,0.0],[25.508812,45.315195,0.0],[25.508683,45.315196,0.0],[25.508612,45.315191,0.0],[25.508541,45.315173,0.0],[25.508383,45.315165,0.0],[25.50821,45.315194,0.0],[25.508058,45.315212,0.0],[25.50785,45.315274,0.0],[25.507654,45.315301,0.0],[25.507576,45.315301,0.0],[25.507453,45.315295,0.0],[25.507171,45.315232,0.0],[25.507008,45.315177,0.0],[25.506841,45.31511,0.0],[25.506715,45.315047,0.0],[25.50652,45.314994,0.0],[25.506342,45.314942,0.0],[25.506227,45.314926,0.0],[25.506136,45.314924,0.0],[25.505976,45.31496,0.0],[25.505838,45.314981,0.0],[25.50566,45.314999,0.0],[25.505461,45.31502,0.0],[25.505366,45.315021,0.0],[25.50525,45.315043,0.0],[25.505057,45.315079,0.0],[25.504887,45.315119,0.0],[25.504814,45.315141,0.0],[25.50469,45.315215,0.0],[25.504639,45.31525,0.0],[25.504602,45.315309,0.0],[25.504572,45.315359,0.0],[25.504561,45.315447,0.0],[25.504562,45.315504,0.0],[25.5046,45.315644,0.0],[25.504596,45.315721,0.0],[25.504583,45.315742,0.0],[25.504535,45.315766,0.0],[25.504374,45.315857,0.0],[25.504305,45.315913,0.0],[25.504297,45.315953,0.0],[25.504277,45.316019,0.0],[25.504245,45.316062,0.0],[25.504185,45.316115,0.0],[25.504107,45.316243,0.0],[25.504072,45.316335,0.0],[25.504044,45.316401,0.0],[25.504034,45.316528,0.0],[25.504027,45.316676,0.0],[25.504021,45.316827,0.0],[25.504004,45.317006,0.0],[25.504005,45.31718,0.0],[25.504003,45.317274,0.0],[25.504005,45.31735,0.0],[25.503998,45.317434,0.0],[25.503986,45.317501,0.0],[25.50398,45.317573,0.0],[25.503917,45.31769,0.0],[25.503889,45.317762,0.0],[25.503782,45.317905,0.0],[25.503674,45.317999,0.0],[25.503613,45.318018,0.0],[25.503512,45.318038,0.0],[25.503474,45.318036,0.0],[25.503422,45.318026,0.0],[25.503298,45.317991,0.0],[25.503219,45.317963,0.0],[25.503046,45.317884,0.0],[25.502908,45.317815,0.0],[25.502813,45.317763,0.0],[25.502584,45.317629,0.0],[25.502432,45.317551,0.0],[25.502277,45.317473,0.0],[25.502078,45.317377,0.0],[25.501962,45.317326,0.0],[25.501679,45.317224,0.0],[25.501576,45.317185,0.0],[25.501489,45.317149,0.0],[25.501321,45.317092,0.0],[25.501086,45.317007,0.0],[25.500875,45.316939,0.0],[25.500665,45.31688,0.0],[25.500525,45.316846,0.0],[25.500296,45.316783,0.0],[25.500038,45.316725,0.0],[25.499667,45.316595,0.0],[25.499488,45.316488,0.0],[25.499351,45.316383,0.0],[25.49927,45.316291,0.0],[25.499121,45.316072,0.0],[25.499008,45.31611,0.0],[25.499017,45.316174,0.0],[25.499013,45.316228,0.0],[25.498812,45.31647,0.0],[25.498608,45.316707,0.0],[25.498401,45.316796,0.0],[25.497695,45.317091,0.0],[25.497544,45.317152,0.0],[25.496564,45.317379,0.0],[25.496332,45.317428,0.0],[25.496121,45.317452,0.0],[25.495717,45.317474,0.0],[25.495549,45.317476,0.0],[25.495484,45.317462,0.0],[25.495448,45.317448,0.0],[25.495398,45.317422,0.0],[25.495362,45.317391,0.0],[25.495323,45.317342,0.0],[25.495283,45.317287,0.0],[25.495193,45.317171,0.0],[25.495081,45.317024,0.0],[25.495006,45.316924,0.0],[25.494886,45.316765,0.0],[25.494785,45.316669,0.0],[25.494713,45.316639,0.0],[25.494597,45.316595,0.0],[25.494261,45.316445,0.0],[25.494092,45.316373,0.0],[25.493948,45.316311,0.0],[25.493839,45.316287,0.0],[25.493297,45.316107,0.0],[25.492801,45.315945,0.0],[25.49255,45.315861,0.0],[25.49229,45.315769,0.0],[25.492089,45.315697,0.0],[25.491804,45.3156,0.0],[25.491679,45.315577,0.0],[25.49111,45.315499,0.0],[25.490665,45.315436,0.0],[25.49051,45.315417,0.0],[25.49014,45.315453,0.0],[25.489937,45.315473,0.0],[25.489583,45.315507,0.0],[25.489356,45.315494,0.0],[25.48915,45.315459,0.0],[25.488919,45.315395,0.0],[25.488732,45.315322,0.0],[25.488578,45.315244,0.0],[25.488394,45.315128,0.0],[25.488263,45.315048,0.0],[25.488018,45.314895,0.0],[25.487719,45.31471,0.0],[25.487529,45.314593,0.0],[25.487488,45.314589,0.0],[25.487461,45.31459,0.0],[25.487437,45.31461,0.0],[25.487418,45.314643,0.0],[25.487385,45.314753,0.0],[25.487275,45.315037,0.0],[25.487172,45.315286,0.0],[25.487114,45.315372,0.0],[25.487086,45.315417,0.0],[25.487021,45.31547,0.0],[25.486815,45.315598,0.0],[25.486405,45.315821,0.0],[25.486267,45.315902,0.0],[25.486152,45.315967,0.0],[25.486014,45.316054,0.0],[25.485982,45.316124,0.0],[25.485976,45.316165,0.0],[25.485977,45.316256,0.0],[25.48599,45.316339,0.0],[25.486002,45.316433,0.0],[25.485999,45.31652,0.0],[25.486025,45.316608,0.0],[25.486035,45.316709,0.0],[25.486036,45.31686,0.0],[25.486014,45.317027,0.0],[25.485978,45.317366,0.0],[25.485979,45.317436,0.0],[25.485728,45.317321,0.0],[25.485354,45.317161,0.0],[25.485192,45.317104,0.0],[25.485054,45.317089,0.0],[25.484913,45.317116,0.0],[25.484731,45.317197,0.0],[25.484536,45.317353,0.0],[25.484439,45.317492,0.0],[25.484428,45.317794,0.0],[25.484425,45.318117,0.0],[25.484266,45.318292,0.0],[25.484195,45.318398,0.0],[25.484167,45.318556,0.0],[25.484148,45.318784,0.0],[25.48375,45.319474,0.0],[25.48367,45.319622,0.0],[25.483651,45.319669,0.0],[25.483557,45.319649,0.0],[25.483497,45.319641,0.0],[25.483383,45.319652,0.0],[25.483341,45.319779,0.0],[25.483293,45.31985,0.0],[25.483208,45.31992,0.0],[25.483081,45.320003,0.0],[25.482869,45.320107,0.0],[25.482638,45.320209,0.0],[25.482206,45.320404,0.0],[25.482046,45.320491,0.0],[25.481862,45.320611,0.0],[25.481616,45.320751,0.0],[25.481208,45.320992,0.0],[25.480924,45.321082,0.0],[25.479894,45.32147,0.0],[25.479385,45.321657,0.0],[25.479072,45.321817,0.0],[25.478809,45.322008,0.0],[25.478678,45.322174,0.0],[25.478535,45.322388,0.0],[25.478424,45.322595,0.0],[25.478282,45.322896,0.0],[25.478173,45.323137,0.0],[25.478148,45.323306,0.0],[25.478002,45.323881,0.0],[25.477961,45.323985,0.0],[25.477915,45.324022,0.0],[25.47782,45.324204,0.0],[25.477752,45.324413,0.0],[25.477732,45.32452,0.0],[25.477677,45.32481,0.0],[25.477667,45.324979,0.0],[25.477631,45.325056,0.0],[25.477485,45.325194,0.0],[25.477433,45.325265,0.0],[25.477364,45.325341,0.0],[25.477261,45.325448,0.0],[25.477202,45.32551,0.0],[25.477096,45.325661,0.0],[25.477035,45.325717,0.0],[25.476917,45.325875,0.0],[25.476728,45.325974,0.0],[25.476669,45.325993,0.0],[25.476403,45.32613,0.0],[25.476151,45.326285,0.0],[25.475955,45.326475,0.0],[25.475819,45.326667,0.0],[25.475786,45.326796,0.0],[25.475696,45.326867,0.0],[25.475579,45.326996,0.0],[25.475386,45.327173,0.0],[25.475256,45.327305,0.0],[25.475134,45.32742,0.0],[25.475001,45.327477,0.0],[25.474516,45.327624,0.0],[25.474134,45.327738,0.0],[25.474647,45.328509,0.0],[25.475103,45.329131,0.0],[25.475673,45.329979,0.0],[25.476399,45.331022,0.0],[25.477106,45.332069,0.0],[25.477631,45.332844,0.0],[25.47779,45.333063,0.0],[25.477841,45.333249,0.0],[25.477791,45.333312,0.0],[25.477677,45.333427,0.0],[25.477623,45.333546,0.0],[25.477598,45.33364,0.0],[25.477571,45.333787,0.0],[25.477585,45.333913,0.0],[25.47761,45.333961,0.0],[25.477608,45.333998,0.0],[25.477594,45.334048,0.0],[25.47757,45.334111,0.0],[25.477525,45.334234,0.0],[25.477519,45.334283,0.0],[25.47751,45.33435,0.0],[25.477506,45.334452,0.0],[25.477517,45.334523,0.0],[25.477536,45.334579,0.0],[25.477555,45.334622,0.0],[25.477598,45.334714,0.0],[25.477664,45.334811,0.0],[25.477721,45.334851,0.0],[25.477746,45.334873,0.0],[25.477727,45.334911,0.0],[25.47771,45.334945,0.0],[25.477704,45.335002,0.0],[25.47773,45.335114,0.0],[25.477743,45.335214,0.0],[25.477746,45.335258,0.0],[25.477748,45.335428,0.0],[25.477766,45.335527,0.0],[25.477802,45.335579,0.0],[25.477836,45.335638,0.0],[25.477857,45.335695,0.0],[25.477889,45.335775,0.0],[25.477898,45.335843,0.0],[25.477912,45.335902,0.0],[25.477959,45.335984,0.0],[25.478005,45.336051,0.0],[25.478009,45.336094,0.0],[25.477989,45.336135,0.0],[25.477872,45.336346,0.0],[25.477825,45.336428,0.0],[25.477811,45.336499,0.0],[25.477818,45.336552,0.0],[25.477872,45.3366,0.0],[25.477952,45.336642,0.0],[25.478024,45.336672,0.0],[25.478069,45.336704,0.0],[25.478064,45.336761,0.0],[25.478024,45.336782,0.0],[25.477978,45.3368,0.0],[25.47791,45.336809,0.0],[25.477833,45.336813,0.0],[25.477717,45.336825,0.0],[25.477642,45.33685,0.0],[25.477572,45.336915,0.0],[25.477535,45.336938,0.0],[25.477498,45.336951,0.0],[25.477446,45.336967,0.0],[25.477412,45.336979,0.0],[25.477339,45.337014,0.0],[25.4773,45.337037,0.0],[25.477235,45.337086,0.0],[25.477193,45.337132,0.0],[25.477177,45.337158,0.0],[25.477176,45.33718,0.0],[25.477194,45.337203,0.0],[25.477202,45.337214,0.0],[25.477079,45.33728,0.0],[25.477007,45.337312,0.0],[25.476904,45.337346,0.0],[25.476776,45.337374,0.0],[25.476621,45.337396,0.0],[25.476523,45.337419,0.0],[25.476437,45.337449,0.0],[25.476375,45.337481,0.0],[25.476273,45.33755,0.0],[25.476108,45.337673,0.0],[25.475932,45.337791,0.0],[25.47573,45.337907,0.0],[25.475683,45.337935,0.0],[25.475615,45.337962,0.0],[25.475527,45.33799,0.0],[25.475468,45.338003,0.0],[25.475416,45.338022,0.0],[25.475357,45.338062,0.0],[25.475339,45.338075,0.0],[25.475298,45.338077,0.0],[25.475245,45.338079,0.0],[25.475194,45.338092,0.0],[25.475138,45.338127,0.0],[25.475087,45.338158,0.0],[25.475039,45.338166,0.0],[25.474957,45.338207,0.0],[25.474874,45.338258,0.0],[25.474829,45.338271,0.0],[25.474772,45.338268,0.0],[25.474704,45.338259,0.0],[25.474616,45.338259,0.0],[25.474561,45.338267,0.0],[25.474484,45.33828,0.0],[25.474355,45.338321,0.0],[25.474318,45.338341,0.0],[25.474285,45.338341,0.0],[25.474228,45.338348,0.0],[25.474099,45.338341,0.0],[25.474031,45.338349,0.0],[25.474,45.338373,0.0],[25.473987,45.338408,0.0],[25.473966,45.338442,0.0],[25.473948,45.338454,0.0],[25.47392,45.338454,0.0],[25.473856,45.338451,0.0],[25.473797,45.338447,0.0],[25.473744,45.338447,0.0],[25.473696,45.338461,0.0],[25.473657,45.338488,0.0],[25.473615,45.338527,0.0],[25.473587,45.338538,0.0],[25.473554,45.338541,0.0],[25.473521,45.338524,0.0],[25.473462,45.338515,0.0],[25.473431,45.338555,0.0],[25.473375,45.338611,0.0],[25.473325,45.338672,0.0],[25.473224,45.338705,0.0],[25.472983,45.338757,0.0],[25.472302,45.338913,0.0],[25.471876,45.339031,0.0],[25.471811,45.339215,0.0],[25.471779,45.339403,0.0],[25.471736,45.339622,0.0],[25.471579,45.339808,0.0],[25.471436,45.339966,0.0],[25.471219,45.340122,0.0],[25.470965,45.340278,0.0],[25.470835,45.340352,0.0],[25.470617,45.340436,0.0],[25.470223,45.340539,0.0],[25.469951,45.340627,0.0],[25.46995,45.3408,0.0],[25.470045,45.341068,0.0],[25.470115,45.341201,0.0],[25.470073,45.341292,0.0],[25.470086,45.341342,0.0],[25.470168,45.341416,0.0],[25.470198,45.341471,0.0],[25.47021,45.341508,0.0],[25.470215,45.341543,0.0],[25.470215,45.341598,0.0],[25.47021,45.341669,0.0],[25.470224,45.341749,0.0],[25.470245,45.341846,0.0],[25.47027,45.341917,0.0],[25.470311,45.34197,0.0],[25.470347,45.342006,0.0],[25.470389,45.342043,0.0],[25.470413,45.342076,0.0],[25.470421,45.342121,0.0],[25.47042,45.342138,0.0],[25.470406,45.342162,0.0],[25.470387,45.342216,0.0],[25.470383,45.342269,0.0],[25.47039,45.342332,0.0],[25.470372,45.342379,0.0],[25.470353,45.34242,0.0],[25.470297,45.342517,0.0],[25.470225,45.342629,0.0],[25.470201,45.342693,0.0],[25.470194,45.342759,0.0],[25.470199,45.342816,0.0],[25.470227,45.342871,0.0],[25.470262,45.342939,0.0],[25.470301,45.343034,0.0],[25.470359,45.343175,0.0],[25.470316,45.34318,0.0],[25.470286,45.343197,0.0],[25.470278,45.343227,0.0],[25.470273,45.343249,0.0],[25.47026,45.343291,0.0],[25.470245,45.343364,0.0],[25.470227,45.343393,0.0],[25.470186,45.343426,0.0],[25.470124,45.343448,0.0],[25.470028,45.343465,0.0],[25.469944,45.343461,0.0],[25.469874,45.343444,0.0],[25.469786,45.34342,0.0],[25.469719,45.343427,0.0],[25.469636,45.34346,0.0],[25.469538,45.343505,0.0],[25.469476,45.343543,0.0],[25.469431,45.343587,0.0],[25.469365,45.343647,0.0],[25.469302,45.343715,0.0],[25.469227,45.343799,0.0],[25.469169,45.343839,0.0],[25.469112,45.343912,0.0],[25.469068,45.343965,0.0],[25.469031,45.344021,0.0],[25.468971,45.344093,0.0],[25.468899,45.344167,0.0],[25.468837,45.344248,0.0],[25.468801,45.344294,0.0],[25.468746,45.344376,0.0],[25.468701,45.344445,0.0],[25.468677,45.344521,0.0],[25.468645,45.344605,0.0],[25.468643,45.344653,0.0],[25.468652,45.344717,0.0],[25.468641,45.34482,0.0],[25.468627,45.344912,0.0],[25.468621,45.344952,0.0],[25.468602,45.345006,0.0],[25.468566,45.345096,0.0],[25.468538,45.345155,0.0],[25.468513,45.345219,0.0],[25.468431,45.345379,0.0],[25.46839,45.345459,0.0],[25.468344,45.345557,0.0],[25.468266,45.345679,0.0],[25.468199,45.345772,0.0],[25.468121,45.345864,0.0],[25.468003,45.346012,0.0],[25.467925,45.346115,0.0],[25.467888,45.346178,0.0],[25.467866,45.346217,0.0],[25.467815,45.346297,0.0],[25.467778,45.346364,0.0],[25.467759,45.346417,0.0],[25.467757,45.346467,0.0],[25.467763,45.346517,0.0],[25.46777,45.346586,0.0],[25.467783,45.346644,0.0],[25.467773,45.346692,0.0],[25.467739,45.346732,0.0],[25.467723,45.346762,0.0],[25.467726,45.346808,0.0],[25.467731,45.346824,0.0],[25.467748,45.346857,0.0],[25.467757,45.346917,0.0],[25.467748,45.346946,0.0],[25.467732,45.346994,0.0],[25.467706,45.347045,0.0],[25.467691,45.347097,0.0],[25.467698,45.347131,0.0],[25.467712,45.347166,0.0],[25.467727,45.347192,0.0],[25.467732,45.347217,0.0],[25.467753,45.347296,0.0],[25.46778,45.347378,0.0],[25.46782,45.34743,0.0],[25.467874,45.347477,0.0],[25.467925,45.347522,0.0],[25.468021,45.347597,0.0],[25.468128,45.347678,0.0],[25.46822,45.347746,0.0],[25.468314,45.347806,0.0],[25.468454,45.347877,0.0],[25.46851,45.347909,0.0],[25.468584,45.347956,0.0],[25.468625,45.347987,0.0],[25.46869,45.348038,0.0],[25.468751,45.348093,0.0],[25.468792,45.348132,0.0],[25.468821,45.348164,0.0],[25.468843,45.348199,0.0],[25.468855,45.348232,0.0],[25.468858,45.348271,0.0],[25.468877,45.348336,0.0],[25.468885,45.348397,0.0],[25.468894,45.348427,0.0],[25.468918,45.348476,0.0],[25.469017,45.348634,0.0],[25.469086,45.348737,0.0],[25.469164,45.348835,0.0],[25.469244,45.348933,0.0],[25.469296,45.349007,0.0],[25.46932,45.349076,0.0],[25.469338,45.349138,0.0],[25.46934,45.349183,0.0],[25.469326,45.349237,0.0],[25.469293,45.34929,0.0],[25.469266,45.349349,0.0],[25.469243,45.349393,0.0],[25.469237,45.349455,0.0],[25.469241,45.349669,0.0],[25.469235,45.349744,0.0],[25.469202,45.349826,0.0],[25.469135,45.349968,0.0],[25.469116,45.350021,0.0],[25.469031,45.350193,0.0],[25.468919,45.35041,0.0],[25.468864,45.350499,0.0],[25.468804,45.350567,0.0],[25.468753,45.350656,0.0],[25.468754,45.350703,0.0],[25.468768,45.350747,0.0],[25.468828,45.350779,0.0],[25.468939,45.350831,0.0],[25.468999,45.350872,0.0],[25.469019,45.350909,0.0],[25.469035,45.350947,0.0],[25.46905,45.350984,0.0],[25.469046,45.351015,0.0],[25.469018,45.351046,0.0],[25.468943,45.351135,0.0],[25.468907,45.351191,0.0],[25.468876,45.351287,0.0],[25.468859,45.351347,0.0],[25.468857,45.351388,0.0],[25.468858,45.35147,0.0],[25.468865,45.351575,0.0],[25.46888,45.351668,0.0],[25.468907,45.351728,0.0],[25.468923,45.351767,0.0],[25.468954,45.351812,0.0],[25.468989,45.351855,0.0],[25.469013,45.351895,0.0],[25.46904,45.351942,0.0],[25.469075,45.352013,0.0],[25.469101,45.352075,0.0],[25.46911,45.352126,0.0],[25.469145,45.352211,0.0],[25.469167,45.35229,0.0],[25.469259,45.352533,0.0],[25.469336,45.352774,0.0],[25.469392,45.352846,0.0],[25.469474,45.352896,0.0],[25.469605,45.352937,0.0],[25.469731,45.352972,0.0],[25.469818,45.353008,0.0],[25.469926,45.35307,0.0],[25.470034,45.353133,0.0],[25.470133,45.35318,0.0],[25.470234,45.353203,0.0],[25.470366,45.35322,0.0],[25.470475,45.35324,0.0],[25.47054,45.353263,0.0],[25.470738,45.353336,0.0],[25.470874,45.353387,0.0],[25.470999,45.353458,0.0],[25.471079,45.353515,0.0],[25.471168,45.353596,0.0],[25.471236,45.353683,0.0],[25.4713,45.353801,0.0],[25.471409,45.353867,0.0],[25.47172,45.354079,0.0],[25.47175,45.354159,0.0],[25.471756,45.354217,0.0],[25.471758,45.354273,0.0],[25.471753,45.354358,0.0],[25.471742,45.354427,0.0],[25.471777,45.35448,0.0],[25.471839,45.354548,0.0],[25.471877,45.354588,0.0],[25.471891,45.354654,0.0],[25.471888,45.354713,0.0],[25.471919,45.354789,0.0],[25.471959,45.354827,0.0],[25.47199,45.354886,0.0],[25.472012,45.354951,0.0],[25.472028,45.35508,0.0],[25.472032,45.355169,0.0],[25.472054,45.355245,0.0],[25.472088,45.355309,0.0],[25.472119,45.355334,0.0],[25.472166,45.355355,0.0],[25.472239,45.355388,0.0],[25.472266,45.355415,0.0],[25.47229,45.355456,0.0],[25.472262,45.355524,0.0],[25.47225,45.355574,0.0],[25.472201,45.355662,0.0],[25.472128,45.35577,0.0],[25.472068,45.355872,0.0],[25.472016,45.355938,0.0],[25.471958,45.355994,0.0],[25.471913,45.35602,0.0],[25.47177,45.35607,0.0],[25.471632,45.356115,0.0],[25.471592,45.356154,0.0],[25.471578,45.356224,0.0],[25.471593,45.356285,0.0],[25.471657,45.356392,0.0],[25.471712,45.356487,0.0],[25.471816,45.356605,0.0],[25.471912,45.356696,0.0],[25.471933,45.356729,0.0],[25.471881,45.356793,0.0],[25.471799,45.356864,0.0],[25.471793,45.356917,0.0],[25.471812,45.35698,0.0],[25.471927,45.357003,0.0],[25.471989,45.357021,0.0],[25.472155,45.357025,0.0],[25.472362,45.357016,0.0],[25.472452,45.357096,0.0],[25.472626,45.357151,0.0],[25.472784,45.357121,0.0],[25.472898,45.357083,0.0],[25.473138,45.357017,0.0],[25.473237,45.357011,0.0],[25.473386,45.357032,0.0],[25.473495,45.357054,0.0],[25.473604,45.357075,0.0],[25.473748,45.357142,0.0],[25.473778,45.357222,0.0],[25.473771,45.357392,0.0],[25.473771,45.35767,0.0],[25.473754,45.357824,0.0],[25.473722,45.357938,0.0],[25.473647,45.358075,0.0],[25.473633,45.35818,0.0],[25.473655,45.358331,0.0],[25.473771,45.358412,0.0],[25.473795,45.358477,0.0],[25.473745,45.358593,0.0],[25.473672,45.358713,0.0],[25.473602,45.35884,0.0],[25.473514,45.358927,0.0],[25.473442,45.359009,0.0],[25.473335,45.359121,0.0],[25.473279,45.359217,0.0],[25.473261,45.359278,0.0],[25.473272,45.359346,0.0],[25.473291,45.359398,0.0],[25.473303,45.359459,0.0],[25.473292,45.359511,0.0],[25.473321,45.35956,0.0],[25.473439,45.359552,0.0],[25.473497,45.359512,0.0],[25.473593,45.359528,0.0],[25.473638,45.359536,0.0],[25.473688,45.359596,0.0],[25.473689,45.359712,0.0],[25.473688,45.359747,0.0],[25.473661,45.359832,0.0],[25.473587,45.359927,0.0],[25.473501,45.360007,0.0],[25.473345,45.360145,0.0],[25.473155,45.360308,0.0],[25.473018,45.360449,0.0],[25.472847,45.360669,0.0],[25.472827,45.36079,0.0],[25.472855,45.360919,0.0],[25.472882,45.360992,0.0],[25.472922,45.361036,0.0],[25.472983,45.361091,0.0],[25.473003,45.361108,0.0],[25.473031,45.36116,0.0],[25.473017,45.361214,0.0],[25.472983,45.361256,0.0],[25.472965,45.3613,0.0],[25.472975,45.361369,0.0],[25.472995,45.36142,0.0],[25.473,45.361499,0.0],[25.472972,45.36158,0.0],[25.472985,45.361631,0.0],[25.473003,45.361717,0.0],[25.473036,45.361812,0.0],[25.473062,45.361855,0.0],[25.47311,45.361907,0.0],[25.473161,45.36195,0.0],[25.473269,45.361988,0.0],[25.473443,45.362041,0.0],[25.473568,45.362088,0.0],[25.473605,45.362143,0.0],[25.473615,45.362166,0.0],[25.473599,45.362216,0.0],[25.473584,45.362269,0.0],[25.473552,45.362358,0.0],[25.473519,45.362445,0.0],[25.4734,45.362747,0.0],[25.473278,45.362963,0.0],[25.47323,45.363036,0.0],[25.473142,45.363163,0.0],[25.47304,45.363301,0.0],[25.472972,45.36343,0.0],[25.472913,45.363552,0.0],[25.47289,45.363604,0.0],[25.472873,45.36369,0.0],[25.472851,45.363821,0.0],[25.472855,45.363922,0.0],[25.472876,45.363976,0.0],[25.472921,45.364048,0.0],[25.472948,45.364112,0.0],[25.472962,45.36415,0.0],[25.472945,45.364192,0.0],[25.472909,45.36423,0.0],[25.472779,45.364328,0.0],[25.472676,45.364411,0.0],[25.472686,45.364484,0.0],[25.472717,45.36457,0.0],[25.472782,45.36469,0.0],[25.472837,45.36478,0.0],[25.472894,45.364859,0.0],[25.472923,45.364909,0.0],[25.472894,45.365002,0.0],[25.47282,45.365131,0.0],[25.472753,45.365205,0.0],[25.472719,45.365267,0.0],[25.472693,45.365368,0.0],[25.472701,45.365468,0.0],[25.47271,45.365551,0.0],[25.472737,45.365599,0.0],[25.472774,45.365633,0.0],[25.472775,45.365677,0.0],[25.472754,45.365726,0.0],[25.472724,45.365763,0.0],[25.472599,45.365866,0.0],[25.472478,45.365966,0.0],[25.472422,45.366069,0.0],[25.472348,45.366181,0.0],[25.472271,45.366255,0.0],[25.472225,45.36628,0.0],[25.47212,45.366318,0.0],[25.471954,45.366367,0.0],[25.471738,45.366434,0.0],[25.471591,45.366505,0.0],[25.471444,45.366591,0.0],[25.471374,45.366659,0.0],[25.471347,45.366714,0.0],[25.471324,45.366776,0.0],[25.471317,45.366811,0.0],[25.471328,45.366841,0.0],[25.471409,45.366901,0.0],[25.471543,45.36697,0.0],[25.471676,45.36702,0.0],[25.471741,45.36703,0.0],[25.471859,45.367038,0.0],[25.471907,45.367052,0.0],[25.472009,45.367088,0.0],[25.472151,45.367128,0.0],[25.472173,45.367142,0.0],[25.472099,45.36726,0.0],[25.471996,45.367318,0.0],[25.471841,45.367333,0.0],[25.471763,45.367333,0.0],[25.471668,45.367338,0.0],[25.471576,45.367346,0.0],[25.47148,45.367375,0.0],[25.471411,45.367422,0.0],[25.471326,45.367499,0.0],[25.471309,45.367538,0.0],[25.471288,45.367607,0.0],[25.471292,45.367682,0.0],[25.471297,45.367762,0.0],[25.47131,45.367799,0.0],[25.47135,45.36789,0.0],[25.471376,45.367949,0.0],[25.471396,45.368015,0.0],[25.471401,45.368089,0.0],[25.471391,45.368149,0.0],[25.471384,45.368229,0.0],[25.471362,45.368305,0.0],[25.471338,45.368436,0.0],[25.471322,45.368507,0.0],[25.471302,45.36858,0.0],[25.471283,45.368642,0.0],[25.471266,45.36871,0.0],[25.471262,45.368782,0.0],[25.471262,45.368872,0.0],[25.471269,45.369009,0.0],[25.471282,45.369129,0.0],[25.471309,45.369311,0.0],[25.471342,45.369455,0.0],[25.47132,45.369571,0.0],[25.471297,45.369684,0.0],[25.471265,45.369776,0.0],[25.471221,45.369838,0.0],[25.471183,45.36994,0.0],[25.471183,45.369995,0.0],[25.47126,45.370059,0.0],[25.471334,45.370077,0.0],[25.471451,45.370085,0.0],[25.471561,45.37008,0.0],[25.471641,45.370085,0.0],[25.471739,45.370116,0.0],[25.471837,45.370182,0.0],[25.471871,45.370224,0.0],[25.471892,45.370281,0.0],[25.471892,45.370329,0.0],[25.471872,45.370412,0.0],[25.471828,45.370522,0.0],[25.47173,45.370662,0.0],[25.471685,45.370699,0.0],[25.471639,45.37074,0.0],[25.471582,45.370767,0.0],[25.471488,45.370813,0.0],[25.471452,45.370824,0.0],[25.471306,45.370836,0.0],[25.471182,45.370835,0.0],[25.471005,45.370815,0.0],[25.470947,45.370806,0.0],[25.470875,45.370764,0.0],[25.47081,45.370729,0.0],[25.470753,45.370722,0.0],[25.470705,45.370733,0.0],[25.470682,45.370744,0.0],[25.470655,45.370765,0.0],[25.470625,45.37082,0.0],[25.470615,45.370869,0.0],[25.470616,45.370952,0.0],[25.470621,45.370981,0.0],[25.470627,45.371122,0.0],[25.470632,45.371187,0.0],[25.470642,45.371279,0.0],[25.470671,45.371337,0.0],[25.470694,45.371366,0.0],[25.470749,45.371392,0.0],[25.470826,45.371392,0.0],[25.470915,45.371381,0.0],[25.47099,45.371374,0.0],[25.471095,45.371367,0.0],[25.471159,45.371365,0.0],[25.471253,45.371372,0.0],[25.471332,45.37139,0.0],[25.471407,45.371421,0.0],[25.471451,45.37145,0.0],[25.471485,45.371474,0.0],[25.471535,45.371538,0.0],[25.471547,45.37156,0.0],[25.471575,45.3716,0.0],[25.471617,45.371647,0.0],[25.471644,45.371678,0.0],[25.471681,45.371702,0.0],[25.471761,45.371744,0.0],[25.471828,45.37178,0.0],[25.471895,45.371826,0.0],[25.471938,45.371845,0.0],[25.471991,45.371861,0.0],[25.472043,45.371893,0.0],[25.472095,45.37195,0.0],[25.472154,45.372013,0.0],[25.472203,45.372057,0.0],[25.472276,45.372108,0.0],[25.472317,45.372119,0.0],[25.472362,45.372123,0.0],[25.472455,45.372154,0.0],[25.472513,45.3722,0.0],[25.472561,45.372273,0.0],[25.472591,45.372334,0.0],[25.472642,45.372385,0.0],[25.472658,45.372408,0.0],[25.472686,45.372455,0.0],[25.472719,45.372514,0.0],[25.472752,45.372575,0.0],[25.472803,45.372631,0.0],[25.472841,45.372674,0.0],[25.472857,45.372711,0.0],[25.472869,45.372766,0.0],[25.472884,45.372815,0.0],[25.472897,45.37285,0.0],[25.472919,45.372907,0.0],[25.472932,45.372944,0.0],[25.472943,45.372984,0.0],[25.472938,45.373052,0.0],[25.472916,45.373108,0.0],[25.472888,45.373171,0.0],[25.472843,45.373227,0.0],[25.472788,45.373288,0.0],[25.472762,45.373343,0.0],[25.472724,45.373395,0.0],[25.472702,45.373407,0.0],[25.472646,45.373429,0.0],[25.472558,45.373472,0.0],[25.472525,45.373492,0.0],[25.472354,45.373581,0.0],[25.472259,45.373637,0.0],[25.472202,45.373687,0.0],[25.472172,45.373741,0.0],[25.472149,45.373794,0.0],[25.472135,45.373878,0.0],[25.47212,45.373949,0.0],[25.472108,45.374004,0.0],[25.472094,45.374066,0.0],[25.472063,45.374134,0.0],[25.472006,45.374183,0.0],[25.471907,45.374222,0.0],[25.471789,45.374263,0.0],[25.471665,45.374322,0.0],[25.47143,45.374393,0.0],[25.471238,45.374442,0.0],[25.471133,45.374482,0.0],[25.47108,45.374516,0.0],[25.471069,45.374535,0.0],[25.471054,45.374564,0.0],[25.471042,45.374613,0.0],[25.471049,45.374648,0.0],[25.471056,45.374689,0.0],[25.471048,45.374719,0.0],[25.471065,45.374734,0.0],[25.471139,45.37477,0.0],[25.471203,45.374811,0.0],[25.471254,45.37485,0.0],[25.471288,45.374866,0.0],[25.471364,45.37488,0.0],[25.471435,45.374894,0.0],[25.471517,45.374909,0.0],[25.471561,45.374925,0.0],[25.471624,45.374956,0.0],[25.471684,45.374988,0.0],[25.471729,45.375036,0.0],[25.471775,45.375085,0.0],[25.47182,45.375143,0.0],[25.471907,45.375268,0.0],[25.471971,45.37536,0.0],[25.472024,45.375424,0.0],[25.472086,45.375487,0.0],[25.472158,45.375555,0.0],[25.472287,45.375643,0.0],[25.472351,45.375686,0.0],[25.472405,45.375729,0.0],[25.472462,45.375757,0.0],[25.472558,45.375781,0.0],[25.472664,45.375797,0.0],[25.472773,45.375809,0.0],[25.472857,45.375822,0.0],[25.472935,45.375857,0.0],[25.473003,45.375908,0.0],[25.473084,45.375998,0.0],[25.473193,45.376104,0.0],[25.473264,45.376188,0.0],[25.473344,45.376304,0.0],[25.473391,45.376399,0.0],[25.473427,45.376496,0.0],[25.473469,45.376684,0.0],[25.473519,45.376827,0.0],[25.473551,45.376879,0.0],[25.473587,45.376949,0.0],[25.473612,45.377,0.0],[25.473614,45.377049,0.0],[25.47361,45.377097,0.0],[25.473606,45.377145,0.0],[25.473552,45.377258,0.0],[25.473505,45.377349,0.0],[25.473493,45.377394,0.0],[25.473497,45.377437,0.0],[25.473518,45.37748,0.0],[25.473537,45.377541,0.0],[25.473535,45.377589,0.0],[25.473507,45.377627,0.0],[25.473497,45.377682,0.0],[25.473504,45.377714,0.0],[25.473532,45.377763,0.0],[25.473537,45.377806,0.0],[25.473527,45.377845,0.0],[25.473517,45.37786,0.0],[25.473503,45.377879,0.0],[25.473436,45.377926,0.0],[25.473381,45.377967,0.0],[25.473334,45.378041,0.0],[25.473267,45.378147,0.0],[25.47324,45.378244,0.0],[25.473234,45.378352,0.0],[25.473229,45.37846,0.0],[25.473259,45.378632,0.0],[25.473303,45.378773,0.0],[25.473385,45.378947,0.0],[25.473419,45.379003,0.0],[25.473495,45.379096,0.0],[25.47356,45.379208,0.0],[25.473622,45.379306,0.0],[25.473681,45.379428,0.0],[25.473705,45.379497,0.0],[25.473765,45.379598,0.0],[25.473837,45.379654,0.0],[25.473912,45.379681,0.0],[25.474016,45.379708,0.0],[25.47416,45.379748,0.0],[25.474244,45.379774,0.0],[25.474385,45.379815,0.0],[25.474469,45.379842,0.0],[25.474515,45.379862,0.0],[25.474578,45.379892,0.0],[25.474639,45.379927,0.0],[25.474691,45.37996,0.0],[25.474796,45.380016,0.0],[25.474852,45.38005,0.0],[25.474955,45.380104,0.0],[25.475039,45.380143,0.0],[25.475127,45.380184,0.0],[25.475259,45.38024,0.0],[25.475315,45.38026,0.0],[25.475369,45.380278,0.0],[25.475475,45.380303,0.0],[25.475535,45.380337,0.0],[25.475597,45.380379,0.0],[25.475669,45.380439,0.0],[25.475728,45.380483,0.0],[25.475786,45.380533,0.0],[25.475836,45.380569,0.0],[25.475869,45.380591,0.0],[25.475916,45.380619,0.0],[25.475983,45.380663,0.0],[25.476078,45.380718,0.0],[25.476133,45.380749,0.0],[25.4762,45.380771,0.0],[25.476265,45.380794,0.0],[25.4763,45.380808,0.0],[25.476308,45.380827,0.0],[25.476306,45.380849,0.0],[25.476264,45.38092,0.0],[25.476182,45.381024,0.0],[25.476151,45.381085,0.0],[25.476159,45.381111,0.0],[25.476198,45.381137,0.0],[25.476263,45.381141,0.0],[25.476336,45.381132,0.0],[25.476424,45.381118,0.0],[25.476481,45.381103,0.0],[25.476604,45.381065,0.0],[25.47666,45.381056,0.0],[25.476743,45.381055,0.0],[25.476824,45.381061,0.0],[25.476921,45.381067,0.0],[25.476997,45.381087,0.0],[25.477045,45.381107,0.0],[25.477093,45.381144,0.0],[25.477131,45.381173,0.0],[25.477169,45.381185,0.0],[25.477229,45.381206,0.0],[25.477314,45.38122,0.0],[25.477354,45.381239,0.0],[25.477384,45.381257,0.0],[25.477422,45.381286,0.0],[25.477476,45.381336,0.0],[25.477514,45.381364,0.0],[25.477557,45.381384,0.0],[25.477619,45.3814,0.0],[25.477707,45.381401,0.0],[25.477786,45.38138,0.0],[25.477881,45.381337,0.0],[25.477997,45.381223,0.0],[25.478109,45.381117,0.0],[25.478189,45.381049,0.0],[25.478265,45.381038,0.0],[25.478377,45.38104,0.0],[25.478496,45.381058,0.0],[25.478715,45.381173,0.0],[25.478968,45.381281,0.0],[25.479064,45.381337,0.0],[25.479215,45.381412,0.0],[25.479398,45.381519,0.0],[25.479575,45.381624,0.0],[25.47971,45.381708,0.0],[25.47977,45.381748,0.0],[25.479784,45.381775,0.0],[25.479787,45.381799,0.0],[25.479769,45.381847,0.0],[25.47972,45.381894,0.0],[25.479692,45.38194,0.0],[25.479679,45.381968,0.0],[25.479673,45.382004,0.0],[25.479689,45.382039,0.0],[25.479708,45.382062,0.0],[25.479746,45.382099,0.0],[25.479788,45.382124,0.0],[25.479847,45.38215,0.0],[25.479948,45.382177,0.0],[25.480029,45.382182,0.0],[25.480101,45.382182,0.0],[25.480187,45.382189,0.0],[25.480265,45.382206,0.0],[25.480321,45.382242,0.0],[25.480385,45.382285,0.0],[25.480472,45.382375,0.0],[25.480521,45.382432,0.0],[25.480599,45.382523,0.0],[25.480647,45.382588,0.0],[25.480699,45.382647,0.0],[25.48076,45.382691,0.0],[25.480846,45.382738,0.0],[25.480893,45.38278,0.0],[25.480901,45.382806,0.0],[25.480871,45.382836,0.0],[25.480821,45.382851,0.0],[25.480747,45.382872,0.0],[25.48062,45.382893,0.0],[25.480561,45.382903,0.0],[25.480518,45.382931,0.0],[25.480498,45.382963,0.0],[25.480488,45.383002,0.0],[25.480484,45.38305,0.0],[25.480493,45.383082,0.0],[25.480506,45.383117,0.0],[25.48053,45.383146,0.0],[25.480573,45.383179,0.0],[25.480634,45.383208,0.0],[25.480702,45.383208,0.0],[25.480767,45.383229,0.0],[25.480805,45.383242,0.0],[25.480831,45.383282,0.0],[25.480841,45.38332,0.0],[25.48084,45.383378,0.0],[25.480835,45.383417,0.0],[25.48083,45.383455,0.0],[25.480829,45.383522,0.0],[25.480821,45.383592,0.0],[25.480832,45.383703,0.0],[25.480856,45.383768,0.0],[25.480887,45.38387,0.0],[25.480899,45.383919,0.0],[25.480962,45.384233,0.0],[25.480955,45.384268,0.0],[25.48089,45.384292,0.0],[25.480803,45.384293,0.0],[25.480744,45.384323,0.0],[25.480664,45.38438,0.0],[25.480639,45.384422,0.0],[25.480634,45.384475,0.0],[25.480613,45.384512,0.0],[25.480574,45.384547,0.0],[25.480533,45.384608,0.0],[25.480515,45.384657,0.0],[25.480519,45.38468,0.0],[25.480535,45.384704,0.0],[25.480638,45.384763,0.0],[25.48078,45.384857,0.0],[25.480873,45.384892,0.0],[25.480913,45.384916,0.0],[25.480944,45.38496,0.0],[25.48095,45.38502,0.0],[25.480942,45.385054,0.0],[25.480906,45.385134,0.0],[25.48088,45.385223,0.0],[25.480863,45.385326,0.0],[25.480866,45.385394,0.0],[25.480885,45.385443,0.0],[25.480947,45.385499,0.0],[25.481016,45.385544,0.0],[25.481083,45.385582,0.0],[25.48118,45.385612,0.0],[25.481248,45.385621,0.0],[25.481295,45.38564,0.0],[25.481334,45.385699,0.0],[25.481387,45.385748,0.0],[25.481435,45.385763,0.0],[25.481558,45.385763,0.0],[25.481687,45.385761,0.0],[25.48172,45.385767,0.0],[25.481761,45.385773,0.0],[25.48182,45.385784,0.0],[25.48186,45.385805,0.0],[25.48187,45.385836,0.0],[25.48184,45.385878,0.0],[25.481627,45.386066,0.0],[25.481512,45.386131,0.0],[25.48147,45.38618,0.0],[25.48147,45.386219,0.0],[25.481486,45.386252,0.0],[25.481543,45.386296,0.0],[25.481708,45.38644,0.0],[25.481832,45.386585,0.0],[25.481876,45.386683,0.0],[25.481884,45.386748,0.0],[25.481938,45.386838,0.0],[25.482104,45.387022,0.0],[25.482279,45.387186,0.0],[25.482377,45.38726,0.0],[25.482657,45.387383,0.0],[25.483038,45.387513,0.0],[25.48312,45.387573,0.0],[25.483205,45.387668,0.0],[25.483238,45.387747,0.0],[25.483253,45.387829,0.0],[25.483237,45.387882,0.0],[25.483184,45.387932,0.0],[25.483154,45.387968,0.0],[25.483153,45.388007,0.0],[25.483168,45.388044,0.0],[25.483198,45.388069,0.0],[25.483228,45.388105,0.0],[25.483269,45.388139,0.0],[25.483299,45.388185,0.0],[25.483303,45.388227,0.0],[25.483302,45.388261,0.0],[25.483292,45.3883,0.0],[25.483252,45.388341,0.0],[25.483208,45.388395,0.0],[25.483149,45.388496,0.0],[25.483105,45.388581,0.0],[25.483101,45.388655,0.0],[25.483136,45.388729,0.0],[25.483195,45.388793,0.0],[25.483255,45.388841,0.0],[25.483334,45.388849,0.0],[25.483447,45.388804,0.0],[25.483593,45.388761,0.0],[25.483688,45.388739,0.0],[25.483814,45.388736,0.0],[25.483911,45.388764,0.0],[25.483935,45.388798,0.0],[25.483948,45.388841,0.0],[25.483929,45.388878,0.0],[25.483898,45.388961,0.0],[25.48387,45.389046,0.0],[25.483849,45.389116,0.0],[25.483808,45.389158,0.0],[25.483757,45.389187,0.0],[25.483677,45.389238,0.0],[25.483639,45.389285,0.0],[25.483616,45.389337,0.0],[25.483636,45.389464,0.0],[25.483665,45.389718,0.0],[25.483666,45.389874,0.0],[25.483651,45.390037,0.0],[25.483641,45.390116,0.0],[25.483655,45.390157,0.0],[25.483742,45.390242,0.0],[25.483792,45.390312,0.0],[25.48378,45.39035,0.0],[25.483755,45.390405,0.0],[25.48367,45.390452,0.0],[25.483563,45.390503,0.0],[25.483538,45.390542,0.0],[25.483557,45.390591,0.0],[25.483581,45.39064,0.0],[25.483693,45.390723,0.0],[25.483828,45.390958,0.0],[25.483649,45.391705,0.0],[25.483377,45.392222,0.0],[25.483234,45.392808,0.0],[25.483425,45.39316,0.0],[25.483436,45.393164,0.0],[25.483554,45.393214,0.0],[25.483608,45.393255,0.0],[25.483712,45.393356,0.0],[25.483855,45.393498,0.0],[25.483936,45.393587,0.0],[25.484113,45.393781,0.0],[25.484232,45.393979,0.0],[25.484286,45.394086,0.0],[25.484304,45.394165,0.0],[25.484303,45.394231,0.0],[25.484299,45.394305,0.0],[25.484275,45.394386,0.0],[25.484212,45.394486,0.0],[25.484207,45.394559,0.0],[25.484207,45.394656,0.0],[25.484212,45.394739,0.0],[25.484231,45.394793,0.0],[25.484268,45.394849,0.0],[25.484317,45.394906,0.0],[25.484411,45.394988,0.0],[25.484426,45.395041,0.0],[25.484298,45.395297,0.0],[25.483967,45.395646,0.0],[25.483882,45.395972,0.0],[25.483664,45.396116,0.0],[25.483659,45.396157,0.0],[25.483625,45.396356,0.0],[25.483594,45.396654,0.0],[25.48326,45.396913,0.0],[25.483078,45.397159,0.0],[25.482965,45.397382,0.0],[25.483095,45.397642,0.0],[25.483023,45.397955,0.0],[25.482933,45.398188,0.0],[25.482442,45.399004,0.0],[25.482027,45.399819,0.0],[25.48174,45.400274,0.0],[25.480864,45.40056,0.0],[25.480451,45.400776,0.0],[25.478828,45.401051,0.0],[25.478388,45.401384,0.0],[25.478273,45.40175,0.0],[25.478076,45.402049,0.0],[25.477555,45.402358,0.0],[25.477111,45.402826,0.0],[25.476963,45.403187,0.0],[25.477093,45.403648,0.0],[25.476316,45.404309,0.0],[25.476022,45.404599,0.0],[25.475244,45.405068,0.0],[25.474919,45.405521,0.0],[25.474895,45.406412,0.0],[25.474794,45.406785,0.0],[25.474659,45.406933,0.0],[25.474148,45.407143,0.0],[25.473356,45.407356,0.0],[25.472813,45.4076,0.0],[25.472636,45.407766,0.0],[25.472716,45.408282,0.0],[25.472497,45.409289,0.0],[25.471973,45.410172,0.0],[25.471468,45.410947,0.0],[25.471095,45.411417,0.0],[25.471038,45.411472,0.0],[25.470941,45.411519,0.0],[25.470569,45.41165,0.0],[25.469881,45.411845,0.0],[25.469706,45.4119,0.0],[25.469681,45.411941,0.0],[25.469696,45.411983,0.0],[25.469736,45.412013,0.0],[25.469807,45.412047,0.0],[25.469931,45.412069,0.0],[25.470071,45.41208,0.0],[25.470224,45.412088,0.0],[25.470403,45.412094,0.0],[25.470576,45.412082,0.0],[25.470735,45.412096,0.0],[25.470868,45.412119,0.0],[25.470991,45.41216,0.0],[25.471098,45.412216,0.0],[25.471142,45.41226,0.0],[25.471169,45.412349,0.0],[25.471136,45.412431,0.0],[25.471058,45.412497,0.0],[25.470973,45.412525,0.0],[25.470681,45.412539,0.0],[25.470373,45.41253,0.0],[25.469971,45.412514,0.0],[25.469852,45.412517,0.0],[25.469825,45.412545,0.0],[25.469816,45.412586,0.0],[25.469841,45.41262,0.0],[25.469884,45.412633,0.0],[25.470018,45.412666,0.0],[25.470125,45.412705,0.0],[25.470238,45.412736,0.0],[25.470381,45.412779,0.0],[25.470476,45.412828,0.0],[25.470535,45.412887,0.0],[25.470615,45.413009,0.0],[25.470645,45.413126,0.0],[25.470527,45.414066,0.0],[25.470246,45.414547,0.0],[25.469703,45.414952,0.0],[25.469486,45.415356,0.0],[25.469606,45.415703,0.0],[25.470049,45.415866,0.0],[25.470378,45.416358,0.0],[25.47037,45.416454,0.0],[25.470455,45.416588,0.0],[25.470619,45.416747,0.0],[25.470696,45.416794,0.0],[25.471108,45.417022,0.0],[25.471288,45.417129,0.0],[25.471471,45.417258,0.0],[25.471557,45.417349,0.0],[25.471575,45.417406,0.0],[25.471584,45.41753,0.0],[25.471549,45.417671,0.0],[25.471475,45.417918,0.0],[25.471434,45.418439,0.0],[25.471386,45.418784,0.0],[25.471382,45.418946,0.0],[25.471324,45.419743,0.0],[25.471277,45.420201,0.0],[25.471251,45.420603,0.0],[25.471203,45.421064,0.0],[25.47114,45.421613,0.0],[25.471126,45.421849,0.0],[25.471116,45.42197,0.0],[25.47108,45.422196,0.0],[25.471036,45.422466,0.0],[25.471034,45.422586,0.0],[25.471068,45.422601,0.0],[25.471323,45.422425,0.0],[25.471548,45.422213,0.0],[25.471718,45.422022,0.0],[25.471816,45.421867,0.0],[25.471964,45.421716,0.0],[25.472104,45.421608,0.0],[25.472322,45.421528,0.0],[25.472541,45.421495,0.0],[25.472731,45.42151,0.0],[25.472796,45.42156,0.0],[25.47284,45.421622,0.0],[25.472842,45.421679,0.0],[25.472799,45.421753,0.0],[25.472751,45.421792,0.0],[25.472632,45.421915,0.0],[25.472543,45.422007,0.0],[25.472442,45.422162,0.0],[25.472348,45.422434,0.0],[25.472309,45.422771,0.0],[25.472298,45.422953,0.0],[25.4723,45.423263,0.0],[25.472277,45.423488,0.0],[25.472274,45.42362,0.0],[25.472288,45.423782,0.0],[25.47232,45.424059,0.0],[25.472305,45.424214,0.0],[25.472279,45.424308,0.0],[25.47216,45.424476,0.0],[25.471944,45.424657,0.0],[25.471819,45.424775,0.0],[25.471762,45.424893,0.0],[25.471744,45.424973,0.0],[25.471771,45.425043,0.0],[25.471866,45.425187,0.0],[25.471961,45.425286,0.0],[25.471993,45.425388,0.0],[25.472022,45.425485,0.0],[25.472035,45.425595,0.0],[25.47199,45.425869,0.0],[25.471926,45.426086,0.0],[25.471878,45.426409,0.0],[25.471866,45.426501,0.0],[25.471865,45.426547,0.0],[25.471872,45.426583,0.0],[25.471792,45.426644,0.0],[25.471597,45.426769,0.0],[25.471365,45.42691,0.0],[25.470917,45.427196,0.0],[25.470695,45.427321,0.0],[25.470454,45.427465,0.0],[25.470247,45.42757,0.0],[25.4699,45.427721,0.0],[25.469654,45.427843,0.0],[25.469481,45.42793,0.0],[25.469352,45.428011,0.0],[25.469144,45.428116,0.0],[25.468908,45.428217,0.0],[25.46858,45.428373,0.0],[25.468362,45.42846,0.0],[25.46817,45.428555,0.0],[25.468027,45.428639,0.0],[25.467903,45.42871,0.0],[25.467711,45.428811,0.0],[25.467575,45.428886,0.0],[25.467411,45.428954,0.0],[25.467218,45.429015,0.0],[25.467166,45.429066,0.0],[25.466235,45.429517,0.0],[25.465517,45.429663,0.0],[25.464571,45.429751,0.0],[25.464272,45.429761,0.0],[25.464239,45.430183,0.0],[25.464253,45.430394,0.0],[25.463294,45.431803,0.0],[25.463104,45.432395,0.0],[25.463132,45.432892,0.0],[25.462781,45.433151,0.0],[25.462296,45.433393,0.0],[25.45903,45.433298,0.0],[25.458512,45.43325,0.0],[25.457917,45.433288,0.0],[25.457759,45.433244,0.0],[25.4572,45.433091,0.0],[25.4564,45.433039,0.0],[25.45575,45.433296,0.0],[25.455141,45.433871,0.0],[25.454839,45.434258,0.0],[25.454404,45.435058,0.0],[25.454005,45.435724,0.0],[25.454018,45.435875,0.0],[25.454026,45.435964,0.0],[25.454042,45.436172,0.0],[25.454049,45.436388,0.0],[25.453986,45.436649,0.0],[25.453958,45.436911,0.0],[25.453903,45.437107,0.0],[25.453867,45.43729,0.0],[25.453786,45.43773,0.0],[25.453716,45.437996,0.0],[25.453704,45.438109,0.0],[25.453687,45.438311,0.0],[25.453634,45.438698,0.0],[25.453575,45.439097,0.0],[25.45356,45.43924,0.0],[25.453503,45.439802,0.0],[25.453469,45.440228,0.0],[25.453425,45.440636,0.0],[25.453376,45.440761,0.0],[25.453405,45.440821,0.0],[25.453305,45.441063,0.0],[25.452973,45.44127,0.0],[25.452779,45.441317,0.0],[25.452556,45.441347,0.0],[25.452596,45.44137,0.0],[25.452691,45.441472,0.0],[25.452801,45.441591,0.0],[25.452825,45.441617,0.0],[25.45292,45.44172,0.0],[25.453656,45.442109,0.0],[25.453837,45.442638,0.0],[25.454667,45.443734,0.0],[25.455109,45.444209,0.0],[25.455489,45.444602,0.0],[25.45614,45.44529,0.0],[25.456014,45.445419,0.0],[25.456028,45.445503,0.0],[25.456194,45.445559,0.0],[25.456208,45.445582,0.0],[25.456222,45.445606,0.0],[25.456198,45.445673,0.0],[25.456164,45.445783,0.0],[25.456003,45.446301,0.0],[25.455934,45.446373,0.0],[25.455808,45.446506,0.0],[25.455275,45.446872,0.0],[25.454997,45.447082,0.0],[25.454905,45.447144,0.0],[25.454801,45.447376,0.0],[25.454702,45.447683,0.0],[25.454693,45.44776,0.0],[25.454673,45.447791,0.0],[25.454691,45.447837,0.0],[25.454676,45.447898,0.0],[25.454677,45.447931,0.0],[25.454679,45.448025,0.0],[25.456013,45.449138,0.0],[25.457119,45.449893,0.0],[25.457643,45.45041,0.0],[25.457918,45.450758,0.0],[25.459156,45.451389,0.0],[25.459334,45.451618,0.0],[25.4599,45.452535,0.0],[25.460295,45.453209,0.0],[25.460683,45.453508,0.0],[25.461548,45.453752,0.0],[25.461728,45.453921,0.0],[25.462009,45.453904,0.0],[25.463302,45.453747,0.0],[25.463835,45.453741,0.0],[25.464754,45.453809,0.0],[25.465236,45.45378,0.0],[25.465535,45.453638,0.0],[25.466016,45.453618,0.0],[25.466416,45.453653,0.0],[25.466587,45.453711,0.0],[25.466988,45.453674,0.0],[25.467223,45.453673,0.0],[25.468423,45.453094,0.0],[25.468981,45.453092,0.0],[25.469326,45.453039,0.0],[25.469692,45.452835,0.0],[25.470237,45.45261,0.0],[25.471355,45.452774,0.0],[25.472214,45.452816,0.0],[25.47266,45.452774,0.0],[25.473311,45.452917,0.0],[25.47368,45.452882,0.0],[25.474117,45.452787,0.0],[25.474403,45.452653,0.0],[25.474831,45.4527,0.0],[25.475482,45.452834,0.0],[25.476432,45.452971,0.0],[25.476746,45.453247,0.0],[25.477381,45.453692,0.0],[25.477994,45.454056,0.0],[25.478779,45.454301,0.0],[25.479525,45.454562,0.0],[25.480117,45.454845,0.0],[25.480516,45.455199,0.0],[25.480702,45.455421,0.0],[25.481117,45.45591,0.0],[25.480973,45.456093,0.0],[25.480539,45.456475,0.0],[25.480584,45.456861,0.0],[25.480766,45.457428,0.0],[25.481088,45.458008,0.0],[25.481562,45.458174,0.0],[25.481682,45.458291,0.0],[25.481902,45.458472,0.0],[25.482119,45.458646,0.0],[25.482436,45.458892,0.0],[25.483257,45.459431,0.0],[25.483697,45.459771,0.0],[25.483923,45.45996,0.0],[25.484075,45.460102,0.0],[25.484277,45.46029,0.0],[25.48467,45.460666,0.0],[25.485111,45.460985,0.0],[25.485278,45.461063,0.0],[25.485476,45.46109,0.0],[25.486367,45.461257,0.0],[25.486773,45.46133,0.0],[25.487152,45.461408,0.0],[25.487265,45.461403,0.0],[25.487392,45.461318,0.0],[25.487435,45.461245,0.0],[25.487498,45.461189,0.0],[25.487609,45.461147,0.0],[25.487877,45.461125,0.0],[25.488016,45.461124,0.0],[25.488551,45.461164,0.0],[25.488637,45.461165,0.0],[25.488747,45.461163,0.0],[25.488808,45.461163,0.0],[25.488867,45.461158,0.0],[25.488967,45.46118,0.0],[25.488992,45.461189,0.0],[25.489082,45.461221,0.0],[25.489506,45.46138,0.0],[25.489621,45.461441,0.0],[25.490043,45.461667,0.0],[25.490896,45.462079,0.0],[25.49171,45.462573,0.0],[25.492266,45.463007,0.0],[25.492928,45.463358,0.0],[25.493359,45.463491,0.0],[25.494196,45.463784,0.0],[25.494161,45.463826,0.0],[25.494365,45.463949,0.0],[25.494545,45.464013,0.0],[25.494838,45.464075,0.0],[25.495009,45.464126,0.0],[25.495146,45.464202,0.0],[25.495212,45.464239,0.0],[25.495406,45.464256,0.0],[25.495411,45.464256,0.0],[25.495668,45.464302,0.0],[25.495908,45.464467,0.0],[25.496067,45.464627,0.0],[25.496218,45.464811,0.0],[25.49628,45.464896,0.0],[25.49631,45.464928,0.0],[25.496361,45.464997,0.0],[25.496539,45.465179,0.0],[25.496714,45.465361,0.0],[25.496777,45.465428,0.0],[25.496777,45.465428,0.0],[25.496849,45.46551,0.0],[25.496954,45.465679,0.0],[25.497062,45.465851,0.0],[25.497097,45.465964,0.0],[25.497163,45.466064,0.0],[25.497228,45.466163,0.0],[25.497333,45.466347,0.0],[25.497439,45.466532,0.0],[25.497502,45.466648,0.0],[25.497564,45.466764,0.0],[25.49762,45.466853,0.0],[25.497709,45.467016,0.0],[25.497715,45.467047,0.0],[25.497759,45.467093,0.0],[25.497793,45.46713,0.0],[25.497837,45.467201,0.0],[25.497898,45.467267,0.0],[25.497963,45.467353,0.0],[25.498083,45.467433,0.0],[25.498131,45.467449,0.0],[25.498262,45.467457,0.0],[25.498475,45.467442,0.0],[25.498694,45.467382,0.0],[25.498824,45.467397,0.0],[25.498976,45.467397,0.0],[25.499019,45.467409,0.0],[25.499399,45.46742,0.0],[25.499616,45.467447,0.0],[25.500006,45.467454,0.0],[25.500142,45.467437,0.0],[25.500417,45.467443,0.0],[25.500734,45.467366,0.0],[25.500764,45.467356,0.0],[25.500879,45.467354,0.0],[25.502188,45.467009,0.0],[25.503527,45.467233,0.0],[25.505543,45.46799,0.0],[25.50568,45.468062,0.0],[25.50594,45.468271,0.0],[25.506448,45.468461,0.0],[25.506955,45.468724,0.0],[25.507761,45.469066,0.0],[25.508238,45.469243,0.0],[25.508617,45.469349,0.0],[25.508888,45.469404,0.0],[25.509713,45.46968,0.0],[25.51012,45.469851,0.0],[25.510307,45.469919,0.0],[25.51085,45.470123,0.0],[25.511562,45.470397,0.0],[25.511751,45.470276,0.0],[25.512023,45.470194,0.0],[25.512617,45.470014,0.0],[25.513463,45.469767,0.0],[25.513593,45.46973,0.0],[25.513745,45.469752,0.0],[25.513826,45.469749,0.0],[25.513967,45.469714,0.0],[25.514049,45.46968,0.0],[25.514422,45.469485,0.0],[25.514612,45.4694,0.0],[25.514693,45.469343,0.0],[25.514796,45.469293,0.0],[25.514969,45.469167,0.0],[25.515131,45.468991,0.0],[25.515136,45.468965,0.0],[25.515185,45.468938,0.0],[25.515201,45.468907,0.0],[25.515607,45.468651,0.0],[25.51584,45.468475,0.0],[25.515851,45.468452,0.0],[25.515937,45.468383,0.0],[25.516203,45.468219,0.0],[25.516398,45.468142,0.0],[25.516614,45.468035,0.0],[25.51682,45.467985,0.0],[25.517113,45.467871,0.0],[25.517817,45.467675,0.0],[25.518478,45.467419,0.0],[25.518579,45.467393,0.0],[25.519302,45.467151,0.0],[25.519562,45.46709,0.0],[25.519876,45.46699,0.0],[25.520114,45.466933,0.0],[25.520483,45.46681,0.0],[25.520851,45.46673,0.0],[25.52123,45.466592,0.0],[25.521393,45.466557,0.0],[25.52265,45.466117,0.0],[25.522942,45.466029,0.0],[25.523625,45.465864,0.0],[25.52414,45.465719,0.0],[25.524541,45.465588,0.0],[25.524849,45.465454,0.0],[25.525082,45.465301,0.0],[25.525298,45.46511,0.0],[25.525953,45.464468,0.0],[25.526104,45.464296,0.0],[25.526266,45.464162,0.0],[25.526515,45.463921,0.0],[25.526758,45.463734,0.0],[25.526904,45.4636,0.0],[25.527508,45.46314,0.0],[25.527688,45.463,0.0],[25.527932,45.462728,0.0],[25.528029,45.46264,0.0],[25.528277,45.462235,0.0],[25.528509,45.461933,0.0],[25.528855,45.461505,0.0],[25.529411,45.460867,0.0],[25.529982,45.46033,0.0],[25.530368,45.459953,0.0],[25.530633,45.459743,0.0],[25.530768,45.459616,0.0],[25.530952,45.459486,0.0],[25.531044,45.459395,0.0],[25.531331,45.459192,0.0],[25.531509,45.459127,0.0],[25.531737,45.459069,0.0],[25.532523,45.458968,0.0],[25.532918,45.458942,0.0],[25.534136,45.459378,0.0],[25.536565,45.460676,0.0],[25.536859,45.460793,0.0],[25.537911,45.46115,0.0],[25.539316,45.461736,0.0],[25.540137,45.462032,0.0],[25.540286,45.462086,0.0],[25.540909,45.462282,0.0],[25.5418,45.462562,0.0],[25.543251,45.462871,0.0],[25.544131,45.462772,0.0],[25.544774,45.462728,0.0],[25.54566,45.46272,0.0],[25.545833,45.462737,0.0],[25.546182,45.462862,0.0],[25.546944,45.463166,0.0],[25.547422,45.463377,0.0],[25.547726,45.463506,0.0],[25.548158,45.463626,0.0],[25.548378,45.46372,0.0],[25.548837,45.463913,0.0],[25.549212,45.464169,0.0],[25.549552,45.464346,0.0],[25.550049,45.464488,0.0],[25.550462,45.464667,0.0],[25.550831,45.464883,0.0],[25.550902,45.464833,0.0],[25.551101,45.464795,0.0],[25.551454,45.46473,0.0],[25.552332,45.464626,0.0],[25.552815,45.464618,0.0],[25.553081,45.464631,0.0],[25.553559,45.464589,0.0],[25.554096,45.464541,0.0],[25.554293,45.464506,0.0],[25.55469,45.464394,0.0],[25.554963,45.464316,0.0],[25.555337,45.464286,0.0],[25.555789,45.464284,0.0],[25.556285,45.464361,0.0],[25.556559,45.464393,0.0],[25.556785,45.464418,0.0],[25.557031,45.464479,0.0],[25.557706,45.464635,0.0],[25.558102,45.464766,0.0],[25.558567,45.464936,0.0],[25.558822,45.465099,0.0],[25.559033,45.46526,0.0],[25.559637,45.465577,0.0],[25.559766,45.465611,0.0],[25.559923,45.465615,0.0],[25.56016,45.465611,0.0],[25.561086,45.466029,0.0],[25.561272,45.46609,0.0],[25.562161,45.465906,0.0],[25.56417,45.46583,0.0],[25.564994,45.465802,0.0],[25.565884,45.465874,0.0],[25.5672,45.466235,0.0],[25.568388,45.466564,0.0],[25.56959,45.467065,0.0],[25.570009,45.467226,0.0],[25.572349,45.467677,0.0],[25.573576,45.467573,0.0],[25.575034,45.467403,0.0],[25.576148,45.467617,0.0],[25.57744,45.467614,0.0],[25.578809,45.467193,0.0],[25.580109,45.46644,0.0],[25.581405,45.465087,0.0],[25.582553,45.464365,0.0],[25.583615,45.463783,0.0],[25.584934,45.463232,0.0],[25.585742,45.462666,0.0],[25.586147,45.46247,0.0],[25.587849,45.461698,0.0],[25.589049,45.461079,0.0],[25.590348,45.460934,0.0],[25.591559,45.461107,0.0],[25.59274,45.461464,0.0],[25.594218,45.461824,0.0],[25.595429,45.462298,0.0],[25.596678,45.462543,0.0],[25.597456,45.462544,0.0],[25.598197,45.462545,0.0],[25.599286,45.462468,0.0],[25.600634,45.462829,0.0],[25.60187,45.463258,0.0],[25.602654,45.463254,0.0],[25.60307,45.46339,0.0],[25.60302,45.463502,0.0],[25.603014,45.463646,0.0],[25.603146,45.463696,0.0],[25.603284,45.463756,0.0],[25.603345,45.463986,0.0],[25.603371,45.464374,0.0],[25.603432,45.464561,0.0],[25.603633,45.464994,0.0],[25.603701,45.465244,0.0],[25.603703,45.465428,0.0],[25.603815,45.465718,0.0],[25.603897,45.465943,0.0],[25.603899,45.466111,0.0],[25.603818,45.466727,0.0],[25.603835,45.466962,0.0],[25.603917,45.467207,0.0],[25.603993,45.467477,0.0],[25.604032,45.467717,0.0],[25.604129,45.468034,0.0],[25.604205,45.468268,0.0],[25.604478,45.468645,0.0],[25.604604,45.468946,0.0],[25.604605,45.46911,0.0],[25.604422,45.469406,0.0],[25.604231,45.469806,0.0],[25.604215,45.470062,0.0],[25.604336,45.470344,0.0],[25.604643,45.470787,0.0],[25.604705,45.470967,0.0],[25.604746,45.47118,0.0],[25.604827,45.471332,0.0],[25.604967,45.471475,0.0],[25.605288,45.471957,0.0],[25.605595,45.472367,0.0],[25.605742,45.472593,0.0],[25.605751,45.472755,0.0],[25.60568,45.472885,0.0],[25.605655,45.473037,0.0],[25.605742,45.473194,0.0],[25.605917,45.473353,0.0],[25.606011,45.473519,0.0],[25.606118,45.473713,0.0],[25.606284,45.473865,0.0],[25.606424,45.474031,0.0],[25.606597,45.474182,0.0],[25.606619,45.474363,0.0],[25.606679,45.474497,0.0],[25.606885,45.474639,0.0],[25.607044,45.474754,0.0],[25.607151,45.474892,0.0],[25.607152,45.475035,0.0],[25.60705,45.475351,0.0],[25.60701,45.475869,0.0],[25.607049,45.476043,0.0],[25.607425,45.476126,0.0],[25.607994,45.476494,0.0],[25.608192,45.476678,0.0],[25.60827,45.476952,0.0],[25.608317,45.477153,0.0],[25.608483,45.477231,0.0],[25.608761,45.477256,0.0],[25.609138,45.477349,0.0],[25.609424,45.477385,0.0],[25.609823,45.477467,0.0],[25.610012,45.477545,0.0],[25.61033,45.477723,0.0],[25.610984,45.477982,0.0],[25.611244,45.478093,0.0],[25.611509,45.478253,0.0],[25.611878,45.478436,0.0],[25.612166,45.47858,0.0],[25.612458,45.478664,0.0],[25.612817,45.478788,0.0],[25.613431,45.479105,0.0],[25.613737,45.479353,0.0],[25.613879,45.479429,0.0],[25.614228,45.479533,0.0],[25.614468,45.47963,0.0],[25.614704,45.479709,0.0],[25.615096,45.479878,0.0],[25.615493,45.480068,0.0],[25.615645,45.48016,0.0],[25.615802,45.480319,0.0],[25.615925,45.480384,0.0],[25.616072,45.480492,0.0],[25.616125,45.480631,0.0],[25.616198,45.480815,0.0],[25.616279,45.480947,0.0],[25.616435,45.481026,0.0],[25.616662,45.481153,0.0],[25.617033,45.481417,0.0],[25.617214,45.481678,0.0],[25.617377,45.481892,0.0],[25.617509,45.481947,0.0],[25.61765,45.481943,0.0],[25.61773,45.481956,0.0],[25.617929,45.482093,0.0],[25.618259,45.482201,0.0],[25.618441,45.482287,0.0],[25.618828,45.482496,0.0],[25.619225,45.482696,0.0],[25.619429,45.48281,0.0],[25.619567,45.482929,0.0],[25.619871,45.483234,0.0],[25.620032,45.483395,0.0],[25.620288,45.483582,0.0],[25.620474,45.483809,0.0],[25.620723,45.483955,0.0],[25.621147,45.484356,0.0],[25.62144,45.484425,0.0],[25.622057,45.48456,0.0],[25.62268,45.484732,0.0],[25.623218,45.484904,0.0],[25.623492,45.485023,0.0],[25.624224,45.48503,0.0],[25.624432,45.485063,0.0],[25.624586,45.485099,0.0],[25.624732,45.48523,0.0],[25.62491,45.48549,0.0],[25.625093,45.485736,0.0],[25.625387,45.485939,0.0],[25.625463,45.486036,0.0],[25.625608,45.486196,0.0],[25.625784,45.48631,0.0],[25.625968,45.486527,0.0],[25.626294,45.486742,0.0],[25.626578,45.486946,0.0],[25.626734,45.487113,0.0],[25.626929,45.487456,0.0],[25.62751,45.488043,0.0],[25.627702,45.488109,0.0],[25.627873,45.488206,0.0],[25.627933,45.48834,0.0],[25.628105,45.488592,0.0],[25.628257,45.488788,0.0],[25.628557,45.489002,0.0],[25.628612,45.489174,0.0],[25.628799,45.489274,0.0],[25.628949,45.489362,0.0],[25.629137,45.489574,0.0],[25.629266,45.48976,0.0],[25.62947,45.48993,0.0],[25.629604,45.490503,0.0],[25.629834,45.491088,0.0],[25.630039,45.491359,0.0],[25.630212,45.491698,0.0],[25.630221,45.491957,0.0],[25.630299,45.492278,0.0],[25.630137,45.492499,0.0],[25.630071,45.492746,0.0],[25.630053,45.493074,0.0],[25.630096,45.49354,0.0],[25.630025,45.493895,0.0],[25.629976,45.49607,0.0],[25.631881,45.495937,0.0],[25.632351,45.495913,0.0],[25.632704,45.495874,0.0],[25.633082,45.495888,0.0],[25.63361,45.495928,0.0],[25.634246,45.495949,0.0],[25.634552,45.495986,0.0],[25.634906,45.495992,0.0],[25.635273,45.49604,0.0],[25.635693,45.496097,0.0],[25.635974,45.496148,0.0],[25.636273,45.496235,0.0],[25.636581,45.496293,0.0],[25.636727,45.496345,0.0],[25.636852,45.496382,0.0],[25.637042,45.496391,0.0],[25.637545,45.496372,0.0],[25.638011,45.496336,0.0],[25.638253,45.496291,0.0],[25.638529,45.496283,0.0],[25.638919,45.496261,0.0],[25.639142,45.496253,0.0],[25.639351,45.496201,0.0],[25.639997,45.495926,0.0],[25.640859,45.495638,0.0],[25.64103,45.4956,0.0],[25.641173,45.495596,0.0],[25.64151,45.495587,0.0],[25.641995,45.495558,0.0],[25.642327,45.495486,0.0],[25.642735,45.495406,0.0],[25.642667,45.495333,0.0],[25.642667,45.495217,0.0],[25.642736,45.495067,0.0],[25.642896,45.494915,0.0],[25.643085,45.494781,0.0],[25.643198,45.49466,0.0],[25.643285,45.494432,0.0],[25.64326,45.494261,0.0],[25.643182,45.494138,0.0],[25.64312,45.493692,0.0],[25.643115,45.493281,0.0],[25.643058,45.492854,0.0],[25.642917,45.492557,0.0],[25.642762,45.492109,0.0],[25.64409,45.492565,0.0],[25.644933,45.492651,0.0],[25.64522,45.492657,0.0],[25.646458,45.492652,0.0],[25.647712,45.492711,0.0],[25.649052,45.492747,0.0],[25.650581,45.49287,0.0],[25.652437,45.493242,0.0],[25.654293,45.493614,0.0],[25.654718,45.494096,0.0],[25.655516,45.494316,0.0],[25.656783,45.494377,0.0],[25.658062,45.494566,0.0],[25.659263,45.494845,0.0],[25.660577,45.495056,0.0],[25.661544,45.495077,0.0],[25.663312,45.495053,0.0],[25.664116,45.495191,0.0],[25.664687,45.495249,0.0],[25.665838,45.49529,0.0],[25.668341,45.495787,0.0],[25.669628,45.496697,0.0],[25.670222,45.497019,0.0],[25.67135,45.497518,0.0],[25.672229,45.497854,0.0],[25.673501,45.498182,0.0],[25.674841,45.498003,0.0],[25.676145,45.498979,0.0],[25.677073,45.499349,0.0],[25.678507,45.499696,0.0],[25.681014,45.500626,0.0],[25.681459,45.500367,0.0],[25.683106,45.499692,0.0],[25.684343,45.49926,0.0],[25.685011,45.498119,0.0],[25.685859,45.497838,0.0],[25.686555,45.497506,0.0],[25.688479,45.49664,0.0],[25.691105,45.495646,0.0],[25.691956,45.494842,0.0],[25.692157,45.494317,0.0],[25.692181,45.494196,0.0],[25.692222,45.493332,0.0],[25.692966,45.493259,0.0],[25.6936,45.493212,0.0],[25.694926,45.492865,0.0],[25.695553,45.492743,0.0],[25.696154,45.492419,0.0],[25.696863,45.492096,0.0],[25.699488,45.490902,0.0],[25.699771,45.49046,0.0],[25.699937,45.490199,0.0],[25.700053,45.490018,0.0],[25.700276,45.489743,0.0],[25.700307,45.489705,0.0],[25.700463,45.489531,0.0],[25.700515,45.489473,0.0],[25.700676,45.489294,0.0],[25.700894,45.488978,0.0],[25.700916,45.488932,0.0],[25.70101,45.488733,0.0],[25.701109,45.488332,0.0],[25.701153,45.488091,0.0],[25.70115,45.487862,0.0],[25.701113,45.487719,0.0],[25.700989,45.487528,0.0],[25.700871,45.487382,0.0],[25.700764,45.487232,0.0],[25.700733,45.487068,0.0],[25.700687,45.486688,0.0],[25.700685,45.486492,0.0],[25.700685,45.486298,0.0],[25.700467,45.4861,0.0],[25.700359,45.485936,0.0],[25.700341,45.485834,0.0],[25.700324,45.485732,0.0],[25.700241,45.485003,0.0],[25.700213,45.484732,0.0],[25.700152,45.484489,0.0],[25.700198,45.484223,0.0],[25.70021,45.484115,0.0],[25.700194,45.483965,0.0],[25.700134,45.483787,0.0],[25.700122,45.483701,0.0],[25.700166,45.483618,0.0],[25.700305,45.483488,0.0],[25.70046,45.483375,0.0],[25.700502,45.483286,0.0],[25.700517,45.483148,0.0],[25.700558,45.482986,0.0],[25.700628,45.482873,0.0],[25.701017,45.482526,0.0],[25.701124,45.482351,0.0],[25.701482,45.481842,0.0],[25.70174,45.481482,0.0],[25.701866,45.481118,0.0],[25.702162,45.48086,0.0],[25.702512,45.480645,0.0],[25.702928,45.480331,0.0],[25.704066,45.479516,0.0],[25.704335,45.479402,0.0],[25.704673,45.479303,0.0],[25.704799,45.479282,0.0],[25.704836,45.479308,0.0],[25.705115,45.479169,0.0],[25.705287,45.479095,0.0],[25.705494,45.479094,0.0],[25.705678,45.479113,0.0],[25.70581,45.479108,0.0],[25.706118,45.478981,0.0],[25.70649,45.478842,0.0],[25.706959,45.478665,0.0],[25.707403,45.478514,0.0],[25.70785,45.478381,0.0],[25.708053,45.478354,0.0],[25.708329,45.478336,0.0],[25.708669,45.478231,0.0],[25.708777,45.478155,0.0],[25.708991,45.477959,0.0],[25.709261,45.477768,0.0],[25.709531,45.477555,0.0],[25.709981,45.477075,0.0],[25.71017,45.476648,0.0],[25.710392,45.476337,0.0],[25.710564,45.476239,0.0],[25.710865,45.476067,0.0],[25.711705,45.475586,0.0],[25.713439,45.474599,0.0],[25.713603,45.474504,0.0],[25.713701,45.474477,0.0],[25.713883,45.474427,0.0],[25.713948,45.474426,0.0],[25.714142,45.474388,0.0],[25.714244,45.474363,0.0],[25.714377,45.474311,0.0],[25.714464,45.474298,0.0],[25.714737,45.474221,0.0],[25.715075,45.474096,0.0],[25.715499,45.473848,0.0],[25.715827,45.473624,0.0],[25.716268,45.473357,0.0],[25.716438,45.473242,0.0],[25.716861,45.472957,0.0],[25.71695,45.472897,0.0],[25.717436,45.472537,0.0],[25.717835,45.472178,0.0],[25.718077,45.471991,0.0],[25.718225,45.471893,0.0],[25.718847,45.471534,0.0],[25.719148,45.471337,0.0],[25.719283,45.471238,0.0],[25.719418,45.471138,0.0],[25.719741,45.470841,0.0],[25.720068,45.470541,0.0],[25.720395,45.470287,0.0],[25.720506,45.470214,0.0],[25.720834,45.469997,0.0],[25.720956,45.46993,0.0],[25.721211,45.469753,0.0],[25.721347,45.469659,0.0],[25.721668,45.469386,0.0],[25.722528,45.468591,0.0],[25.722891,45.468282,0.0],[25.723122,45.468091,0.0],[25.723365,45.467919,0.0],[25.723444,45.467845,0.0],[25.72366,45.467696,0.0],[25.724404,45.467128,0.0],[25.724519,45.467004,0.0],[25.724665,45.466711,0.0],[25.724859,45.466402,0.0],[25.724927,45.466324,0.0],[25.725096,45.466199,0.0],[25.725392,45.466014,0.0],[25.725994,45.465567,0.0],[25.726292,45.465402,0.0],[25.726464,45.465372,0.0],[25.726703,45.46539,0.0],[25.726967,45.465477,0.0],[25.727022,45.465515,0.0],[25.727121,45.465544,0.0],[25.727233,45.46561,0.0],[25.727689,45.465919,0.0],[25.727865,45.465973,0.0],[25.728063,45.466062,0.0],[25.728305,45.466126,0.0],[25.728545,45.466168,0.0],[25.728784,45.466186,0.0],[25.729066,45.466185,0.0],[25.729672,45.466148,0.0],[25.730282,45.46619,0.0],[25.7305,45.466228,0.0],[25.730763,45.4663,0.0],[25.731091,45.466352,0.0],[25.731331,45.466405,0.0],[25.731726,45.466524,0.0],[25.732205,45.466565,0.0],[25.732357,45.466558,0.0],[25.732595,45.466527,0.0],[25.733177,45.466433,0.0],[25.73378,45.466311,0.0],[25.734211,45.46625,0.0],[25.734472,45.466245,0.0],[25.734646,45.466257,0.0],[25.734865,45.466311,0.0],[25.735464,45.466659,0.0],[25.73575,45.466772,0.0],[25.736208,45.466826,0.0],[25.736513,45.466843,0.0],[25.73711,45.466851,0.0],[25.737741,45.466893,0.0],[25.738677,45.466972,0.0],[25.740008,45.467166,0.0],[25.740555,45.467282,0.0],[25.74104,45.46748,0.0],[25.741391,45.467596,0.0],[25.741588,45.467646,0.0],[25.741915,45.467678,0.0],[25.742199,45.467738,0.0],[25.742461,45.467764,0.0],[25.742767,45.467831,0.0],[25.743007,45.467865,0.0],[25.743631,45.467869,0.0],[25.744372,45.467814,0.0],[25.745001,45.467799,0.0],[25.745293,45.46777,0.0],[25.745461,45.467767,0.0],[25.746462,45.467684,0.0],[25.747271,45.467574,0.0],[25.747688,45.467548,0.0],[25.748277,45.467484,0.0],[25.74847,45.467474,0.0],[25.748513,45.467461,0.0],[25.748599,45.467444,0.0],[25.748685,45.467412,0.0],[25.749061,45.467318,0.0],[25.749212,45.467292,0.0],[25.749569,45.467263,0.0],[25.749634,45.467269,0.0],[25.749656,45.467257,0.0],[25.750057,45.467246,0.0],[25.75034,45.467264,0.0],[25.751136,45.467376,0.0],[25.751464,45.467454,0.0],[25.751992,45.467624,0.0],[25.752342,45.467694,0.0],[25.753037,45.467716,0.0],[25.753785,45.467688,0.0],[25.754109,45.467651,0.0],[25.754718,45.467545,0.0],[25.755057,45.467466,0.0],[25.755852,45.467253,0.0],[25.756078,45.467203,0.0],[25.75617,45.467198,0.0],[25.756304,45.467165,0.0],[25.756348,45.467168,0.0],[25.756562,45.467099,0.0],[25.75667,45.467086,0.0],[25.756928,45.467024,0.0],[25.757068,45.467002,0.0],[25.757442,45.466992,0.0],[25.757858,45.466931,0.0],[25.758232,45.466786,0.0],[25.758596,45.466676,0.0],[25.758844,45.4666,0.0],[25.758951,45.466582,0.0],[25.759359,45.466453,0.0],[25.759885,45.466306,0.0],[25.760741,45.465989,0.0],[25.761125,45.465802,0.0],[25.761424,45.465671,0.0],[25.761606,45.465606,0.0],[25.761895,45.465529,0.0],[25.762272,45.465453,0.0],[25.762532,45.465422,0.0],[25.762706,45.46543,0.0],[25.763537,45.465617,0.0],[25.763581,45.465609,0.0],[25.764213,45.465697,0.0],[25.764387,45.465697,0.0],[25.764517,45.465684,0.0],[25.764775,45.465626,0.0],[25.765423,45.46556,0.0],[25.765527,45.465566,0.0],[25.765738,45.465555,0.0],[25.765934,45.465566,0.0],[25.766005,45.465592,0.0],[25.766133,45.465666,0.0],[25.766807,45.466139,0.0],[25.767178,45.46648,0.0],[25.767348,45.466672,0.0],[25.767446,45.466823,0.0],[25.767496,45.46699,0.0],[25.76763,45.467232,0.0],[25.767685,45.467399,0.0],[25.767755,45.46752,0.0],[25.767835,45.467622,0.0],[25.767931,45.467692,0.0],[25.768193,45.467898,0.0],[25.768493,45.468083,0.0],[25.769124,45.468412,0.0],[25.769295,45.468489,0.0],[25.76949,45.468608,0.0],[25.770174,45.468924,0.0],[25.770413,45.469053,0.0],[25.770564,45.469168,0.0],[25.770647,45.469213,0.0],[25.770782,45.469345,0.0],[25.770923,45.469617,0.0],[25.771002,45.46986,0.0],[25.771083,45.470256,0.0],[25.771138,45.471141,0.0],[25.771175,45.471263,0.0],[25.771179,45.471354,0.0],[25.771164,45.471385,0.0],[25.771183,45.471614,0.0],[25.771169,45.471676,0.0],[25.771194,45.472046,0.0],[25.771317,45.472544,0.0],[25.771314,45.472605,0.0],[25.771393,45.472989,0.0],[25.771462,45.473217,0.0],[25.771612,45.473608,0.0],[25.771793,45.473941,0.0],[25.771902,45.474077,0.0],[25.771966,45.474198,0.0],[25.772096,45.474337,0.0],[25.772163,45.474381,0.0],[25.772273,45.474437,0.0],[25.772493,45.474497,0.0],[25.77271,45.474501,0.0],[25.772824,45.474492,0.0],[25.773186,45.474454,0.0],[25.773423,45.474408,0.0],[25.773715,45.47438,0.0],[25.77391,45.474384,0.0],[25.774042,45.474416,0.0],[25.774169,45.474486,0.0],[25.774311,45.474644,0.0],[25.774448,45.474825,0.0],[25.774639,45.475131,0.0],[25.774894,45.475434,0.0],[25.77511,45.475665,0.0],[25.77545,45.475903,0.0],[25.775858,45.47622,0.0],[25.776191,45.476402,0.0],[25.776545,45.476575,0.0],[25.777351,45.476931,0.0],[25.777517,45.477023,0.0],[25.777583,45.477041,0.0],[25.777849,45.477197,0.0],[25.778214,45.477362,0.0],[25.778225,45.477377,0.0],[25.778522,45.477486,0.0],[25.778851,45.477568,0.0],[25.779441,45.477668,0.0],[25.780731,45.477916,0.0],[25.781673,45.478128,0.0],[25.782024,45.478221,0.0],[25.782353,45.478326,0.0],[25.782663,45.478469,0.0],[25.783239,45.478772,0.0],[25.783412,45.478891,0.0],[25.783575,45.479037,0.0],[25.783766,45.479232,0.0],[25.784386,45.479939,0.0],[25.786465,45.481822,0.0],[25.786477,45.479558,0.0],[25.786553,45.479556,0.0],[25.787191,45.479515,0.0],[25.78768,45.479459,0.0],[25.788204,45.479374,0.0],[25.788539,45.479316,0.0],[25.788859,45.479235,0.0],[25.789276,45.479078,0.0],[25.789651,45.478939,0.0],[25.789991,45.478788,0.0],[25.790253,45.478618,0.0],[25.79079,45.478099,0.0],[25.791151,45.477746,0.0],[25.791634,45.477207,0.0],[25.79184,45.476889,0.0],[25.791993,45.476684,0.0],[25.792124,45.476426,0.0],[25.792273,45.475967,0.0],[25.792299,45.475805,0.0],[25.792363,45.475591,0.0],[25.792456,45.475406,0.0],[25.792569,45.47524,0.0],[25.792644,45.47515,0.0],[25.792754,45.475071,0.0],[25.792914,45.475014,0.0],[25.793045,45.474982,0.0],[25.79328,45.474978,0.0],[25.793507,45.474982,0.0],[25.79365,45.474992,0.0],[25.793821,45.474999,0.0],[25.794016,45.474981,0.0],[25.794159,45.474952,0.0],[25.794299,45.474907,0.0],[25.794421,45.474814,0.0],[25.79453,45.474688,0.0],[25.794584,45.474561,0.0],[25.794579,45.47443,0.0],[25.794509,45.474324,0.0],[25.794404,45.474188,0.0],[25.794359,45.474129,0.0],[25.794355,45.474082,0.0],[25.794378,45.474034,0.0],[25.794429,45.474,0.0],[25.794568,45.473965,0.0],[25.79464,45.473965,0.0],[25.794723,45.473981,0.0],[25.794943,45.474027,0.0],[25.795227,45.474092,0.0],[25.795466,45.474121,0.0],[25.795589,45.474129,0.0],[25.795764,45.4741,0.0],[25.795858,45.474035,0.0],[25.79598,45.473905,0.0],[25.796035,45.473799,0.0],[25.796071,45.473533,0.0],[25.796063,45.473259,0.0],[25.796101,45.473099,0.0],[25.796206,45.472922,0.0],[25.796381,45.472695,0.0],[25.796584,45.472394,0.0],[25.796661,45.472199,0.0],[25.796792,45.471892,0.0],[25.796867,45.471775,0.0],[25.796924,45.471673,0.0],[25.797017,45.471597,0.0],[25.797074,45.471527,0.0],[25.797122,45.471422,0.0],[25.797176,45.471329,0.0],[25.797324,45.471258,0.0],[25.79753,45.471222,0.0],[25.797791,45.471217,0.0],[25.798078,45.47118,0.0],[25.79845,45.471121,0.0],[25.798678,45.471075,0.0],[25.798978,45.470975,0.0],[25.799261,45.470899,0.0],[25.799552,45.470799,0.0],[25.799936,45.47062,0.0],[25.800191,45.470542,0.0],[25.800441,45.470423,0.0],[25.800687,45.470333,0.0],[25.800959,45.470212,0.0],[25.800973,45.47013,0.0],[25.800905,45.470038,0.0],[25.800792,45.469874,0.0],[25.800648,45.46974,0.0],[25.800549,45.469562,0.0],[25.800589,45.46954,0.0],[25.800675,45.469533,0.0],[25.80102,45.469527,0.0],[25.801248,45.4695,0.0],[25.801385,45.469481,0.0],[25.801562,45.469484,0.0],[25.802429,45.46961,0.0],[25.80312,45.469669,0.0],[25.803851,45.469725,0.0],[25.804287,45.469722,0.0],[25.804642,45.469684,0.0],[25.805019,45.469623,0.0],[25.805662,45.469511,0.0],[25.806066,45.469419,0.0],[25.806436,45.469367,0.0],[25.80681,45.469286,0.0],[25.807159,45.46919,0.0],[25.807617,45.469041,0.0],[25.807833,45.468947,0.0],[25.80827,45.468682,0.0],[25.808605,45.468458,0.0],[25.808827,45.468324,0.0],[25.809248,45.468103,0.0],[25.809525,45.467904,0.0],[25.809753,45.467703,0.0],[25.809979,45.467476,0.0],[25.810226,45.467139,0.0],[25.810581,45.466665,0.0],[25.810797,45.466205,0.0],[25.810925,45.465934,0.0],[25.810956,45.465696,0.0],[25.810942,45.465434,0.0],[25.810939,45.464109,0.0],[25.811445,45.462524,0.0],[25.812124,45.461269,0.0],[25.813043,45.459704,0.0],[25.814158,45.458054,0.0],[25.814502,45.457895,0.0],[25.814755,45.457714,0.0],[25.814892,45.457492,0.0],[25.815218,45.457212,0.0],[25.815362,45.456915,0.0],[25.815538,45.456583,0.0],[25.815912,45.456261,0.0],[25.816686,45.455686,0.0],[25.816815,45.455646,0.0],[25.817105,45.455716,0.0],[25.81774,45.455849,0.0],[25.818057,45.455886,0.0],[25.818691,45.455921,0.0],[25.819204,45.45595,0.0],[25.819538,45.455908,0.0],[25.819852,45.455608,0.0],[25.819993,45.455083,0.0],[25.820051,45.454565,0.0],[25.819784,45.454109,0.0],[25.819599,45.45356,0.0],[25.819611,45.453121,0.0],[25.819744,45.452655,0.0],[25.819755,45.452397,0.0],[25.819735,45.451985,0.0],[25.819651,45.451934,0.0],[25.819669,45.451849,0.0],[25.819779,45.451737,0.0],[25.819821,45.451387,0.0],[25.819666,45.45104,0.0],[25.819512,45.450764,0.0],[25.819555,45.450467,0.0],[25.819661,45.450019,0.0],[25.819746,45.449458,0.0],[25.819895,45.449263,0.0],[25.820312,45.448983,0.0],[25.821009,45.448603,0.0],[25.821275,45.448199,0.0],[25.82136,45.447658,0.0],[25.821488,45.447414,0.0],[25.821682,45.447241,0.0],[25.82197,45.447061,0.0],[25.822183,45.446921,0.0],[25.822739,45.446155,0.0],[25.823396,45.44544,0.0],[25.823489,45.445152,0.0],[25.823612,45.444937,0.0],[25.823948,45.444542,0.0],[25.824171,45.444071,0.0],[25.824197,45.443799,0.0],[25.824366,45.443255,0.0],[25.824563,45.443042,0.0],[25.824992,45.442931,0.0],[25.825862,45.442834,0.0],[25.826432,45.442725,0.0],[25.827086,45.442421,0.0],[25.827561,45.442189,0.0],[25.827641,45.441278,0.0],[25.827546,45.440943,0.0],[25.82767,45.440213,0.0],[25.827719,45.439605,0.0],[25.828249,45.439129,0.0],[25.828397,45.43875,0.0],[25.827905,45.437392,0.0],[25.827878,45.43707,0.0],[25.827868,45.437048,0.0],[25.82769,45.436845,0.0],[25.827752,45.436557,0.0],[25.827898,45.436211,0.0],[25.827975,45.435596,0.0],[25.827718,45.435256,0.0],[25.827469,45.434974,0.0],[25.827134,45.434849,0.0],[25.826769,45.434763,0.0],[25.82644,45.434681,0.0],[25.826161,45.434608,0.0],[25.825925,45.434586,0.0],[25.825339,45.434289,0.0],[25.823425,45.43344,0.0],[25.823342,45.433372,0.0],[25.823135,45.432773,0.0],[25.8231,45.43241,0.0],[25.823029,45.432159,0.0],[25.822956,45.431993,0.0],[25.822828,45.431833,0.0],[25.822756,45.431768,0.0],[25.822404,45.431634,0.0],[25.824266,45.431292,0.0],[25.825096,45.431333,0.0],[25.825685,45.431195,0.0],[25.827318,45.430632,0.0],[25.827882,45.430439,0.0],[25.827972,45.430385,0.0],[25.828753,45.429759,0.0],[25.828786,45.429735,0.0],[25.829066,45.429616,0.0],[25.829295,45.429507,0.0],[25.829501,45.429435,0.0],[25.829801,45.429382,0.0],[25.83029,45.42932,0.0],[25.830547,45.429304,0.0],[25.831164,45.429283,0.0],[25.831471,45.429297,0.0],[25.83182,45.429421,0.0],[25.832153,45.429616,0.0],[25.832414,45.429831,0.0],[25.832616,45.429991,0.0],[25.832997,45.430049,0.0],[25.833545,45.430055,0.0],[25.834177,45.430114,0.0],[25.834931,45.430113,0.0],[25.835268,45.43012,0.0],[25.83563,45.430114,0.0],[25.836187,45.430082,0.0],[25.8366,45.43007,0.0],[25.837063,45.430015,0.0],[25.83749,45.430005,0.0],[25.837783,45.429979,0.0],[25.838182,45.429943,0.0],[25.838562,45.429926,0.0],[25.839131,45.429937,0.0],[25.839496,45.429919,0.0],[25.83982,45.429919,0.0],[25.840562,45.429929,0.0],[25.840716,45.42992,0.0],[25.840833,45.429898,0.0],[25.840949,45.429879,0.0],[25.841267,45.429855,0.0],[25.841793,45.429804,0.0],[25.842222,45.429742,0.0],[25.842537,45.429653,0.0],[25.842781,45.429597,0.0],[25.842952,45.429564,0.0],[25.843046,45.429541,0.0],[25.843149,45.429494,0.0],[25.843467,45.429328,0.0],[25.843617,45.429244,0.0],[25.843729,45.429163,0.0],[25.843851,45.429052,0.0],[25.843965,45.429002,0.0],[25.844107,45.428964,0.0],[25.844327,45.42892,0.0],[25.844554,45.428866,0.0],[25.844788,45.428798,0.0],[25.844916,45.428763,0.0],[25.845041,45.428753,0.0],[25.845207,45.428744,0.0],[25.845324,45.428721,0.0],[25.845866,45.42848,0.0],[25.846476,45.42819,0.0],[25.846853,45.428033,0.0],[25.847161,45.427899,0.0],[25.847452,45.427716,0.0],[25.847659,45.427583,0.0],[25.847855,45.427502,0.0],[25.848056,45.427473,0.0],[25.848407,45.427407,0.0],[25.848883,45.427381,0.0],[25.849497,45.427357,0.0],[25.8501,45.427319,0.0],[25.850505,45.427256,0.0],[25.850963,45.427136,0.0],[25.85192,45.426906,0.0],[25.852382,45.426755,0.0],[25.852818,45.42662,0.0],[25.853623,45.42643,0.0],[25.854044,45.426352,0.0],[25.854422,45.426259,0.0],[25.85472,45.426196,0.0],[25.855013,45.426169,0.0],[25.855216,45.426165,0.0],[25.85564,45.426084,0.0],[25.85587,45.426031,0.0],[25.856183,45.425951,0.0],[25.856303,45.425924,0.0],[25.856468,45.425817,0.0],[25.85663,45.425695,0.0],[25.85674,45.425641,0.0],[25.857107,45.425512,0.0],[25.857645,45.425287,0.0],[25.857815,45.425236,0.0],[25.858031,45.425145,0.0],[25.858496,45.424925,0.0],[25.858859,45.424746,0.0],[25.859223,45.424568,0.0],[25.859667,45.424303,0.0],[25.859862,45.424182,0.0],[25.859948,45.424075,0.0],[25.859947,45.423785,0.0],[25.860015,45.42321,0.0],[25.86001,45.422645,0.0],[25.860013,45.422432,0.0],[25.860034,45.422057,0.0],[25.860033,45.421966,0.0],[25.860059,45.421921,0.0],[25.860142,45.421911,0.0],[25.860266,45.421917,0.0],[25.860435,45.421951,0.0],[25.860884,45.421997,0.0],[25.861229,45.422044,0.0],[25.861433,45.422071,0.0],[25.86216,45.422145,0.0],[25.862742,45.422176,0.0],[25.863335,45.422221,0.0],[25.864726,45.42238,0.0],[25.865384,45.422457,0.0],[25.865964,45.422595,0.0],[25.866662,45.422759,0.0],[25.867073,45.422882,0.0],[25.867262,45.422938,0.0],[25.867612,45.423078,0.0],[25.867638,45.423258,0.0],[25.867598,45.423404,0.0],[25.867558,45.42355,0.0],[25.867473,45.42393,0.0],[25.867372,45.424374,0.0],[25.867337,45.424649,0.0],[25.867295,45.4249,0.0],[25.867254,45.425049,0.0],[25.867214,45.425199,0.0],[25.867249,45.425275,0.0],[25.867576,45.425472,0.0],[25.867924,45.425653,0.0],[25.868191,45.426017,0.0],[25.86828,45.426306,0.0],[25.868385,45.426527,0.0],[25.868395,45.427166,0.0],[25.86828,45.427437,0.0],[25.868296,45.427736,0.0],[25.868334,45.428009,0.0],[25.868364,45.428437,0.0],[25.868356,45.428775,0.0],[25.868341,45.429526,0.0],[25.868296,45.4299,0.0],[25.868281,45.430025,0.0],[25.868376,45.430377,0.0],[25.868376,45.430473,0.0],[25.868305,45.430861,0.0],[25.868229,45.431187,0.0],[25.868205,45.43144,0.0],[25.868174,45.431687,0.0],[25.868066,45.432407,0.0],[25.868072,45.432612,0.0],[25.868132,45.432834,0.0],[25.868232,45.433158,0.0],[25.868433,45.433455,0.0],[25.868559,45.433693,0.0],[25.868626,45.433953,0.0],[25.868751,45.434291,0.0],[25.868833,45.434621,0.0],[25.868897,45.434917,0.0],[25.86891,45.43519,0.0],[25.868981,45.435535,0.0],[25.869084,45.435778,0.0],[25.86916,45.435872,0.0],[25.869292,45.435967,0.0],[25.869612,45.43612,0.0],[25.869865,45.436225,0.0],[25.870121,45.43637,0.0],[25.870376,45.436472,0.0],[25.870676,45.43661,0.0],[25.871006,45.436754,0.0],[25.871484,45.43714,0.0],[25.871773,45.437337,0.0],[25.872105,45.437676,0.0],[25.872938,45.438338,0.0],[25.87365,45.438814,0.0],[25.874027,45.439103,0.0],[25.874303,45.439239,0.0],[25.874728,45.439434,0.0],[25.875504,45.43991,0.0],[25.875938,45.440208,0.0],[25.876535,45.440629,0.0],[25.877062,45.441011,0.0],[25.877517,45.441334,0.0],[25.877684,45.441548,0.0],[25.878089,45.441852,0.0],[25.878388,45.442082,0.0],[25.878864,45.442395,0.0],[25.879242,45.442689,0.0],[25.879688,45.442913,0.0],[25.880208,45.44354,0.0],[25.88042,45.443852,0.0],[25.880693,45.443995,0.0],[25.881043,45.444015,0.0],[25.881328,45.443955,0.0],[25.881479,45.443965,0.0],[25.881659,45.444021,0.0],[25.88197,45.444063,0.0],[25.882475,45.444101,0.0],[25.882673,45.444132,0.0],[25.882873,45.444118,0.0],[25.883313,45.444175,0.0],[25.883699,45.444251,0.0],[25.883878,45.444336,0.0],[25.884351,45.444488,0.0],[25.884592,45.44457,0.0],[25.884856,45.444695,0.0],[25.885005,45.444817,0.0],[25.885918,45.445057,0.0],[25.886396,45.445246,0.0],[25.886773,45.445341,0.0],[25.887337,45.445499,0.0],[25.887616,45.445537,0.0],[25.887995,45.44546,0.0],[25.888402,45.445409,0.0],[25.888661,45.445377,0.0],[25.888753,45.4454,0.0],[25.88875,45.445518,0.0],[25.888631,45.445617,0.0],[25.888565,45.445709,0.0],[25.888624,45.445803,0.0],[25.889058,45.446085,0.0],[25.889241,45.446127,0.0],[25.889364,45.446312,0.0],[25.889444,45.446511,0.0],[25.88967,45.446733,0.0],[25.889797,45.446989,0.0],[25.889601,45.447239,0.0],[25.889493,45.447686,0.0],[25.88918,45.448348,0.0],[25.888612,45.449365,0.0],[25.88847,45.449874,0.0],[25.88842,45.450426,0.0],[25.888537,45.450733,0.0],[25.888705,45.450904,0.0],[25.888899,45.450989,0.0],[25.889241,45.451369,0.0],[25.889372,45.451579,0.0],[25.889398,45.452043,0.0],[25.889387,45.452479,0.0],[25.889188,45.453173,0.0],[25.889111,45.454008,0.0],[25.889155,45.454409,0.0],[25.889347,45.454645,0.0],[25.889666,45.454881,0.0],[25.889881,45.455068,0.0],[25.890241,45.455566,0.0],[25.890459,45.455854,0.0],[25.890305,45.456253,0.0],[25.890338,45.456646,0.0],[25.890713,45.457004,0.0],[25.891059,45.45733,0.0],[25.891361,45.457523,0.0],[25.891784,45.45773,0.0],[25.89224,45.458086,0.0],[25.892223,45.458346,0.0],[25.89215,45.459098,0.0],[25.892314,45.459394,0.0],[25.892265,45.459647,0.0],[25.892047,45.459902,0.0],[25.891577,45.460307,0.0],[25.891145,45.460957,0.0],[25.890093,45.461979,0.0],[25.889438,45.462577,0.0],[25.888547,45.463118,0.0],[25.88789,45.463577,0.0],[25.887697,45.464003,0.0],[25.887441,45.464763,0.0],[25.887359,45.465469,0.0],[25.887354,45.465903,0.0],[25.887517,45.466191,0.0],[25.88752,45.466388,0.0],[25.887452,45.466807,0.0],[25.887594,45.466964,0.0],[25.888208,45.467489,0.0],[25.88848,45.467644,0.0],[25.889034,45.467902,0.0],[25.889598,45.468225,0.0],[25.889787,45.468427,0.0],[25.889991,45.468936,0.0],[25.89073,45.469543,0.0],[25.891212,45.47001,0.0],[25.891532,45.470198,0.0],[25.891886,45.470247,0.0],[25.892287,45.470277,0.0],[25.892656,45.470499,0.0],[25.892931,45.470844,0.0],[25.893105,45.471255,0.0],[25.893251,45.471608,0.0],[25.893611,45.472037,0.0],[25.893746,45.472311,0.0],[25.894481,45.472894,0.0],[25.894707,45.473153,0.0],[25.894834,45.473399,0.0],[25.894887,45.473765,0.0],[25.895024,45.473945,0.0],[25.895336,45.474057,0.0],[25.895688,45.474166,0.0],[25.895856,45.474296,0.0],[25.895962,45.474512,0.0],[25.896016,45.474654,0.0],[25.896243,45.474922,0.0],[25.896302,45.475052,0.0],[25.896373,45.475309,0.0],[25.896782,45.476039,0.0],[25.896831,45.476213,0.0],[25.896867,45.476494,0.0],[25.896921,45.47665,0.0],[25.896953,45.476998,0.0],[25.896972,45.477223,0.0],[25.897042,45.477422,0.0],[25.897265,45.477805,0.0],[25.897315,45.478162,0.0],[25.897159,45.478979,0.0],[25.897035,45.479259,0.0],[25.896971,45.479533,0.0],[25.896971,45.479812,0.0],[25.896882,45.480256,0.0],[25.895981,45.481245,0.0],[25.895637,45.482243,0.0],[25.895563,45.482545,0.0],[25.895125,45.482731,0.0],[25.894203,45.483,0.0],[25.893224,45.483207,0.0],[25.893021,45.48324,0.0],[25.892731,45.483457,0.0],[25.892161,45.48385,0.0],[25.891724,45.484068,0.0],[25.891751,45.484386,0.0],[25.891323,45.485459,0.0],[25.89099,45.487906,0.0],[25.891209,45.488107,0.0],[25.891406,45.48852,0.0],[25.89187,45.488756,0.0],[25.892094,45.488923,0.0],[25.892098,45.489403,0.0],[25.892406,45.489669,0.0],[25.893318,45.490101,0.0],[25.893675,45.490737,0.0],[25.894103,45.491333,0.0],[25.894083,45.49156,0.0],[25.893881,45.491745,0.0],[25.893753,45.492173,0.0],[25.893901,45.492305,0.0],[25.894093,45.492338,0.0],[25.894402,45.49236,0.0],[25.894526,45.492449,0.0],[25.894577,45.492831,0.0],[25.894644,45.493058,0.0],[25.894759,45.493229,0.0],[25.89497,45.493368,0.0],[25.895263,45.493476,0.0],[25.89544,45.493646,0.0],[25.89539,45.494095,0.0],[25.895471,45.494501,0.0],[25.895718,45.494718,0.0],[25.895852,45.494928,0.0],[25.896059,45.495128,0.0],[25.8966,45.495496,0.0],[25.897299,45.495944,0.0],[25.897548,45.495991,0.0],[25.897891,45.495989,0.0],[25.898193,45.496099,0.0],[25.898405,45.496308,0.0],[25.898688,45.496896,0.0],[25.898831,45.497602,0.0],[25.898831,45.497883,0.0],[25.899113,45.498116,0.0],[25.89941,45.498424,0.0],[25.899704,45.498862,0.0],[25.900333,45.499327,0.0],[25.900547,45.49936,0.0],[25.900929,45.49933,0.0],[25.9015,45.499358,0.0],[25.902329,45.499472,0.0],[25.902947,45.499577,0.0],[25.903463,45.49966,0.0],[25.904771,45.500189,0.0],[25.907718,45.50101,0.0],[25.907779,45.501193,0.0],[25.907756,45.501709,0.0],[25.907719,45.502302,0.0],[25.907828,45.5028,0.0],[25.908141,45.503329,0.0],[25.908796,45.503791,0.0],[25.909493,45.504461,0.0],[25.910103,45.505175,0.0],[25.910818,45.506178,0.0],[25.910856,45.506933,0.0],[25.91104,45.507405,0.0],[25.911367,45.507775,0.0],[25.911811,45.507911,0.0],[25.912354,45.508039,0.0],[25.912723,45.5083,0.0],[25.913108,45.50884,0.0],[25.913613,45.510017,0.0],[25.913767,45.510487,0.0],[25.914204,45.510879,0.0],[25.914775,45.511317,0.0],[25.915521,45.511653,0.0],[25.915702,45.511908,0.0],[25.915808,45.512342,0.0],[25.916022,45.512596,0.0],[25.917615,45.513738,0.0],[25.917851,45.514001,0.0],[25.918018,45.5141,0.0],[25.919313,45.517568,0.0],[25.919135,45.518765,0.0],[25.919372,45.51955,0.0],[25.920078,45.520716,0.0],[25.921031,45.521962,0.0],[25.922682,45.522569,0.0],[25.924441,45.522156,0.0],[25.925635,45.521859,0.0],[25.926925,45.521649,0.0],[25.927423,45.521224,0.0],[25.92798,45.520621,0.0],[25.928138,45.520524,0.0],[25.928818,45.52028,0.0],[25.929347,45.52005,0.0],[25.929538,45.519853,0.0],[25.929602,45.519729,0.0],[25.929734,45.519668,0.0],[25.929952,45.519645,0.0],[25.930762,45.51939,0.0],[25.930784,45.519284,0.0],[25.930826,45.518858,0.0],[25.930884,45.518734,0.0],[25.93107,45.518552,0.0],[25.931143,45.51843,0.0],[25.931162,45.518329,0.0],[25.931208,45.518236,0.0],[25.931315,45.518164,0.0],[25.931437,45.517983,0.0],[25.931429,45.517829,0.0],[25.931503,45.517706,0.0],[25.931523,45.517544,0.0],[25.931621,45.517453,0.0],[25.931856,45.517343,0.0],[25.932476,45.517011,0.0],[25.932651,45.516988,0.0],[25.932934,45.516997,0.0],[25.933452,45.51696,0.0],[25.933993,45.516848,0.0],[25.934188,45.516675,0.0],[25.934429,45.516453,0.0],[25.934648,45.516344,0.0],[25.93493,45.515904,0.0],[25.935132,45.515728,0.0],[25.935324,45.515544,0.0],[25.935459,45.515231,0.0],[25.935542,45.515018,0.0],[25.935582,45.514838,0.0],[25.935685,45.51475,0.0],[25.936018,45.514492,0.0],[25.936188,45.514357,0.0],[25.936253,45.514217,0.0],[25.936369,45.513995,0.0],[25.936348,45.513841,0.0],[25.9363,45.513783,0.0],[25.936381,45.513645,0.0],[25.936531,45.513478,0.0],[25.9368,45.513292,0.0],[25.937186,45.512981,0.0],[25.937621,45.512668,0.0],[25.937831,45.512536,0.0],[25.938038,45.512531,0.0],[25.938325,45.512592,0.0],[25.938762,45.51273,0.0],[25.939215,45.512905,0.0],[25.939546,45.513006,0.0],[25.939791,45.513068,0.0],[25.94019,45.513143,0.0],[25.940619,45.51315,0.0],[25.940994,45.513005,0.0],[25.941163,45.512957,0.0],[25.941425,45.512939,0.0],[25.941816,45.512991,0.0],[25.942098,45.513045,0.0],[25.942296,45.513093,0.0],[25.942597,45.51309,0.0],[25.943164,45.513053,0.0],[25.943501,45.512964,0.0],[25.944061,45.512767,0.0],[25.944552,45.512627,0.0],[25.945067,45.512431,0.0],[25.945412,45.512369,0.0],[25.945939,45.512206,0.0],[25.946332,45.512188,0.0],[25.946621,45.512226,0.0],[25.946874,45.512298,0.0],[25.94717,45.512443,0.0],[25.947527,45.51251,0.0],[25.948243,45.512464,0.0],[25.948901,45.512374,0.0],[25.949489,45.51229,0.0],[25.950072,45.512152,0.0],[25.950571,45.512014,0.0],[25.951219,45.511697,0.0],[25.951444,45.5116,0.0],[25.951735,45.511566,0.0],[25.952104,45.511491,0.0],[25.952481,45.511412,0.0],[25.952817,45.511337,0.0],[25.953055,45.511318,0.0],[25.953334,45.511316,0.0],[25.954104,45.511044,0.0],[25.954544,45.510952,0.0],[25.95488,45.510942,0.0],[25.955443,45.510969,0.0],[25.955658,45.510952,0.0],[25.955908,45.510896,0.0],[25.956238,45.510806,0.0],[25.956438,45.510794,0.0],[25.956663,45.510764,0.0],[25.956874,45.510722,0.0],[25.957066,45.510702,0.0],[25.957268,45.510699,0.0],[25.957547,45.51069,0.0],[25.957761,45.510689,0.0],[25.958433,45.510663,0.0],[25.95896,45.510629,0.0],[25.959466,45.510651,0.0],[25.959811,45.510683,0.0],[25.960105,45.510732,0.0],[25.960433,45.51081,0.0],[25.96069,45.510828,0.0],[25.960822,45.510826,0.0],[25.961036,45.510782,0.0],[25.961252,45.510721,0.0],[25.961424,45.510682,0.0],[25.961622,45.510673,0.0],[25.961893,45.510661,0.0],[25.962199,45.510636,0.0],[25.962573,45.510558,0.0],[25.962869,45.510437,0.0],[25.963041,45.510341,0.0],[25.96322,45.5103,0.0],[25.963481,45.510269,0.0],[25.963721,45.510206,0.0],[25.963975,45.510092,0.0],[25.964261,45.509989,0.0],[25.964541,45.509904,0.0],[25.965485,45.509277,0.0],[25.965605,45.509158,0.0],[25.965722,45.509109,0.0],[25.965883,45.509077,0.0],[25.966042,45.508948,0.0],[25.966288,45.508674,0.0],[25.966494,45.508402,0.0],[25.966793,45.508146,0.0],[25.967086,45.507886,0.0],[25.967251,45.507787,0.0],[25.967401,45.50777,0.0],[25.967548,45.507816,0.0],[25.967736,45.507943,0.0],[25.968045,45.508027,0.0],[25.968499,45.50814,0.0],[25.968982,45.508272,0.0],[25.969414,45.508442,0.0],[25.969823,45.508571,0.0],[25.970012,45.508618,0.0],[25.970197,45.50864,0.0],[25.970451,45.508645,0.0],[25.970653,45.508767,0.0],[25.970714,45.508952,0.0],[25.970721,45.509327,0.0],[25.970824,45.509563,0.0],[25.971043,45.509795,0.0],[25.97138,45.510095,0.0],[25.971734,45.510474,0.0],[25.971966,45.510609,0.0],[25.972444,45.510771,0.0],[25.972949,45.511033,0.0],[25.973556,45.511187,0.0],[25.974178,45.511266,0.0],[25.97448,45.511305,0.0],[25.974783,45.511344,0.0],[25.974898,45.511337,0.0],[25.975064,45.51138,0.0],[25.975472,45.511405,0.0],[25.97556,45.511445,0.0],[25.975844,45.511629,0.0],[25.976075,45.511727,0.0],[25.976373,45.511811,0.0],[25.976631,45.511848,0.0],[25.976857,45.511882,0.0],[25.977103,45.511941,0.0],[25.977345,45.511973,0.0],[25.977483,45.511966,0.0],[25.97759,45.511957,0.0],[25.977721,45.511972,0.0],[25.977884,45.512021,0.0],[25.978077,45.512014,0.0],[25.978299,45.512028,0.0],[25.978555,45.512105,0.0],[25.978794,45.512214,0.0],[25.97908,45.512281,0.0],[25.97925,45.512293,0.0],[25.979405,45.512303,0.0],[25.979614,45.512285,0.0],[25.979802,45.512205,0.0],[25.980009,45.512051,0.0],[25.980224,45.511913,0.0],[25.980244,45.511876,0.0],[25.980378,45.511639,0.0],[25.980384,45.511627,0.0],[25.980455,45.511584,0.0],[25.980527,45.511541,0.0],[25.980885,45.511595,0.0],[25.981042,45.511619,0.0],[25.981722,45.511645,0.0],[25.982284,45.511719,0.0],[25.982771,45.511851,0.0],[25.983449,45.511946,0.0],[25.984171,45.512246,0.0],[25.984699,45.512439,0.0],[25.984945,45.512529,0.0],[25.985047,45.512552,0.0],[25.985613,45.51268,0.0],[25.986351,45.512757,0.0],[25.986882,45.512901,0.0],[25.987893,45.51306,0.0],[25.98819,45.513226,0.0],[25.988425,45.513485,0.0],[25.988695,45.513756,0.0],[25.988841,45.513912,0.0],[25.988999,45.514005,0.0],[25.989125,45.514067,0.0],[25.989307,45.514114,0.0],[25.989477,45.514131,0.0],[25.989595,45.514114,0.0],[25.989655,45.51409,0.0],[25.990433,45.513798,0.0],[25.990588,45.513674,0.0],[25.9912,45.513435,0.0],[25.991974,45.513403,0.0],[25.992353,45.513503,0.0],[25.992573,45.51343,0.0],[25.992702,45.513455,0.0],[25.992771,45.513694,0.0],[25.992874,45.513777,0.0],[25.993818,45.51406,0.0],[25.994316,45.514088,0.0],[25.99475,45.514116,0.0],[25.994926,45.514199,0.0],[25.995236,45.514396,0.0],[25.995374,45.514376,0.0],[25.995658,45.51425,0.0],[25.996173,45.513708,0.0],[25.996237,45.513177,0.0],[25.996354,45.512988,0.0],[25.996925,45.512505,0.0],[25.997271,45.512275,0.0],[25.997883,45.511835,0.0],[25.998191,45.511677,0.0],[25.998497,45.511497,0.0],[25.99866,45.511311,0.0],[25.998781,45.511239,0.0],[25.998959,45.511108,0.0],[25.999024,45.511056,0.0],[25.999179,45.510958,0.0],[25.999656,45.510531,0.0],[25.999842,45.510539,0.0],[26.000105,45.510484,0.0],[26.000229,45.51042,0.0],[26.000403,45.5103,0.0],[26.00069,45.510269,0.0],[26.00086,45.510305,0.0],[26.00126,45.510569,0.0],[26.001417,45.510507,0.0],[26.00131,45.510351,0.0],[26.001071,45.510139,0.0],[26.001478,45.509885,0.0],[26.001765,45.509817,0.0],[26.002272,45.50965,0.0],[26.002488,45.509619,0.0],[26.002993,45.509445,0.0],[26.003311,45.509348,0.0],[26.003668,45.509129,0.0],[26.003834,45.509087,0.0],[26.003886,45.508976,0.0],[26.003977,45.508912,0.0],[26.0041,45.508736,0.0],[26.004415,45.508528,0.0],[26.0048,45.508273,0.0],[26.004933,45.508218,0.0],[26.005184,45.508022,0.0],[26.005418,45.507899,0.0],[26.006011,45.507461,0.0],[26.006067,45.507357,0.0],[26.006222,45.507244,0.0],[26.006272,45.507099,0.0],[26.006468,45.506848,0.0],[26.006227,45.506619,0.0],[26.005571,45.506814,0.0],[26.005432,45.506998,0.0],[26.00528,45.507017,0.0],[26.005276,45.507013,0.0],[26.005329,45.506959,0.0],[26.005427,45.506829,0.0],[26.005482,45.50674,0.0],[26.00554,45.506645,0.0],[26.005615,45.506554,0.0],[26.00569,45.506511,0.0],[26.005867,45.506451,0.0],[26.00606,45.50635,0.0],[26.006275,45.5062,0.0],[26.006604,45.505951,0.0],[26.006676,45.505888,0.0],[26.006768,45.50579,0.0],[26.006831,45.505726,0.0],[26.006998,45.505504,0.0],[26.007165,45.505279,0.0],[26.007255,45.50517,0.0],[26.007291,45.505134,0.0],[26.007342,45.50511,0.0],[26.007677,45.505038,0.0],[26.007763,45.505013,0.0],[26.00787,45.504972,0.0],[26.008101,45.504865,0.0],[26.008238,45.504792,0.0],[26.008345,45.504709,0.0],[26.008393,45.504649,0.0],[26.008502,45.504521,0.0],[26.008569,45.504442,0.0],[26.008677,45.504346,0.0],[26.008745,45.504278,0.0],[26.008805,45.504208,0.0],[26.008879,45.503985,0.0],[26.008954,45.503802,0.0],[26.009035,45.503676,0.0],[26.009171,45.503549,0.0],[26.00937,45.503382,0.0],[26.009585,45.503107,0.0],[26.009706,45.502941,0.0],[26.009881,45.502625,0.0],[26.009969,45.502479,0.0],[26.01002,45.502352,0.0],[26.010027,45.50227,0.0],[26.010018,45.502202,0.0],[26.009979,45.502116,0.0],[26.009942,45.502052,0.0],[26.009841,45.501932,0.0],[26.009809,45.501878,0.0],[26.009805,45.501772,0.0],[26.00985,45.501704,0.0],[26.010137,45.501498,0.0],[26.010313,45.501352,0.0],[26.010417,45.501221,0.0],[26.010507,45.501037,0.0],[26.010547,45.500856,0.0],[26.010528,45.500663,0.0],[26.010525,45.500475,0.0],[26.010558,45.500291,0.0],[26.010672,45.500005,0.0],[26.01089,45.499625,0.0],[26.011064,45.499479,0.0],[26.011173,45.499389,0.0],[26.011361,45.499174,0.0],[26.011461,45.498962,0.0],[26.011471,45.498786,0.0],[26.0114,45.498653,0.0],[26.011352,45.498569,0.0],[26.011428,45.498398,0.0],[26.011738,45.498086,0.0],[26.011944,45.497914,0.0],[26.012048,45.497712,0.0],[26.012214,45.497519,0.0],[26.012389,45.497401,0.0],[26.012554,45.497341,0.0],[26.012639,45.497301,0.0],[26.012638,45.497248,0.0],[26.012661,45.497102,0.0],[26.012806,45.496892,0.0],[26.01295,45.496692,0.0],[26.012977,45.496557,0.0],[26.012948,45.496407,0.0],[26.012882,45.496289,0.0],[26.01268,45.496069,0.0],[26.012461,45.495867,0.0],[26.012238,45.495641,0.0],[26.012225,45.49553,0.0],[26.012227,45.495176,0.0],[26.012283,45.494875,0.0],[26.012206,45.494286,0.0],[26.012168,45.494002,0.0],[26.012075,45.493594,0.0],[26.012101,45.49345,0.0],[26.01225,45.493146,0.0],[26.01238,45.492902,0.0],[26.012895,45.492353,0.0],[26.013083,45.49209,0.0],[26.013136,45.491777,0.0],[26.013137,45.491524,0.0],[26.013261,45.491092,0.0],[26.013427,45.490749,0.0],[26.013515,45.490442,0.0],[26.013466,45.490269,0.0],[26.013404,45.490174,0.0],[26.013705,45.490113,0.0],[26.014425,45.490126,0.0],[26.015197,45.490162,0.0],[26.015422,45.490117,0.0],[26.015996,45.489983,0.0],[26.016552,45.4899,0.0],[26.017078,45.489887,0.0],[26.017906,45.489931,0.0],[26.018164,45.489865,0.0],[26.018225,45.489773,0.0],[26.018413,45.489677,0.0],[26.018542,45.489654,0.0],[26.018817,45.489655,0.0],[26.018962,45.489697,0.0],[26.019149,45.489787,0.0],[26.019282,45.489833,0.0],[26.019454,45.489846,0.0],[26.019546,45.489845,0.0],[26.019971,45.489776,0.0],[26.020119,45.489773,0.0],[26.020303,45.489741,0.0],[26.020451,45.489678,0.0],[26.020592,45.48963,0.0],[26.020742,45.489608,0.0],[26.020837,45.489543,0.0],[26.021186,45.489336,0.0],[26.021499,45.489162,0.0],[26.021661,45.489147,0.0],[26.022382,45.488877,0.0],[26.023057,45.488596,0.0],[26.023442,45.488335,0.0],[26.024014,45.487989,0.0],[26.02429,45.487734,0.0],[26.024467,45.487557,0.0],[26.024955,45.487327,0.0],[26.026027,45.486992,0.0],[26.02627,45.486892,0.0],[26.026513,45.486792,0.0],[26.026692,45.486755,0.0],[26.026993,45.486661,0.0],[26.027287,45.486484,0.0],[26.027588,45.486316,0.0],[26.028025,45.486233,0.0],[26.028446,45.486183,0.0],[26.028526,45.486208,0.0],[26.028595,45.486223,0.0],[26.02876,45.486259,0.0],[26.029025,45.486295,0.0],[26.029216,45.486302,0.0],[26.029268,45.4863,0.0],[26.029475,45.486294,0.0],[26.029665,45.486262,0.0],[26.029877,45.486156,0.0],[26.030045,45.486115,0.0],[26.0302,45.486111,0.0],[26.030337,45.486099,0.0],[26.030629,45.485981,0.0],[26.031064,45.4858,0.0],[26.031267,45.485684,0.0],[26.031455,45.485562,0.0],[26.031753,45.485407,0.0],[26.031944,45.485291,0.0],[26.032129,45.485176,0.0],[26.032372,45.485006,0.0],[26.032504,45.484906,0.0],[26.032682,45.484775,0.0],[26.032749,45.484725,0.0],[26.032858,45.484628,0.0],[26.032925,45.484568,0.0],[26.033042,45.484419,0.0],[26.033276,45.484202,0.0],[26.033673,45.483827,0.0],[26.034466,45.483138,0.0],[26.034818,45.482798,0.0],[26.035066,45.482566,0.0],[26.035345,45.482317,0.0],[26.035497,45.482207,0.0],[26.035647,45.482104,0.0],[26.035797,45.482023,0.0],[26.035995,45.481942,0.0],[26.036271,45.481841,0.0],[26.036482,45.481735,0.0],[26.036707,45.48163,0.0],[26.036905,45.481561,0.0],[26.037133,45.481465,0.0],[26.037196,45.481431,0.0],[26.03738,45.481319,0.0],[26.037763,45.481085,0.0],[26.038255,45.480779,0.0],[26.038555,45.480561,0.0],[26.038933,45.480279,0.0],[26.039107,45.480094,0.0],[26.039265,45.479876,0.0],[26.0394,45.479664,0.0],[26.039534,45.47947,0.0],[26.039726,45.479227,0.0],[26.039876,45.479068,0.0],[26.040061,45.478939,0.0],[26.040585,45.478628,0.0],[26.040813,45.478517,0.0],[26.041,45.478433,0.0],[26.041124,45.478388,0.0],[26.041284,45.478393,0.0],[26.04142,45.478422,0.0],[26.04152,45.478495,0.0],[26.041741,45.478696,0.0],[26.041998,45.478906,0.0],[26.042227,45.479001,0.0],[26.042424,45.479058,0.0],[26.042557,45.47905,0.0],[26.042725,45.479032,0.0],[26.043031,45.478902,0.0],[26.043474,45.478733,0.0],[26.043591,45.47869,0.0],[26.043983,45.478555,0.0],[26.044422,45.478447,0.0],[26.044868,45.47841,0.0],[26.045095,45.478399,0.0],[26.045572,45.478401,0.0],[26.045871,45.478426,0.0],[26.046175,45.478464,0.0],[26.046406,45.478471,0.0],[26.046531,45.478459,0.0],[26.046672,45.478442,0.0],[26.04711,45.479064,0.0],[26.047352,45.479316,0.0],[26.047425,45.479531,0.0],[26.047387,45.479624,0.0],[26.047363,45.480007,0.0],[26.047372,45.480297,0.0],[26.047461,45.480685,0.0],[26.047435,45.480981,0.0],[26.047463,45.482033,0.0],[26.047745,45.482362,0.0],[26.048309,45.482422,0.0],[26.048524,45.482413,0.0],[26.050573,45.482059,0.0],[26.051429,45.482024,0.0],[26.052002,45.482003,0.0],[26.052515,45.482017,0.0],[26.052833,45.482112,0.0],[26.052974,45.482204,0.0],[26.05312,45.482366,0.0],[26.053336,45.482582,0.0],[26.053588,45.483211,0.0],[26.053631,45.483309,0.0],[26.054067,45.48429,0.0],[26.0542,45.484834,0.0],[26.054423,45.484998,0.0],[26.054686,45.485094,0.0],[26.054946,45.485144,0.0],[26.055184,45.485102,0.0],[26.055534,45.485046,0.0],[26.05585,45.484959,0.0],[26.056316,45.484858,0.0],[26.056961,45.484759,0.0],[26.057223,45.484744,0.0],[26.058213,45.484803,0.0],[26.059142,45.484978,0.0],[26.060964,45.485265,0.0],[26.0621,45.485335,0.0],[26.063148,45.485312,0.0],[26.064551,45.48532,0.0],[26.065496,45.485303,0.0],[26.06479,45.485753,0.0],[26.064951,45.486561,0.0],[26.065553,45.487066,0.0],[26.065898,45.487514,0.0],[26.066017,45.48799,0.0],[26.065651,45.488251,0.0],[26.065244,45.488553,0.0],[26.063954,45.490339,0.0],[26.065829,45.491303,0.0],[26.066133,45.492608,0.0],[26.06619,45.492978,0.0],[26.06651,45.493284,0.0],[26.066495,45.494377,0.0],[26.0676,45.496678,0.0],[26.067638,45.496808,0.0],[26.067615,45.497101,0.0],[26.067536,45.497424,0.0],[26.067427,45.497766,0.0],[26.067323,45.498008,0.0],[26.067204,45.498193,0.0],[26.066884,45.498476,0.0],[26.066458,45.498887,0.0],[26.066438,45.499016,0.0],[26.066437,45.499179,0.0],[26.066249,45.499374,0.0],[26.066253,45.499506,0.0],[26.066265,45.499649,0.0],[26.066258,45.499724,0.0],[26.066216,45.499874,0.0],[26.066226,45.499993,0.0],[26.066327,45.50028,0.0],[26.066401,45.50067,0.0],[26.06643,45.50096,0.0],[26.066387,45.501167,0.0],[26.06638,45.501344,0.0],[26.066431,45.501492,0.0],[26.066549,45.501735,0.0],[26.06654,45.501828,0.0],[26.066454,45.501992,0.0],[26.066408,45.502143,0.0],[26.06649,45.502299,0.0],[26.066695,45.50243,0.0],[26.066968,45.502505,0.0],[26.067331,45.50255,0.0],[26.067587,45.502554,0.0],[26.067898,45.502523,0.0],[26.06813,45.502515,0.0],[26.068226,45.502531,0.0],[26.068351,45.502581,0.0],[26.068475,45.502685,0.0],[26.068559,45.502789,0.0],[26.068664,45.502903,0.0],[26.068739,45.503069,0.0],[26.068766,45.503177,0.0],[26.068839,45.503345,0.0],[26.06893,45.503431,0.0],[26.06915,45.503561,0.0],[26.069272,45.503605,0.0],[26.069387,45.503673,0.0],[26.069607,45.503819,0.0],[26.070042,45.504151,0.0],[26.070275,45.504295,0.0],[26.070526,45.504478,0.0],[26.070644,45.504593,0.0],[26.070796,45.504805,0.0],[26.071061,45.505253,0.0],[26.071255,45.505416,0.0],[26.071429,45.505507,0.0],[26.071625,45.505538,0.0],[26.071775,45.505577,0.0],[26.072168,45.50567,0.0],[26.072546,45.505723,0.0],[26.072607,45.505742,0.0],[26.072728,45.505782,0.0],[26.072732,45.505786,0.0],[26.07274,45.505794,0.0],[26.073039,45.50549,0.0],[26.073389,45.505251,0.0],[26.07363,45.505059,0.0],[26.073817,45.504843,0.0],[26.073989,45.50469,0.0],[26.074449,45.504167,0.0],[26.07462,45.504013,0.0],[26.074868,45.503828,0.0],[26.075563,45.503504,0.0],[26.075843,45.503395,0.0],[26.076166,45.503221,0.0],[26.076275,45.503148,0.0],[26.076452,45.502994,0.0],[26.076574,45.502825,0.0],[26.076658,45.502595,0.0],[26.076673,45.502504,0.0],[26.076609,45.502152,0.0],[26.076569,45.50203,0.0],[26.076555,45.50174,0.0],[26.076514,45.501557,0.0],[26.0765,45.501297,0.0],[26.076558,45.501098,0.0],[26.076701,45.500837,0.0],[26.076765,45.50076,0.0],[26.076893,45.500653,0.0],[26.07714,45.500407,0.0],[26.077344,45.500256,0.0],[26.077439,45.500146,0.0],[26.078257,45.499731,0.0],[26.078327,45.499688,0.0],[26.078346,45.499671,0.0],[26.078394,45.499557,0.0],[26.078427,45.499519,0.0],[26.078484,45.499483,0.0],[26.078545,45.499421,0.0],[26.078589,45.49936,0.0],[26.078631,45.499253,0.0],[26.078735,45.499048,0.0],[26.078815,45.498926,0.0],[26.078904,45.49882,0.0],[26.079,45.498737,0.0],[26.079069,45.498694,0.0],[26.079287,45.498593,0.0],[26.079364,45.498545,0.0],[26.079463,45.49846,0.0],[26.079554,45.498348,0.0],[26.079601,45.498303,0.0],[26.079703,45.498227,0.0],[26.079752,45.498201,0.0],[26.079842,45.498171,0.0],[26.080037,45.498166,0.0],[26.080211,45.498135,0.0],[26.080364,45.49809,0.0],[26.080495,45.498026,0.0],[26.080649,45.497892,0.0],[26.080923,45.497698,0.0],[26.081361,45.497478,0.0],[26.081438,45.497448,0.0],[26.081557,45.497415,0.0],[26.081623,45.497387,0.0],[26.081883,45.497212,0.0],[26.082203,45.497081,0.0],[26.082323,45.497038,0.0],[26.082476,45.496988,0.0],[26.082965,45.496851,0.0],[26.083293,45.496753,0.0],[26.083446,45.496698,0.0],[26.083577,45.496635,0.0],[26.084058,45.496454,0.0],[26.084407,45.496306,0.0],[26.084942,45.496095,0.0],[26.085587,45.495822,0.0],[26.086241,45.495591,0.0],[26.08646,45.495495,0.0],[26.086734,45.495335,0.0],[26.086808,45.49528,0.0],[26.086907,45.495186,0.0],[26.087028,45.495034,0.0],[26.087164,45.494837,0.0],[26.087286,45.4947,0.0],[26.087292,45.494639,0.0],[26.087274,45.494563,0.0],[26.087117,45.494217,0.0],[26.0871,45.494155,0.0],[26.08708,45.494095,0.0],[26.087066,45.49398,0.0],[26.087003,45.493819,0.0],[26.086998,45.493788,0.0],[26.086972,45.493746,0.0],[26.086922,45.493619,0.0],[26.086885,45.493562,0.0],[26.086794,45.493492,0.0],[26.086751,45.493444,0.0],[26.08673,45.493396,0.0],[26.086721,45.493266,0.0],[26.086708,45.49322,0.0],[26.086631,45.49309,0.0],[26.086538,45.492974,0.0],[26.086501,45.492897,0.0],[26.086502,45.492844,0.0],[26.086522,45.492806,0.0],[26.086568,45.492753,0.0],[26.086596,45.492692,0.0],[26.086611,45.492639,0.0],[26.086611,45.4926,0.0],[26.086604,45.492562,0.0],[26.086562,45.492478,0.0],[26.08646,45.492347,0.0],[26.08645,45.492316,0.0],[26.086451,45.492248,0.0],[26.086465,45.492217,0.0],[26.086507,45.492164,0.0],[26.086616,45.492081,0.0],[26.086644,45.492028,0.0],[26.086648,45.491982,0.0],[26.086629,45.491951,0.0],[26.086608,45.491934,0.0],[26.086556,45.491916,0.0],[26.086524,45.491895,0.0],[26.086495,45.491845,0.0],[26.086467,45.491755,0.0],[26.08647,45.49174,0.0],[26.086519,45.491704,0.0],[26.086664,45.491638,0.0],[26.086718,45.491606,0.0],[26.086798,45.491519,0.0],[26.086829,45.491464,0.0],[26.086846,45.491403,0.0],[26.086862,45.491097,0.0],[26.086919,45.490899,0.0],[26.086947,45.490854,0.0],[26.087035,45.490755,0.0],[26.087157,45.490588,0.0],[26.0873,45.490421,0.0],[26.087343,45.49036,0.0],[26.087428,45.490239,0.0],[26.087588,45.490042,0.0],[26.08765,45.489935,0.0],[26.087816,45.489708,0.0],[26.087885,45.489632,0.0],[26.088039,45.489503,0.0],[26.088215,45.489306,0.0],[26.088284,45.489253,0.0],[26.088358,45.489214,0.0],[26.08848,45.489161,0.0],[26.088622,45.489128,0.0],[26.08872,45.489114,0.0],[26.088764,45.489097,0.0],[26.088816,45.489065,0.0],[26.088843,45.489038,0.0],[26.088923,45.488942,0.0],[26.08896,45.488858,0.0],[26.088994,45.488713,0.0],[26.089025,45.488477,0.0],[26.08906,45.488309,0.0],[26.089086,45.488233,0.0],[26.089101,45.488118,0.0],[26.089146,45.488012,0.0],[26.089158,45.487905,0.0],[26.08917,45.487882,0.0],[26.089196,45.487737,0.0],[26.089304,45.487409,0.0],[26.089415,45.487242,0.0],[26.089432,45.487204,0.0],[26.089498,45.487113,0.0],[26.089512,45.487105,0.0],[26.089531,45.487075,0.0],[26.089617,45.486984,0.0],[26.089667,45.486916,0.0],[26.089842,45.486728,0.0],[26.08986,45.486704,0.0],[26.089989,45.486582,0.0],[26.090126,45.486486,0.0],[26.090245,45.486363,0.0],[26.090368,45.486265,0.0],[26.090424,45.486204,0.0],[26.090427,45.486181,0.0],[26.090449,45.486151,0.0],[26.090471,45.486098,0.0],[26.090505,45.485853,0.0],[26.090534,45.485731,0.0],[26.090562,45.485663,0.0],[26.090589,45.485633,0.0],[26.090644,45.48561,0.0],[26.090726,45.485601,0.0],[26.090802,45.485585,0.0],[26.090965,45.485571,0.0],[26.091063,45.485553,0.0],[26.091236,45.485543,0.0],[26.09139,45.485511,0.0],[26.091447,45.4855,0.0],[26.091487,45.485492,0.0],[26.091542,45.485463,0.0],[26.091607,45.48543,0.0],[26.091692,45.485352,0.0],[26.09179,45.485169,0.0],[26.091853,45.484979,0.0],[26.091934,45.484812,0.0],[26.091939,45.484789,0.0],[26.091935,45.484728,0.0],[26.091963,45.484651,0.0],[26.091995,45.484491,0.0],[26.091997,45.484369,0.0],[26.092006,45.484339,0.0],[26.092017,45.484331,0.0],[26.092031,45.484255,0.0],[26.092071,45.484171,0.0],[26.092151,45.484042,0.0],[26.092231,45.483961,0.0],[26.092324,45.483923,0.0],[26.092389,45.483919,0.0],[26.092497,45.4839,0.0],[26.092778,45.483834,0.0],[26.093047,45.483741,0.0],[26.093283,45.483634,0.0],[26.093583,45.483457,0.0],[26.093625,45.483428,0.0],[26.093729,45.483331,0.0],[26.093949,45.483151,0.0],[26.094007,45.483089,0.0],[26.094141,45.482912,0.0],[26.094173,45.482889,0.0],[26.094258,45.482804,0.0],[26.094486,45.48261,0.0],[26.094502,45.482587,0.0],[26.094576,45.482518,0.0],[26.09467,45.482461,0.0],[26.094788,45.482414,0.0],[26.094821,45.48241,0.0],[26.094864,45.482395,0.0],[26.095078,45.482367,0.0],[26.095485,45.482307,0.0],[26.095568,45.482276,0.0],[26.095607,45.482234,0.0],[26.095607,45.482231,0.0],[26.095649,45.481929,0.0],[26.095663,45.481898,0.0],[26.095684,45.481848,0.0],[26.09575,45.481794,0.0],[26.095861,45.481771,0.0],[26.096003,45.48178,0.0],[26.09626,45.481852,0.0],[26.09656,45.481902,0.0],[26.09667,45.481902,0.0],[26.096694,45.481893,0.0],[26.096777,45.481862,0.0],[26.09679,45.481857,0.0],[26.096843,45.481825,0.0],[26.096874,45.481776,0.0],[26.096877,45.481706,0.0],[26.096882,45.481586,0.0],[26.096883,45.481544,0.0],[26.096889,45.481394,0.0],[26.096891,45.48135,0.0],[26.096888,45.481334,0.0],[26.096864,45.481217,0.0],[26.096868,45.481207,0.0],[26.096898,45.481125,0.0],[26.096956,45.481057,0.0],[26.097051,45.481006,0.0],[26.097211,45.480972,0.0],[26.097488,45.480974,0.0],[26.097588,45.480957,0.0],[26.097953,45.480847,0.0],[26.098317,45.48083,0.0],[26.098457,45.480772,0.0],[26.098622,45.480726,0.0],[26.098847,45.480545,0.0],[26.098914,45.48051,0.0],[26.098997,45.480501,0.0],[26.099257,45.480514,0.0],[26.099346,45.480495,0.0],[26.099436,45.480441,0.0],[26.099609,45.480373,0.0],[26.099733,45.48034,0.0],[26.099851,45.480338,0.0],[26.100018,45.480355,0.0],[26.100161,45.480347,0.0],[26.100363,45.480313,0.0],[26.100986,45.480297,0.0],[26.101195,45.48027,0.0],[26.101301,45.480206,0.0],[26.10135,45.480093,0.0],[26.101363,45.479979,0.0],[26.101362,45.479941,0.0],[26.101354,45.479933,0.0],[26.101348,45.479887,0.0],[26.101324,45.479828,0.0],[26.101313,45.47972,0.0],[26.101322,45.479636,0.0],[26.101338,45.479624,0.0],[26.101364,45.479582,0.0],[26.101484,45.479473,0.0],[26.101583,45.479419,0.0],[26.101922,45.479302,0.0],[26.102029,45.479274,0.0],[26.102148,45.479235,0.0],[26.102201,45.4792,0.0],[26.102246,45.479158,0.0],[26.10228,45.479109,0.0],[26.102321,45.479002,0.0],[26.102353,45.478971,0.0],[26.102422,45.478928,0.0],[26.102478,45.478905,0.0],[26.102572,45.478878,0.0],[26.102578,45.478873,0.0],[26.102665,45.478864,0.0],[26.102784,45.478825,0.0],[26.102872,45.478797,0.0],[26.102965,45.478735,0.0],[26.103152,45.478592,0.0],[26.103254,45.478476,0.0],[26.103323,45.478362,0.0],[26.103451,45.478188,0.0],[26.103478,45.478165,0.0],[26.104265,45.477798,0.0],[26.104484,45.477692,0.0],[26.104771,45.477496,0.0],[26.104933,45.47744,0.0],[26.105182,45.477353,0.0],[26.105497,45.477346,0.0],[26.105868,45.477337,0.0],[26.106199,45.477345,0.0],[26.106458,45.477342,0.0],[26.106682,45.477283,0.0],[26.106864,45.477208,0.0],[26.106994,45.47709,0.0],[26.107136,45.476878,0.0],[26.107156,45.476817,0.0],[26.107195,45.476764,0.0],[26.107271,45.476728,0.0],[26.107369,45.47671,0.0],[26.107499,45.476701,0.0],[26.1075,45.476701,0.0],[26.107738,45.476679,0.0],[26.10802,45.476684,0.0],[26.108118,45.476677,0.0],[26.108226,45.476678,0.0],[26.108302,45.47669,0.0],[26.10841,45.476725,0.0],[26.108515,45.476782,0.0],[26.108598,45.476842,0.0],[26.108657,45.4769,0.0],[26.108705,45.476927,0.0],[26.108794,45.476996,0.0],[26.108963,45.477109,0.0],[26.109098,45.477161,0.0],[26.109208,45.477185,0.0],[26.109298,45.477184,0.0],[26.109352,45.477177,0.0],[26.109428,45.477162,0.0],[26.109668,45.4771,0.0],[26.109777,45.477084,0.0],[26.109831,45.477084,0.0],[26.110142,45.477117,0.0],[26.110275,45.477119,0.0],[26.110351,45.477108,0.0],[26.110493,45.477071,0.0],[26.110548,45.477051,0.0],[26.110685,45.476954,0.0],[26.110789,45.476892,0.0],[26.110854,45.476866,0.0],[26.110887,45.476863,0.0],[26.111027,45.4769,0.0],[26.111348,45.477043,0.0],[26.111437,45.47707,0.0],[26.111458,45.47707,0.0],[26.111611,45.47702,0.0],[26.111709,45.476971,0.0],[26.111994,45.4768,0.0],[26.112311,45.476656,0.0],[26.112573,45.476548,0.0],[26.11265,45.476508,0.0],[26.112737,45.476452,0.0],[26.112839,45.476354,0.0],[26.112941,45.476248,0.0],[26.112971,45.476231,0.0],[26.113034,45.476212,0.0],[26.113143,45.476202,0.0],[26.113284,45.476205,0.0],[26.113468,45.476228,0.0],[26.113478,45.476234,0.0],[26.113478,45.476245,0.0],[26.113484,45.476239,0.0],[26.113772,45.47636,0.0],[26.113977,45.476416,0.0],[26.114099,45.476428,0.0],[26.114175,45.476421,0.0],[26.114294,45.476428,0.0],[26.11463,45.476456,0.0],[26.114739,45.476476,0.0],[26.114825,45.4765,0.0],[26.114962,45.47657,0.0],[26.115093,45.476676,0.0],[26.115195,45.476745,0.0],[26.115338,45.476831,0.0],[26.115427,45.47686,0.0],[26.115486,45.476861,0.0],[26.115595,45.476843,0.0],[26.115693,45.476809,0.0],[26.115803,45.476757,0.0],[26.116032,45.476663,0.0],[26.116075,45.476652,0.0],[26.116162,45.476653,0.0],[26.116238,45.476671,0.0],[26.116267,45.476685,0.0],[26.116463,45.476812,0.0],[26.117011,45.476871,0.0],[26.117251,45.476828,0.0],[26.117401,45.476703,0.0],[26.117654,45.476385,0.0],[26.117955,45.476159,0.0],[26.118256,45.476045,0.0],[26.119051,45.475875,0.0],[26.119458,45.47584,0.0],[26.119609,45.475877,0.0],[26.120141,45.476011,0.0],[26.121969,45.475882,0.0],[26.122405,45.475811,0.0],[26.122843,45.475658,0.0],[26.12312,45.47544,0.0],[26.123266,45.475084,0.0],[26.123291,45.47487,0.0],[26.123332,45.474781,0.0],[26.123344,45.474498,0.0],[26.123346,45.474437,0.0],[26.123357,45.474415,0.0],[26.123355,45.474346,0.0],[26.123369,45.474308,0.0],[26.123373,45.474262,0.0],[26.123403,45.474209,0.0],[26.123417,45.474194,0.0],[26.12347,45.47415,0.0],[26.123505,45.474136,0.0],[26.123568,45.474135,0.0],[26.1236,45.474141,0.0],[26.123665,45.474175,0.0],[26.123752,45.474199,0.0],[26.12386,45.474207,0.0],[26.123991,45.474207,0.0],[26.12411,45.474196,0.0],[26.124306,45.474155,0.0],[26.124469,45.474094,0.0],[26.124567,45.474034,0.0],[26.124614,45.47399,0.0],[26.124655,45.473931,0.0],[26.12472,45.473862,0.0],[26.124857,45.473756,0.0],[26.124903,45.47371,0.0],[26.124925,45.47368,0.0],[26.124939,45.473642,0.0],[26.124967,45.473489,0.0],[26.124992,45.473451,0.0],[26.125033,45.473413,0.0],[26.125084,45.473392,0.0],[26.125163,45.473391,0.0],[26.125282,45.473406,0.0],[26.125358,45.473399,0.0],[26.125445,45.47338,0.0],[26.125685,45.473297,0.0],[26.125951,45.473229,0.0],[26.126217,45.473162,0.0],[26.126392,45.473088,0.0],[26.126697,45.472885,0.0],[26.126915,45.472702,0.0],[26.127081,45.472588,0.0],[26.127128,45.472543,0.0],[26.127215,45.472474,0.0],[26.127322,45.47236,0.0],[26.127646,45.472063,0.0],[26.127862,45.471913,0.0],[26.127982,45.471797,0.0],[26.128178,45.471686,0.0],[26.128313,45.471631,0.0],[26.128431,45.471583,0.0],[26.128692,45.471502,0.0],[26.128845,45.471421,0.0],[26.129171,45.471294,0.0],[26.129389,45.471201,0.0],[26.129596,45.471093,0.0],[26.129791,45.471027,0.0],[26.129933,45.47099,0.0],[26.130118,45.47092,0.0],[26.130205,45.470882,0.0],[26.13021,45.47087,0.0],[26.130238,45.470865,0.0],[26.13027,45.470848,0.0],[26.130434,45.470745,0.0],[26.130494,45.470696,0.0],[26.130606,45.470582,0.0],[26.130658,45.470546,0.0],[26.130699,45.470506,0.0],[26.130731,45.47046,0.0],[26.130734,45.470429,0.0],[26.130751,45.470391,0.0],[26.130781,45.470361,0.0],[26.130876,45.470293,0.0],[26.130909,45.470247,0.0],[26.130928,45.470201,0.0],[26.130913,45.470094,0.0],[26.130949,45.46998,0.0],[26.131015,45.469865,0.0],[26.131113,45.469728,0.0],[26.131318,45.469561,0.0],[26.131647,45.469404,0.0],[26.131789,45.469368,0.0],[26.131876,45.469326,0.0],[26.132276,45.469051,0.0],[26.132361,45.468988,0.0],[26.132437,45.468916,0.0],[26.132563,45.468756,0.0],[26.132681,45.468568,0.0],[26.132695,45.468535,0.0],[26.132719,45.468505,0.0],[26.132812,45.468421,0.0],[26.132951,45.468335,0.0],[26.133167,45.468155,0.0],[26.133298,45.468056,0.0],[26.133611,45.467891,0.0],[26.133796,45.467815,0.0],[26.133861,45.467781,0.0],[26.134085,45.46762,0.0],[26.134254,45.467512,0.0],[26.134562,45.467255,0.0],[26.134845,45.46706,0.0],[26.135003,45.466959,0.0],[26.135148,45.466881,0.0],[26.135224,45.466851,0.0],[26.135387,45.466804,0.0],[26.135594,45.466726,0.0],[26.135724,45.466692,0.0],[26.135854,45.46667,0.0],[26.135952,45.466615,0.0],[26.136124,45.466478,0.0],[26.136399,45.46633,0.0],[26.13678,45.466188,0.0],[26.136921,45.466151,0.0],[26.136987,45.466122,0.0],[26.137084,45.466096,0.0],[26.137182,45.46606,0.0],[26.137242,45.466011,0.0],[26.137275,45.465971,0.0],[26.137357,45.465841,0.0],[26.137396,45.465757,0.0],[26.137464,45.465674,0.0],[26.137522,45.465628,0.0],[26.137581,45.465596,0.0],[26.137657,45.465581,0.0],[26.137745,45.465582,0.0],[26.137929,45.465572,0.0],[26.138157,45.465533,0.0],[26.138222,45.465533,0.0],[26.138406,45.465561,0.0],[26.138472,45.465561,0.0],[26.138645,45.465577,0.0],[26.138754,45.465579,0.0],[26.138852,45.465557,0.0],[26.138884,45.46554,0.0],[26.138933,45.4655,0.0],[26.13898,45.465427,0.0],[26.139007,45.465343,0.0],[26.139008,45.465229,0.0],[26.138998,45.465191,0.0],[26.139004,45.465084,0.0],[26.139062,45.464962,0.0],[26.1391,45.464916,0.0],[26.139149,45.46488,0.0],[26.139258,45.464833,0.0],[26.139432,45.464791,0.0],[26.139529,45.464757,0.0],[26.139671,45.464683,0.0],[26.13972,45.464647,0.0],[26.139824,45.464594,0.0],[26.139932,45.464528,0.0],[26.140052,45.464501,0.0],[26.140095,45.464505,0.0],[26.140117,45.464502,0.0],[26.140136,45.464488,0.0],[26.140197,45.464385,0.0],[26.140259,45.464349,0.0],[26.140276,45.464321,0.0],[26.140281,45.464275,0.0],[26.140236,45.464168,0.0],[26.14015,45.464045,0.0],[26.140121,45.463915,0.0],[26.140133,45.463732,0.0],[26.14016,45.463679,0.0],[26.140185,45.463602,0.0],[26.140234,45.463572,0.0],[26.140297,45.463568,0.0],[26.140535,45.463615,0.0],[26.140698,45.463633,0.0],[26.140752,45.463633,0.0],[26.140872,45.46362,0.0],[26.140959,45.463584,0.0],[26.141054,45.463497,0.0],[26.141133,45.463388,0.0],[26.141232,45.46319,0.0],[26.141342,45.463068,0.0],[26.141421,45.462962,0.0],[26.14158,45.462703,0.0],[26.141608,45.46258,0.0],[26.141608,45.462519,0.0],[26.141598,45.462489,0.0],[26.141536,45.462397,0.0],[26.141504,45.46232,0.0],[26.141399,45.462202,0.0],[26.141345,45.462115,0.0],[26.141345,45.46206,0.0],[26.141359,45.462007,0.0],[26.141409,45.46193,0.0],[26.141578,45.461778,0.0],[26.141747,45.461649,0.0],[26.141848,45.46155,0.0],[26.141943,45.461507,0.0],[26.142041,45.461484,0.0],[26.142161,45.461406,0.0],[26.142248,45.461389,0.0],[26.142291,45.46137,0.0],[26.142389,45.461348,0.0],[26.142443,45.461329,0.0],[26.142517,45.46129,0.0],[26.142585,45.461255,0.0],[26.142705,45.461208,0.0],[26.142944,45.461167,0.0],[26.143042,45.461133,0.0],[26.143085,45.461108,0.0],[26.143178,45.46102,0.0],[26.143465,45.460693,0.0],[26.143642,45.460541,0.0],[26.143806,45.460429,0.0],[26.143953,45.460345,0.0],[26.144203,45.460243,0.0],[26.144442,45.460206,0.0],[26.144496,45.460185,0.0],[26.144554,45.460138,0.0],[26.14462,45.460006,0.0],[26.14466,45.45996,0.0],[26.144715,45.459924,0.0],[26.144829,45.459866,0.0],[26.144966,45.459763,0.0],[26.144985,45.459744,0.0],[26.14501,45.459687,0.0],[26.145021,45.459649,0.0],[26.145015,45.45961,0.0],[26.144973,45.459519,0.0],[26.144948,45.45949,0.0],[26.144919,45.459469,0.0],[26.144897,45.459434,0.0],[26.144887,45.459381,0.0],[26.14489,45.459331,0.0],[26.144857,45.459295,0.0],[26.144841,45.459251,0.0],[26.144855,45.459167,0.0],[26.14491,45.459083,0.0],[26.144967,45.459055,0.0],[26.145165,45.459084,0.0],[26.145252,45.459075,0.0],[26.145306,45.459054,0.0],[26.145377,45.459001,0.0],[26.145429,45.458936,0.0],[26.145465,45.458906,0.0],[26.145582,45.458835,0.0],[26.145705,45.45874,0.0],[26.145797,45.458704,0.0],[26.14583,45.458683,0.0],[26.146002,45.45852,0.0],[26.146303,45.458403,0.0],[26.146532,45.458351,0.0],[26.146662,45.458322,0.0],[26.146706,45.458301,0.0],[26.146744,45.458273,0.0],[26.146807,45.458206,0.0],[26.146845,45.458116,0.0],[26.146892,45.458063,0.0],[26.146909,45.458024,0.0],[26.147007,45.457973,0.0],[26.147099,45.457956,0.0],[26.14724,45.457949,0.0],[26.147533,45.457856,0.0],[26.147588,45.457826,0.0],[26.147661,45.45777,0.0],[26.147838,45.457675,0.0],[26.147963,45.457565,0.0],[26.14805,45.457506,0.0],[26.148085,45.457493,0.0],[26.148099,45.45748,0.0],[26.148208,45.457421,0.0],[26.148295,45.45736,0.0],[26.148382,45.457316,0.0],[26.148523,45.457267,0.0],[26.14874,45.457241,0.0],[26.148859,45.457213,0.0],[26.148935,45.457188,0.0],[26.148987,45.457162,0.0],[26.14899,45.457146,0.0],[26.148968,45.45712,0.0],[26.148838,45.45705,0.0],[26.148795,45.457035,0.0],[26.14873,45.456978,0.0],[26.148622,45.456903,0.0],[26.148536,45.456821,0.0],[26.148495,45.456771,0.0],[26.148333,45.456618,0.0],[26.148182,45.456499,0.0],[26.148098,45.456476,0.0],[26.148036,45.456487,0.0],[26.147954,45.456513,0.0],[26.14787,45.456519,0.0],[26.147842,45.456505,0.0],[26.147794,45.456482,0.0],[26.147785,45.456478,0.0],[26.14777,45.456465,0.0],[26.147745,45.456463,0.0],[26.147705,45.456415,0.0],[26.147673,45.456345,0.0],[26.147633,45.456167,0.0],[26.147639,45.456075,0.0],[26.147709,45.456007,0.0],[26.14775,45.455946,0.0],[26.147769,45.455885,0.0],[26.147867,45.455771,0.0],[26.147944,45.455721,0.0],[26.148047,45.45568,0.0],[26.148112,45.455642,0.0],[26.148286,45.45551,0.0],[26.148428,45.45544,0.0],[26.148574,45.455332,0.0],[26.148699,45.455269,0.0],[26.148743,45.455239,0.0],[26.148787,45.455195,0.0],[26.149127,45.4549,0.0],[26.149154,45.454862,0.0],[26.149162,45.454793,0.0],[26.149125,45.45464,0.0],[26.149088,45.454518,0.0],[26.149012,45.454358,0.0],[26.148996,45.454274,0.0],[26.149008,45.454174,0.0],[26.14903,45.454136,0.0],[26.149117,45.454068,0.0],[26.149277,45.453908,0.0],[26.149422,45.453718,0.0],[26.149452,45.453657,0.0],[26.149504,45.45358,0.0],[26.149542,45.453489,0.0],[26.149572,45.453351,0.0],[26.149589,45.453313,0.0],[26.149608,45.453207,0.0],[26.149636,45.453138,0.0],[26.149653,45.453016,0.0],[26.149669,45.452962,0.0],[26.149732,45.452871,0.0],[26.149816,45.45278,0.0],[26.149868,45.452696,0.0],[26.149877,45.452619,0.0],[26.149871,45.452596,0.0],[26.149807,45.452497,0.0],[26.149699,45.45238,0.0],[26.149642,45.452298,0.0],[26.149618,45.452245,0.0],[26.149618,45.452214,0.0],[26.149664,45.452107,0.0],[26.14967,45.452039,0.0],[26.149717,45.451939,0.0],[26.149766,45.451871,0.0],[26.149815,45.451779,0.0],[26.149826,45.451741,0.0],[26.149826,45.451657,0.0],[26.149846,45.451596,0.0],[26.149908,45.451512,0.0],[26.149963,45.451467,0.0],[26.150071,45.451394,0.0],[26.150104,45.45137,0.0],[26.150189,45.451269,0.0],[26.15021,45.451223,0.0],[26.150211,45.451185,0.0],[26.150192,45.451147,0.0],[26.150168,45.451124,0.0],[26.150089,45.451072,0.0],[26.150051,45.451059,0.0],[26.149992,45.451022,0.0],[26.149957,45.45099,0.0],[26.14994,45.450957,0.0],[26.149936,45.450665,0.0],[26.149947,45.450604,0.0],[26.149969,45.450528,0.0],[26.150027,45.450421,0.0],[26.150119,45.450322,0.0],[26.150291,45.450193,0.0],[26.150332,45.450132,0.0],[26.150332,45.450094,0.0],[26.150316,45.450055,0.0],[26.150289,45.450025,0.0],[26.150164,45.449921,0.0],[26.150143,45.449864,0.0],[26.150119,45.449826,0.0],[26.150016,45.449736,0.0],[26.14993,45.449676,0.0],[26.149835,45.449588,0.0],[26.149765,45.449512,0.0],[26.14973,45.449462,0.0],[26.149681,45.449361,0.0],[26.149671,45.449282,0.0],[26.149617,45.449129,0.0],[26.149582,45.449045,0.0],[26.149521,45.448938,0.0],[26.149448,45.448885,0.0],[26.149301,45.448821,0.0],[26.14922,45.448754,0.0],[26.149047,45.448654,0.0],[26.148988,45.448603,0.0],[26.148931,45.448528,0.0],[26.148888,45.448413,0.0],[26.148889,45.448314,0.0],[26.14896,45.448192,0.0],[26.149006,45.448139,0.0],[26.149066,45.448086,0.0],[26.149085,45.448048,0.0],[26.149075,45.447803,0.0],[26.149062,45.447712,0.0],[26.149046,45.447658,0.0],[26.149041,45.447627,0.0],[26.148987,45.44749,0.0],[26.148912,45.447375,0.0],[26.148877,45.447335,0.0],[26.148847,45.447318,0.0],[26.148798,45.447264,0.0],[26.148755,45.447232,0.0],[26.148506,45.447101,0.0],[26.148395,45.447009,0.0],[26.148341,45.446938,0.0],[26.148323,45.446889,0.0],[26.148318,45.446784,0.0],[26.148315,45.446598,0.0],[26.148315,45.446598,0.0],[26.148313,45.446514,0.0],[26.14832,45.446324,0.0],[26.148339,45.44624,0.0],[26.148372,45.446148,0.0],[26.14844,45.445996,0.0],[26.148471,45.445858,0.0],[26.148471,45.445858,0.0],[26.148515,45.445713,0.0],[26.148548,45.445507,0.0],[26.148578,45.445408,0.0],[26.148573,45.445395,0.0],[26.148655,45.445233,0.0],[26.148729,45.445149,0.0],[26.148846,45.445042,0.0],[26.148914,45.444951,0.0],[26.148952,45.44486,0.0],[26.14898,45.444707,0.0],[26.148996,45.444661,0.0],[26.149021,45.444623,0.0],[26.149073,45.444577,0.0],[26.149108,45.444558,0.0],[26.1492,45.444534,0.0],[26.14926,45.44449,0.0],[26.149293,45.444448,0.0],[26.149348,45.444288,0.0],[26.149375,45.44425,0.0],[26.149437,45.444197,0.0],[26.149494,45.444172,0.0],[26.149614,45.444144,0.0],[26.149755,45.444095,0.0],[26.14985,45.44405,0.0],[26.149896,45.444034,0.0],[26.149962,45.444,0.0],[26.150081,45.44392,0.0],[26.150223,45.443848,0.0],[26.150309,45.443793,0.0],[26.150375,45.443747,0.0],[26.150437,45.443688,0.0],[26.150489,45.44362,0.0],[26.150533,45.443528,0.0],[26.15055,45.443429,0.0],[26.150548,45.443246,0.0],[26.150559,45.443162,0.0],[26.150551,45.443055,0.0],[26.150487,45.442879,0.0],[26.15042,45.442764,0.0],[26.150339,45.442672,0.0],[26.150244,45.442598,0.0],[26.150182,45.442534,0.0],[26.15012,45.44249,0.0],[26.149968,45.442406,0.0],[26.149633,45.442264,0.0],[26.149579,45.442229,0.0],[26.149544,45.442187,0.0],[26.149436,45.441899,0.0],[26.149418,45.441784,0.0],[26.149383,45.4417,0.0],[26.149375,45.441601,0.0],[26.149381,45.441555,0.0],[26.149419,45.441479,0.0],[26.149466,45.441418,0.0],[26.149517,45.441372,0.0],[26.149588,45.441273,0.0],[26.149618,45.441212,0.0],[26.149621,45.441158,0.0],[26.14957,45.441086,0.0],[26.149527,45.441042,0.0],[26.149413,45.440942,0.0],[26.149286,45.440846,0.0],[26.149149,45.440684,0.0],[26.149103,45.440569,0.0],[26.149103,45.440516,0.0],[26.149129,45.440402,0.0],[26.149139,45.44034,0.0],[26.149167,45.440279,0.0],[26.149213,45.440211,0.0],[26.14924,45.440134,0.0],[26.149241,45.439989,0.0],[26.149266,45.439859,0.0],[26.149267,45.439714,0.0],[26.149248,45.439638,0.0],[26.149192,45.4395,0.0],[26.149157,45.439309,0.0],[26.14919,45.439195,0.0],[26.149196,45.439134,0.0],[26.149175,45.438974,0.0],[26.149137,45.438851,0.0],[26.149094,45.438767,0.0],[26.149057,45.438607,0.0],[26.149009,45.438515,0.0],[26.148966,45.438393,0.0],[26.148934,45.438339,0.0],[26.148917,45.438293,0.0],[26.148899,45.438148,0.0],[26.148852,45.437973,0.0],[26.148803,45.437812,0.0],[26.148776,45.437682,0.0],[26.14875,45.437623,0.0],[26.148734,45.437529,0.0],[26.148723,45.437415,0.0],[26.148772,45.437225,0.0],[26.148773,45.437185,0.0],[26.148672,45.437054,0.0],[26.148531,45.436778,0.0],[26.148531,45.436778,0.0],[26.148497,45.436702,0.0],[26.148462,45.436571,0.0],[26.148435,45.436518,0.0],[26.148388,45.436451,0.0],[26.148303,45.43636,0.0],[26.1482,45.43622,0.0],[26.148176,45.436172,0.0],[26.148106,45.435996,0.0],[26.148097,45.435896,0.0],[26.148089,45.435881,0.0],[26.148084,45.435759,0.0],[26.148066,45.4357,0.0],[26.148057,45.435606,0.0],[26.148058,45.435522,0.0],[26.148072,45.435492,0.0],[26.148082,45.435423,0.0],[26.148099,45.43537,0.0],[26.148118,45.435233,0.0],[26.148105,45.434935,0.0],[26.148105,45.434744,0.0],[26.148116,45.434638,0.0],[26.148149,45.43447,0.0],[26.148149,45.43447,0.0],[26.148278,45.433968,0.0],[26.148308,45.433785,0.0],[26.148331,45.433724,0.0],[26.14841,45.433397,0.0],[26.14841,45.433396,0.0],[26.148431,45.43332,0.0],[26.148447,45.433206,0.0],[26.148522,45.432963,0.0],[26.148519,45.43294,0.0],[26.148589,45.432704,0.0],[26.148613,45.432574,0.0],[26.14868,45.432308,0.0],[26.148735,45.432156,0.0],[26.148799,45.431935,0.0],[26.14885,45.431821,0.0],[26.148935,45.431585,0.0],[26.148988,45.431365,0.0],[26.149111,45.43103,0.0],[26.149266,45.430757,0.0],[26.149371,45.430506,0.0],[26.149452,45.430362,0.0],[26.14945,45.430324,0.0],[26.149479,45.43024,0.0],[26.149511,45.429981,0.0],[26.149495,45.429675,0.0],[26.1495,45.429607,0.0],[26.149499,45.429439,0.0],[26.149481,45.429393,0.0],[26.149436,45.429333,0.0],[26.1494,45.429255,0.0],[26.149382,45.429171,0.0],[26.149381,45.429102,0.0],[26.149351,45.428987,0.0],[26.14934,45.428972,0.0],[26.149305,45.428834,0.0],[26.149291,45.428819,0.0],[26.149266,45.428752,0.0],[26.149233,45.428627,0.0],[26.149188,45.428535,0.0],[26.149165,45.428459,0.0],[26.149175,45.42839,0.0],[26.149203,45.428307,0.0],[26.149231,45.428261,0.0],[26.149241,45.428208,0.0],[26.149241,45.428177,0.0],[26.149216,45.428086,0.0],[26.149156,45.427963,0.0],[26.149106,45.427886,0.0],[26.149029,45.427786,0.0],[26.148867,45.427611,0.0],[26.148811,45.427532,0.0],[26.148735,45.427387,0.0],[26.148595,45.42708,0.0],[26.14858,45.427026,0.0],[26.148577,45.426881,0.0],[26.148595,45.42679,0.0],[26.148609,45.426615,0.0],[26.148636,45.426478,0.0],[26.14863,45.426371,0.0],[26.14861,45.426279,0.0],[26.148553,45.426118,0.0],[26.148397,45.425798,0.0],[26.148397,45.425798,0.0],[26.14822,45.425413,0.0],[26.148168,45.425267,0.0],[26.148043,45.425014,0.0],[26.147996,45.4249,0.0],[26.147864,45.4247,0.0],[26.147719,45.424515,0.0],[26.147533,45.424323,0.0],[26.147314,45.424136,0.0],[26.147071,45.423895,0.0],[26.147037,45.423853,0.0],[26.146901,45.423729,0.0],[26.14684,45.423654,0.0],[26.146796,45.423545,0.0],[26.146744,45.423453,0.0],[26.14671,45.423346,0.0],[26.146699,45.423239,0.0],[26.1467,45.423155,0.0],[26.146715,45.423109,0.0],[26.14671,45.423079,0.0],[26.146727,45.423026,0.0],[26.146744,45.422865,0.0],[26.146762,45.422789,0.0],[26.146769,45.422705,0.0],[26.146765,45.422591,0.0],[26.146807,45.422416,0.0],[26.146847,45.422309,0.0],[26.146836,45.422279,0.0],[26.14685,45.422149,0.0],[26.146906,45.421982,0.0],[26.14691,45.421951,0.0],[26.146927,45.421929,0.0],[26.146967,45.42183,0.0],[26.147037,45.421716,0.0],[26.147054,45.42167,0.0],[26.147099,45.421594,0.0],[26.147126,45.421564,0.0],[26.147168,45.42154,0.0],[26.147225,45.421516,0.0],[26.147285,45.421501,0.0],[26.147312,45.421482,0.0],[26.147348,45.421442,0.0],[26.147358,45.421357,0.0],[26.147332,45.421303,0.0],[26.147298,45.421259,0.0],[26.147252,45.421222,0.0],[26.147193,45.421193,0.0],[26.14702,45.421143,0.0],[26.14687,45.421087,0.0],[26.146697,45.421039,0.0],[26.146579,45.420994,0.0],[26.146482,45.420971,0.0],[26.146374,45.420935,0.0],[26.146299,45.420883,0.0],[26.146139,45.420729,0.0],[26.145994,45.42064,0.0],[26.145833,45.420581,0.0],[26.14579,45.42056,0.0],[26.145424,45.42043,0.0],[26.145219,45.42034,0.0],[26.145158,45.4203,0.0],[26.145073,45.420205,0.0],[26.144966,45.420111,0.0],[26.144883,45.420057,0.0],[26.144808,45.42002,0.0],[26.144765,45.420002,0.0],[26.1447,45.419988,0.0],[26.14457,45.419977,0.0],[26.144462,45.419938,0.0],[26.14416,45.419846,0.0],[26.144085,45.419809,0.0],[26.143965,45.419718,0.0],[26.143901,45.419653,0.0],[26.143843,45.419574,0.0],[26.143833,45.419522,0.0],[26.143844,45.419354,0.0],[26.143864,45.419294,0.0],[26.143882,45.419126,0.0],[26.143893,45.418943,0.0],[26.143864,45.418721,0.0],[26.143859,45.418561,0.0],[26.143837,45.418461,0.0],[26.143785,45.418324,0.0],[26.143748,45.418255,0.0],[26.143751,45.418117,0.0],[26.143785,45.417927,0.0],[26.143789,45.417812,0.0],[26.143822,45.417668,0.0],[26.14383,45.41766,0.0],[26.143829,45.417592,0.0],[26.143805,45.417555,0.0],[26.143719,45.417499,0.0],[26.143582,45.417459,0.0],[26.143441,45.417447,0.0],[26.143398,45.417437,0.0],[26.143328,45.417392,0.0],[26.143294,45.417348,0.0],[26.143276,45.417283,0.0],[26.143279,45.417159,0.0],[26.143313,45.417052,0.0],[26.143375,45.416923,0.0],[26.143374,45.416855,0.0],[26.143317,45.416701,0.0],[26.143243,45.416617,0.0],[26.143246,45.416594,0.0],[26.143293,45.416541,0.0],[26.143291,45.416526,0.0],[26.143256,45.416495,0.0],[26.143167,45.416452,0.0],[26.143135,45.416425,0.0],[26.143094,45.416398,0.0],[26.143092,45.416379,0.0],[26.143065,45.416356,0.0],[26.143039,45.416304,0.0],[26.142981,45.416231,0.0],[26.142943,45.416207,0.0],[26.142892,45.416195,0.0],[26.142784,45.416152,0.0],[26.142744,45.416108,0.0],[26.142734,45.416064,0.0],[26.142741,45.416003,0.0],[26.142813,45.415843,0.0],[26.142826,45.415721,0.0],[26.142843,45.415683,0.0],[26.142895,45.41563,0.0],[26.142915,45.4156,0.0],[26.142949,45.415493,0.0],[26.142944,45.415447,0.0],[26.142918,45.415403,0.0],[26.142881,45.415366,0.0],[26.142709,45.415258,0.0],[26.142669,45.415244,0.0],[26.142567,45.415169,0.0],[26.142543,45.415136,0.0],[26.142525,45.415084,0.0],[26.142524,45.414993,0.0],[26.142548,45.414817,0.0],[26.142604,45.414688,0.0],[26.142721,45.414498,0.0],[26.142785,45.414414,0.0],[26.142863,45.414293,0.0],[26.142914,45.414156,0.0],[26.142933,45.414125,0.0],[26.142941,45.413988,0.0],[26.142952,45.413934,0.0],[26.142966,45.413896,0.0],[26.143033,45.413813,0.0],[26.143093,45.413615,0.0],[26.143144,45.413287,0.0],[26.143164,45.413218,0.0],[26.143197,45.413173,0.0],[26.143321,45.413067,0.0],[26.143349,45.413029,0.0],[26.143368,45.412975,0.0],[26.143377,45.412922,0.0],[26.143373,45.412861,0.0],[26.143312,45.412662,0.0],[26.14328,45.412554,0.0],[26.143233,45.412447,0.0],[26.143229,45.412401,0.0],[26.143246,45.41234,0.0],[26.143307,45.412226,0.0],[26.143336,45.412112,0.0],[26.143367,45.412036,0.0],[26.143422,45.411967,0.0],[26.143497,45.411899,0.0],[26.14356,45.411854,0.0],[26.143721,45.411768,0.0],[26.143784,45.411722,0.0],[26.143817,45.411681,0.0],[26.143834,45.411627,0.0],[26.14383,45.411551,0.0],[26.143817,45.411528,0.0],[26.143721,45.411435,0.0],[26.143641,45.411373,0.0],[26.143563,45.411285,0.0],[26.143465,45.411192,0.0],[26.143398,45.411096,0.0],[26.14337,45.411012,0.0],[26.143358,45.41092,0.0],[26.143362,45.410851,0.0],[26.143397,45.410661,0.0],[26.14344,45.410546,0.0],[26.143512,45.410425,0.0],[26.143595,45.410334,0.0],[26.143814,45.410145,0.0],[26.143892,45.410069,0.0],[26.143986,45.409948,0.0],[26.144011,45.409895,0.0],[26.144017,45.409856,0.0],[26.144004,45.409818,0.0],[26.143933,45.409695,0.0],[26.143883,45.409559,0.0],[26.143881,45.409527,0.0],[26.143893,45.409481,0.0],[26.143954,45.409359,0.0],[26.144016,45.409199,0.0],[26.14408,45.40894,0.0],[26.144111,45.408864,0.0],[26.144142,45.40878,0.0],[26.1443,45.408598,0.0],[26.144352,45.408561,0.0],[26.144483,45.408485,0.0],[26.144695,45.408405,0.0],[26.145043,45.408362,0.0],[26.14514,45.408363,0.0],[26.145465,45.408385,0.0],[26.145689,45.408414,0.0],[26.146003,45.408438,0.0],[26.146168,45.408445,0.0],[26.146276,45.40844,0.0],[26.146331,45.408427,0.0],[26.146418,45.408377,0.0],[26.146473,45.408358,0.0],[26.146494,45.40836,0.0],[26.14656,45.408344,0.0],[26.146603,45.408344,0.0],[26.146701,45.40833,0.0],[26.147049,45.408235,0.0],[26.147223,45.408176,0.0],[26.147332,45.408158,0.0],[26.147473,45.408124,0.0],[26.147679,45.408105,0.0],[26.147766,45.408106,0.0],[26.147885,45.408121,0.0],[26.148047,45.408156,0.0],[26.148176,45.408196,0.0],[26.148263,45.408212,0.0],[26.148317,45.408208,0.0],[26.148455,45.408214,0.0],[26.148523,45.408191,0.0],[26.14861,45.408148,0.0],[26.148882,45.408059,0.0],[26.149025,45.407976,0.0],[26.149145,45.407922,0.0],[26.149232,45.407892,0.0],[26.14934,45.407865,0.0],[26.149754,45.407759,0.0],[26.14983,45.407752,0.0],[26.150025,45.407712,0.0],[26.150221,45.407689,0.0],[26.150362,45.407694,0.0],[26.150524,45.407678,0.0],[26.15072,45.407619,0.0],[26.150808,45.407578,0.0],[26.150917,45.407512,0.0],[26.151007,45.407438,0.0],[26.151101,45.407334,0.0],[26.151132,45.407281,0.0],[26.151155,45.407212,0.0],[26.151155,45.407166,0.0],[26.15112,45.407013,0.0],[26.151127,45.406876,0.0],[26.151107,45.406809,0.0],[26.151082,45.406638,0.0],[26.151095,45.406539,0.0],[26.151112,45.406493,0.0],[26.151232,45.406281,0.0],[26.151331,45.406136,0.0],[26.151436,45.406023,0.0],[26.151717,45.40575,0.0],[26.151887,45.405568,0.0],[26.152058,45.405425,0.0],[26.152277,45.40522,0.0],[26.152324,45.40516,0.0],[26.15245,45.404954,0.0],[26.15251,45.404871,0.0],[26.152564,45.404817,0.0],[26.152689,45.404689,0.0],[26.152796,45.404606,0.0],[26.152824,45.404568,0.0],[26.152895,45.4045,0.0],[26.153041,45.404387,0.0],[26.153158,45.404309,0.0],[26.153331,45.404214,0.0],[26.153614,45.404119,0.0],[26.153701,45.404106,0.0],[26.153852,45.404106,0.0],[26.154004,45.404088,0.0],[26.154231,45.404101,0.0],[26.154369,45.404131,0.0],[26.154469,45.404166,0.0],[26.154603,45.404231,0.0],[26.154681,45.404291,0.0],[26.154694,45.404296,0.0],[26.154723,45.404329,0.0],[26.154786,45.404384,0.0],[26.154807,45.404422,0.0],[26.154855,45.404461,0.0],[26.154898,45.404478,0.0],[26.154925,45.404476,0.0],[26.154933,45.404488,0.0],[26.155015,45.404494,0.0],[26.155145,45.404499,0.0],[26.155546,45.404477,0.0],[26.155915,45.4044,0.0],[26.156035,45.404367,0.0],[26.156198,45.404303,0.0],[26.156253,45.404275,0.0],[26.156536,45.404185,0.0],[26.156615,45.404175,0.0],[26.156634,45.404165,0.0],[26.156775,45.404136,0.0],[26.156818,45.404134,0.0],[26.157003,45.404103,0.0],[26.157025,45.404107,0.0],[26.157133,45.404089,0.0],[26.157205,45.404038,0.0],[26.157248,45.403989,0.0],[26.157287,45.403926,0.0],[26.157331,45.40388,0.0],[26.157419,45.403824,0.0],[26.157481,45.403792,0.0],[26.157604,45.403745,0.0],[26.157658,45.40373,0.0],[26.157745,45.403718,0.0],[26.157778,45.403703,0.0],[26.157843,45.403686,0.0],[26.157843,45.403686,0.0],[26.157952,45.403666,0.0],[26.158028,45.403663,0.0],[26.158136,45.40364,0.0],[26.15818,45.403625,0.0],[26.15821,45.403607,0.0],[26.158306,45.403516,0.0],[26.158358,45.40348,0.0],[26.158505,45.403401,0.0],[26.158628,45.403367,0.0],[26.158737,45.403322,0.0],[26.158987,45.403246,0.0],[26.158987,45.403246,0.0],[26.159107,45.403217,0.0],[26.159215,45.403198,0.0],[26.159378,45.403192,0.0],[26.159475,45.403212,0.0],[26.159516,45.403227,0.0],[26.159588,45.403272,0.0],[26.159733,45.403395,0.0],[26.159859,45.40348,0.0],[26.15994,45.403525,0.0],[26.160025,45.403553,0.0],[26.16012,45.403578,0.0],[26.160196,45.403582,0.0],[26.160294,45.403545,0.0],[26.160349,45.403509,0.0],[26.160445,45.403401,0.0],[26.160506,45.403302,0.0],[26.160573,45.40315,0.0],[26.160643,45.403036,0.0],[26.160733,45.402945,0.0],[26.160845,45.40289,0.0],[26.16088,45.402879,0.0],[26.160959,45.402874,0.0],[26.161089,45.40289,0.0],[26.161159,45.402915,0.0],[26.161234,45.402971,0.0],[26.161277,45.403014,0.0],[26.161339,45.403049,0.0],[26.161422,45.403078,0.0],[26.161498,45.40309,0.0],[26.161584,45.403115,0.0],[26.161636,45.403125,0.0],[26.161703,45.403122,0.0],[26.161834,45.403093,0.0],[26.161943,45.40304,0.0],[26.16203,45.402981,0.0],[26.162074,45.402938,0.0],[26.162127,45.402852,0.0],[26.162201,45.402761,0.0],[26.162264,45.402708,0.0],[26.162376,45.40265,0.0],[26.162686,45.402595,0.0],[26.162957,45.402595,0.0],[26.163033,45.402581,0.0],[26.16312,45.402551,0.0],[26.163185,45.402513,0.0],[26.163262,45.402441,0.0],[26.16337,45.402324,0.0],[26.163561,45.402201,0.0],[26.163715,45.402044,0.0],[26.163885,45.401908,0.0],[26.164013,45.401817,0.0],[26.1641,45.401772,0.0],[26.164286,45.401708,0.0],[26.164635,45.401488,0.0],[26.164829,45.40141,0.0],[26.164886,45.401392,0.0],[26.164968,45.401341,0.0],[26.165023,45.401267,0.0],[26.16507,45.401184,0.0],[26.16511,45.401024,0.0],[26.165112,45.400886,0.0],[26.165102,45.400833,0.0],[26.165103,45.400772,0.0],[26.165149,45.400551,0.0],[26.165219,45.400383,0.0],[26.165308,45.400246,0.0],[26.165424,45.400094,0.0],[26.165466,45.400011,0.0],[26.165506,45.399874,0.0],[26.165506,45.399835,0.0],[26.165535,45.399698,0.0],[26.165536,45.399622,0.0],[26.165521,45.399538,0.0],[26.165408,45.399254,0.0],[26.165347,45.399025,0.0],[26.165291,45.398734,0.0],[26.1651,45.398412,0.0],[26.165048,45.398305,0.0],[26.165019,45.398213,0.0],[26.165024,45.398099,0.0],[26.165133,45.397817,0.0],[26.165172,45.397748,0.0],[26.165265,45.397627,0.0],[26.165307,45.397566,0.0],[26.165409,45.39746,0.0],[26.165456,45.397384,0.0],[26.165499,45.397224,0.0],[26.16553,45.39714,0.0],[26.165555,45.397102,0.0],[26.165661,45.396874,0.0],[26.165708,45.396798,0.0],[26.16575,45.396684,0.0],[26.165811,45.396554,0.0],[26.165917,45.396395,0.0],[26.165939,45.396342,0.0],[26.165951,45.396265,0.0],[26.165984,45.396189,0.0],[26.166042,45.396129,0.0],[26.166129,45.396083,0.0],[26.166189,45.396069,0.0],[26.166287,45.396075,0.0],[26.166341,45.396087,0.0],[26.166427,45.396111,0.0],[26.166564,45.396165,0.0],[26.166882,45.39633,0.0],[26.167084,45.396415,0.0],[26.167181,45.396445,0.0],[26.167321,45.396509,0.0],[26.167494,45.396525,0.0],[26.167548,45.39652,0.0],[26.167657,45.39649,0.0],[26.167698,45.39647,0.0],[26.167747,45.396401,0.0],[26.167826,45.396219,0.0],[26.167883,45.395967,0.0],[26.167895,45.395748,0.0],[26.167909,45.395662,0.0],[26.167963,45.395559,0.0],[26.167974,45.395527,0.0],[26.168026,45.395514,0.0],[26.16805,45.395518,0.0],[26.168083,45.395515,0.0],[26.168113,45.395496,0.0],[26.168122,45.395471,0.0],[26.168095,45.395437,0.0],[26.16806,45.395417,0.0],[26.16788,45.395341,0.0],[26.167772,45.395325,0.0],[26.167393,45.395333,0.0],[26.167198,45.395324,0.0],[26.16709,45.39531,0.0],[26.166971,45.395299,0.0],[26.16682,45.395271,0.0],[26.166614,45.395262,0.0],[26.166409,45.395239,0.0],[26.166138,45.395233,0.0],[26.165987,45.39522,0.0],[26.165576,45.395165,0.0],[26.165371,45.395148,0.0],[26.165317,45.395138,0.0],[26.165068,45.395119,0.0],[26.165014,45.39512,0.0],[26.164787,45.395095,0.0],[26.164776,45.395089,0.0],[26.164495,45.395068,0.0],[26.164376,45.395055,0.0],[26.164322,45.395043,0.0],[26.164257,45.395041,0.0],[26.163825,45.394991,0.0],[26.163738,45.394991,0.0],[26.163403,45.394955,0.0],[26.163392,45.394961,0.0],[26.163273,45.39495,0.0],[26.162533,45.394843,0.0],[26.162404,45.394815,0.0],[26.162242,45.394793,0.0],[26.162145,45.394769,0.0],[26.161951,45.394691,0.0],[26.161833,45.394613,0.0],[26.161761,45.394533,0.0],[26.161753,45.394504,0.0],[26.161709,45.394437,0.0],[26.161691,45.394366,0.0],[26.161678,45.394343,0.0],[26.161675,45.394305,0.0],[26.161693,45.394236,0.0],[26.16169,45.394099,0.0],[26.161718,45.393977,0.0],[26.161775,45.393848,0.0],[26.161815,45.393718,0.0],[26.161843,45.393658,0.0],[26.161901,45.393566,0.0],[26.161907,45.393513,0.0],[26.161871,45.393368,0.0],[26.161851,45.393314,0.0],[26.161824,45.39326,0.0],[26.161745,45.393161,0.0],[26.161663,45.393022,0.0],[26.161605,45.3929,0.0],[26.161587,45.392839,0.0],[26.161535,45.392718,0.0],[26.16152,45.392655,0.0],[26.161504,45.392632,0.0],[26.161453,45.392425,0.0],[26.161416,45.392349,0.0],[26.161388,45.392249,0.0],[26.161392,45.392158,0.0],[26.161423,45.39212,0.0],[26.161431,45.392097,0.0],[26.161421,45.392036,0.0],[26.161405,45.392018,0.0],[26.161351,45.391993,0.0],[26.1613,45.391976,0.0],[26.161225,45.39196,0.0],[26.161171,45.391953,0.0],[26.161051,45.39196,0.0],[26.160965,45.391955,0.0],[26.1609,45.391936,0.0],[26.160685,45.391827,0.0],[26.160556,45.391773,0.0],[26.160395,45.391727,0.0],[26.160233,45.391701,0.0],[26.160136,45.391677,0.0],[26.160017,45.391632,0.0],[26.159856,45.391547,0.0],[26.159781,45.391516,0.0],[26.15962,45.391421,0.0],[26.159553,45.391372,0.0],[26.159491,45.391332,0.0],[26.159288,45.391176,0.0],[26.159107,45.391012,0.0],[26.159053,45.390973,0.0],[26.158999,45.390946,0.0],[26.158816,45.390882,0.0],[26.158644,45.390796,0.0],[26.158483,45.390732,0.0],[26.158365,45.390668,0.0],[26.158279,45.390612,0.0],[26.158223,45.390563,0.0],[26.158167,45.3905,0.0],[26.158117,45.390431,0.0],[26.158104,45.390396,0.0],[26.158107,45.390373,0.0],[26.158135,45.390328,0.0],[26.158212,45.390252,0.0],[26.158359,45.390158,0.0],[26.158444,45.390086,0.0],[26.158502,45.390051,0.0],[26.158652,45.389936,0.0],[26.158702,45.38989,0.0],[26.15879,45.389792,0.0],[26.158849,45.389678,0.0],[26.158894,45.389533,0.0],[26.158893,45.389426,0.0],[26.158848,45.389189,0.0],[26.158852,45.389105,0.0],[26.158842,45.389037,0.0],[26.158853,45.388892,0.0],[26.158891,45.388709,0.0],[26.158902,45.388686,0.0],[26.158993,45.38861,0.0],[26.159348,45.388373,0.0],[26.159439,45.388278,0.0],[26.15948,45.388218,0.0],[26.159511,45.388142,0.0],[26.159529,45.388073,0.0],[26.159535,45.388027,0.0],[26.15953,45.387982,0.0],[26.159512,45.387936,0.0],[26.159388,45.38777,0.0],[26.159183,45.387482,0.0],[26.159013,45.387282,0.0],[26.158845,45.387115,0.0],[26.158623,45.386968,0.0],[26.158516,45.386889,0.0],[26.158409,45.386785,0.0],[26.158303,45.386645,0.0],[26.158253,45.386568,0.0],[26.15819,45.386428,0.0],[26.158173,45.386321,0.0],[26.158167,45.386153,0.0],[26.158149,45.386099,0.0],[26.158057,45.385961,0.0],[26.157953,45.385854,0.0],[26.157834,45.385686,0.0],[26.157567,45.385451,0.0],[26.157535,45.385434,0.0],[26.157361,45.385303,0.0],[26.157249,45.385189,0.0],[26.157206,45.385133,0.0],[26.157196,45.385099,0.0],[26.157174,45.385099,0.0],[26.157159,45.385072,0.0],[26.157119,45.385033,0.0],[26.156966,45.384908,0.0],[26.156857,45.384787,0.0],[26.156794,45.384695,0.0],[26.156728,45.384541,0.0],[26.156698,45.384411,0.0],[26.156654,45.384121,0.0],[26.156615,45.38397,0.0],[26.156615,45.38397,0.0],[26.156585,45.383861,0.0],[26.156525,45.383731,0.0],[26.156522,45.383708,0.0],[26.156407,45.383478,0.0],[26.156402,45.383455,0.0],[26.156317,45.383309,0.0],[26.156318,45.383294,0.0],[26.156262,45.383186,0.0],[26.156188,45.383071,0.0],[26.156175,45.383063,0.0],[26.156165,45.383033,0.0],[26.156127,45.382992,0.0],[26.156091,45.382918,0.0],[26.155792,45.382442,0.0],[26.155732,45.382304,0.0],[26.155582,45.382028,0.0],[26.155519,45.381928,0.0],[26.155453,45.38179,0.0],[26.155364,45.381654,0.0],[26.155319,45.381547,0.0],[26.155217,45.381355,0.0],[26.155163,45.381177,0.0],[26.155133,45.380993,0.0],[26.155087,45.380856,0.0],[26.155074,45.380794,0.0],[26.155053,45.380748,0.0],[26.155016,45.38055,0.0],[26.155013,45.380359,0.0],[26.155022,45.380306,0.0],[26.155036,45.38026,0.0],[26.1551,45.380153,0.0],[26.155156,45.380062,0.0],[26.155213,45.379887,0.0],[26.155249,45.379827,0.0],[26.155295,45.379791,0.0],[26.155396,45.379738,0.0],[26.155489,45.379701,0.0],[26.155543,45.379688,0.0],[26.155609,45.379656,0.0],[26.155707,45.379583,0.0],[26.155658,45.37946,0.0],[26.155634,45.379422,0.0],[26.155607,45.379402,0.0],[26.155551,45.379383,0.0],[26.15536,45.37929,0.0],[26.155234,45.379193,0.0],[26.155131,45.379053,0.0],[26.155094,45.378991,0.0],[26.155079,45.37894,0.0],[26.155044,45.378878,0.0],[26.154994,45.378802,0.0],[26.154954,45.378759,0.0],[26.154866,45.378705,0.0],[26.154855,45.378707,0.0],[26.154828,45.378689,0.0],[26.154785,45.378674,0.0],[26.15474,45.378646,0.0],[26.154695,45.378646,0.0],[26.154641,45.378636,0.0],[26.154608,45.378621,0.0],[26.154543,45.378571,0.0],[26.154402,45.378505,0.0],[26.154356,45.378467,0.0],[26.154279,45.378385,0.0],[26.154179,45.37833,0.0],[26.154124,45.37829,0.0],[26.154073,45.378219,0.0],[26.153991,45.378143,0.0],[26.153958,45.378068,0.0],[26.15395,45.377998,0.0],[26.153908,45.377914,0.0],[26.153824,45.377836,0.0],[26.153726,45.377773,0.0],[26.153688,45.377735,0.0],[26.153664,45.377697,0.0],[26.153644,45.377548,0.0],[26.153633,45.377517,0.0],[26.153603,45.377483,0.0],[26.153592,45.37745,0.0],[26.153597,45.377364,0.0],[26.153586,45.377319,0.0],[26.15352,45.377181,0.0],[26.15346,45.377097,0.0],[26.153454,45.377013,0.0],[26.153488,45.376945,0.0],[26.153577,45.376822,0.0],[26.153626,45.376776,0.0],[26.153693,45.376736,0.0],[26.153725,45.376707,0.0],[26.153983,45.376447,0.0],[26.154093,45.376317,0.0],[26.154372,45.375912,0.0],[26.154388,45.375867,0.0],[26.154429,45.375805,0.0],[26.154474,45.375775,0.0],[26.154525,45.375714,0.0],[26.154577,45.375681,0.0],[26.154687,45.375553,0.0],[26.15473,45.375524,0.0],[26.154775,45.375537,0.0],[26.154862,45.375478,0.0],[26.154936,45.375425,0.0],[26.155002,45.375363,0.0],[26.155076,45.375306,0.0],[26.155189,45.375197,0.0],[26.155271,45.375098,0.0],[26.155335,45.375038,0.0],[26.15534,45.375023,0.0],[26.155483,45.374871,0.0],[26.155508,45.374833,0.0],[26.155588,45.374713,0.0],[26.155728,45.374576,0.0],[26.155738,45.374552,0.0],[26.155765,45.37454,0.0],[26.155814,45.374504,0.0],[26.155904,45.374401,0.0],[26.155969,45.374302,0.0],[26.155996,45.374202,0.0],[26.155993,45.374149,0.0],[26.155977,45.374082,0.0],[26.155993,45.374034,0.0],[26.156107,45.373945,0.0],[26.156177,45.373916,0.0],[26.156221,45.373907,0.0],[26.156394,45.373847,0.0],[26.156546,45.373779,0.0],[26.156608,45.373739,0.0],[26.156776,45.373592,0.0],[26.156806,45.373557,0.0],[26.156849,45.373489,0.0],[26.156909,45.373351,0.0],[26.156993,45.373222,0.0],[26.157025,45.373176,0.0],[26.157109,45.373084,0.0],[26.15712,45.373061,0.0],[26.15718,45.373,0.0],[26.157285,45.372855,0.0],[26.157367,45.372679,0.0],[26.157388,45.372595,0.0],[26.157395,45.372526,0.0],[26.157407,45.372469,0.0],[26.15741,45.372401,0.0],[26.157405,45.372309,0.0],[26.157391,45.372256,0.0],[26.157396,45.37224,0.0],[26.157359,45.372156,0.0],[26.157334,45.372057,0.0],[26.157291,45.371973,0.0],[26.157258,45.371874,0.0],[26.157226,45.371822,0.0],[26.157218,45.371782,0.0],[26.157223,45.371721,0.0],[26.157283,45.371622,0.0],[26.157299,45.371568,0.0],[26.157302,45.371492,0.0],[26.157312,45.371446,0.0],[26.157326,45.371431,0.0],[26.157353,45.371413,0.0],[26.157415,45.371391,0.0],[26.157494,45.371373,0.0],[26.157559,45.371343,0.0],[26.157665,45.371248,0.0],[26.157705,45.371217,0.0],[26.157735,45.371206,0.0],[26.157762,45.371179,0.0],[26.157838,45.370904,0.0],[26.157903,45.370728,0.0],[26.157938,45.37066,0.0],[26.157965,45.370629,0.0],[26.158017,45.370593,0.0],[26.158082,45.37056,0.0],[26.158198,45.370522,0.0],[26.158361,45.370488,0.0],[26.158545,45.370469,0.0],[26.158708,45.370435,0.0],[26.158783,45.370402,0.0],[26.158913,45.370334,0.0],[26.159033,45.370259,0.0],[26.159109,45.370206,0.0],[26.159214,45.370109,0.0],[26.159258,45.369985,0.0],[26.159293,45.369931,0.0],[26.159358,45.369862,0.0],[26.159358,45.369862,0.0],[26.159466,45.369756,0.0],[26.15968,45.36958,0.0],[26.160202,45.3691,0.0],[26.160303,45.369008,0.0],[26.160387,45.368916,0.0],[26.160387,45.368916,0.0],[26.160585,45.368725,0.0],[26.160707,45.368595,0.0],[26.160831,45.368499,0.0],[26.160972,45.368407,0.0],[26.16107,45.368309,0.0],[26.16114,45.368195,0.0],[26.1612,45.368118,0.0],[26.1614,45.367912,0.0],[26.16149,45.367775,0.0],[26.161565,45.367683,0.0],[26.161576,45.36766,0.0],[26.161574,45.367622,0.0],[26.161538,45.367546,0.0],[26.16143,45.367416,0.0],[26.161416,45.367385,0.0],[26.161276,45.367194,0.0],[26.161238,45.367156,0.0],[26.161148,45.367003,0.0],[26.161067,45.366889,0.0],[26.161021,45.366837,0.0],[26.160975,45.366759,0.0],[26.160785,45.366543,0.0],[26.16069,45.366461,0.0],[26.160642,45.366407,0.0],[26.16052,45.36626,0.0],[26.160468,45.366208,0.0],[26.1604,45.366109,0.0],[26.160238,45.365967,0.0],[26.1601,45.365866,0.0],[26.160067,45.36582,0.0],[26.160021,45.365778,0.0],[26.159959,45.365734,0.0],[26.159818,45.365662,0.0],[26.159783,45.365618,0.0],[26.159761,45.365568,0.0],[26.159761,45.365539,0.0],[26.159723,45.365432,0.0],[26.159718,45.365396,0.0],[26.159723,45.365287,0.0],[26.159718,45.365134,0.0],[26.159729,45.365066,0.0],[26.159723,45.364913,0.0],[26.159734,45.364745,0.0],[26.159745,45.364699,0.0],[26.159761,45.364607,0.0],[26.159864,45.364203,0.0],[26.159951,45.363951,0.0],[26.159978,45.363836,0.0],[26.159991,45.363683,0.0],[26.160024,45.363599,0.0],[26.160089,45.363508,0.0],[26.160146,45.363363,0.0],[26.160132,45.363279,0.0],[26.160132,45.363202,0.0],[26.160157,45.36308,0.0],[26.160184,45.362996,0.0],[26.16027,45.362882,0.0],[26.160351,45.362821,0.0],[26.160435,45.362786,0.0],[26.160565,45.36276,0.0],[26.160641,45.362727,0.0],[26.160674,45.362695,0.0],[26.16072,45.362615,0.0],[26.160825,45.362477,0.0],[26.160855,45.362408,0.0],[26.160907,45.362347,0.0],[26.161042,45.362283,0.0],[26.161151,45.362254,0.0],[26.161346,45.362245,0.0],[26.161497,45.362214,0.0],[26.161527,45.362195,0.0],[26.161576,45.362147,0.0],[26.161616,45.362128,0.0],[26.161746,45.362094,0.0],[26.161844,45.362054,0.0],[26.16205,45.362027,0.0],[26.162256,45.362022,0.0],[26.16231,45.362014,0.0],[26.162364,45.362014,0.0],[26.162462,45.362026,0.0],[26.162548,45.362045,0.0],[26.162643,45.362079,0.0],[26.16277,45.362146,0.0],[26.162866,45.362182,0.0],[26.162965,45.362219,0.0],[26.163044,45.362276,0.0],[26.163087,45.362299,0.0],[26.163142,45.362345,0.0],[26.163296,45.362502,0.0],[26.163439,45.362678,0.0],[26.163578,45.362792,0.0],[26.163683,45.362842,0.0],[26.163914,45.362921,0.0],[26.164385,45.363028,0.0],[26.164548,45.363055,0.0],[26.164786,45.363078,0.0],[26.164927,45.363082,0.0],[26.165111,45.363074,0.0],[26.165111,45.363074,0.0],[26.165263,45.363061,0.0],[26.165403,45.363061,0.0],[26.165707,45.363076,0.0],[26.165967,45.363115,0.0],[26.166064,45.363138,0.0],[26.166273,45.363232,0.0],[26.166349,45.363276,0.0],[26.166441,45.363344,0.0],[26.166574,45.363419,0.0],[26.166677,45.363453,0.0],[26.166715,45.363472,0.0],[26.166761,45.363484,0.0],[26.166929,45.363505,0.0],[26.166996,45.363509,0.0],[26.167148,45.363505,0.0],[26.167321,45.363471,0.0],[26.167408,45.363444,0.0],[26.167603,45.363349,0.0],[26.167809,45.363267,0.0],[26.167939,45.363242,0.0],[26.168058,45.363242,0.0],[26.168112,45.363239,0.0],[26.168177,45.363246,0.0],[26.168329,45.363292,0.0],[26.168437,45.363313,0.0],[26.168546,45.363359,0.0],[26.168622,45.363374,0.0],[26.168708,45.363401,0.0],[26.168762,45.363409,0.0],[26.168838,45.363403,0.0],[26.169066,45.363335,0.0],[26.169207,45.363304,0.0],[26.169315,45.363253,0.0],[26.169478,45.363201,0.0],[26.169553,45.363167,0.0],[26.1699,45.363074,0.0],[26.169987,45.363035,0.0],[26.170019,45.363015,0.0],[26.170128,45.362973,0.0],[26.170409,45.362894,0.0],[26.170572,45.362862,0.0],[26.170723,45.362818,0.0],[26.170843,45.362795,0.0],[26.171103,45.362733,0.0],[26.171319,45.362694,0.0],[26.171644,45.362651,0.0],[26.171829,45.362649,0.0],[26.17198,45.36264,0.0],[26.172056,45.362628,0.0],[26.17211,45.362628,0.0],[26.172392,45.362655,0.0],[26.172533,45.362693,0.0],[26.172609,45.362695,0.0],[26.172685,45.362711,0.0],[26.17288,45.362715,0.0],[26.173021,45.362698,0.0],[26.173205,45.362656,0.0],[26.173411,45.362621,0.0],[26.173452,45.362607,0.0],[26.173476,45.362606,0.0],[26.17353,45.362587,0.0],[26.173551,45.362587,0.0],[26.173746,45.362518,0.0],[26.173811,45.362484,0.0],[26.173898,45.362459,0.0],[26.173931,45.362444,0.0],[26.173996,45.362412,0.0],[26.17405,45.362375,0.0],[26.174093,45.362333,0.0],[26.174117,45.362297,0.0],[26.174147,45.362276,0.0],[26.174204,45.362242,0.0],[26.174288,45.362204,0.0],[26.174429,45.362158,0.0],[26.174472,45.362137,0.0],[26.174808,45.362038,0.0],[26.174949,45.361986,0.0],[26.175036,45.361939,0.0],[26.175087,45.361899,0.0],[26.175233,45.361754,0.0],[26.175296,45.361735,0.0],[26.175323,45.361738,0.0],[26.17542,45.361735,0.0],[26.175496,45.361716,0.0],[26.175615,45.361651,0.0],[26.176016,45.361323,0.0],[26.176116,45.361256,0.0],[26.176246,45.361181,0.0],[26.176365,45.361097,0.0],[26.176482,45.360949,0.0],[26.17652,45.36091,0.0],[26.176704,45.360758,0.0],[26.176704,45.360758,0.0],[26.176999,45.360529,0.0],[26.177278,45.360262,0.0],[26.177419,45.360155,0.0],[26.177481,45.360086,0.0],[26.177527,45.359979,0.0],[26.177554,45.359834,0.0],[26.177592,45.359712,0.0],[26.177603,45.359622,0.0],[26.177627,45.359551,0.0],[26.177624,45.359513,0.0],[26.177611,45.359483,0.0],[26.177505,45.359363,0.0],[26.177456,45.359318,0.0],[26.17741,45.35923,0.0],[26.177388,45.359154,0.0],[26.177367,45.359024,0.0],[26.177277,45.35878,0.0],[26.17725,45.35865,0.0],[26.17725,45.358581,0.0],[26.177261,45.358482,0.0],[26.177299,45.358352,0.0],[26.177347,45.358253,0.0],[26.177431,45.358031,0.0],[26.177346,45.357944,0.0],[26.177363,45.357874,0.0],[26.177761,45.357742,0.0],[26.177854,45.35771,0.0],[26.177962,45.357738,0.0],[26.178499,45.357769,0.0],[26.179119,45.357901,0.0],[26.179308,45.357874,0.0],[26.17946,45.35787,0.0],[26.179633,45.35787,0.0],[26.179872,45.357889,0.0],[26.180338,45.357894,0.0],[26.180522,45.357867,0.0],[26.180814,45.357768,0.0],[26.180868,45.357756,0.0],[26.180912,45.357755,0.0],[26.180977,45.357749,0.0],[26.181258,45.357753,0.0],[26.181443,45.357783,0.0],[26.181594,45.357799,0.0],[26.181811,45.357808,0.0],[26.181887,45.357807,0.0],[26.182017,45.357795,0.0],[26.182093,45.35778,0.0],[26.182446,45.357659,0.0],[26.182607,45.35766,0.0],[26.182726,45.357675,0.0],[26.182802,45.357689,0.0],[26.182856,45.357706,0.0],[26.183038,45.357733,0.0],[26.183171,45.357725,0.0],[26.183279,45.357702,0.0],[26.183507,45.357611,0.0],[26.183615,45.357588,0.0],[26.183886,45.357584,0.0],[26.184102,45.357571,0.0],[26.18459,45.357499,0.0],[26.184915,45.357432,0.0],[26.185077,45.357405,0.0],[26.185662,45.357346,0.0],[26.185847,45.357339,0.0],[26.185989,45.357334,0.0],[26.186038,45.357324,0.0],[26.186103,45.3573,0.0],[26.186166,45.357264,0.0],[26.186391,45.357045,0.0],[26.186908,45.356659,0.0],[26.18699,45.356584,0.0],[26.187078,45.356485,0.0],[26.187215,45.3564,0.0],[26.187351,45.356344,0.0],[26.187471,45.356286,0.0],[26.18758,45.35625,0.0],[26.18771,45.356227,0.0],[26.187916,45.356171,0.0],[26.188003,45.356141,0.0],[26.188145,45.356112,0.0],[26.188362,45.356052,0.0],[26.18859,45.355982,0.0],[26.18871,45.355937,0.0],[26.188751,45.355914,0.0],[26.188809,45.355846,0.0],[26.188885,45.355786,0.0],[26.18906,45.355701,0.0],[26.189142,45.355621,0.0],[26.189198,45.355532,0.0],[26.189212,45.355448,0.0],[26.189258,45.355288,0.0],[26.189262,45.355174,0.0],[26.18925,45.355148,0.0],[26.189196,45.354927,0.0],[26.189175,45.354536,0.0],[26.189259,45.35426,0.0],[26.189339,45.354042,0.0],[26.18935,45.354017,0.0],[26.18937,45.353893,0.0],[26.189398,45.353831,0.0],[26.189393,45.3538,0.0],[26.18942,45.353762,0.0],[26.18941,45.353726,0.0],[26.189225,45.353638,0.0],[26.189174,45.3536,0.0],[26.189079,45.353546,0.0],[26.188958,45.353449,0.0],[26.188712,45.353297,0.0],[26.188603,45.353219,0.0],[26.18839,45.353032,0.0],[26.188298,45.352915,0.0],[26.188141,45.35276,0.0],[26.188076,45.352678,0.0],[26.188057,45.352638,0.0],[26.18806,45.352619,0.0],[26.188093,45.352558,0.0],[26.188142,45.352471,0.0],[26.190063,45.348668,0.0],[26.19016,45.348356,0.0],[26.190354,45.347731,0.0],[26.190363,45.347494,0.0],[26.190372,45.347256,0.0],[26.190652,45.347067,0.0],[26.191379,45.346675,0.0],[26.191599,45.346593,0.0],[26.192051,45.346753,0.0],[26.192225,45.346827,0.0],[26.192545,45.34692,0.0],[26.192711,45.346916,0.0],[26.193317,45.346845,0.0],[26.193671,45.346763,0.0],[26.193957,45.346743,0.0],[26.194983,45.346775,0.0],[26.194986,45.346452,0.0],[26.195031,45.346324,0.0],[26.195113,45.346149,0.0],[26.195568,45.345439,0.0],[26.195652,45.345287,0.0],[26.195876,45.344959,0.0],[26.196075,45.344685,0.0],[26.196267,45.344357,0.0],[26.1964,45.344174,0.0],[26.196511,45.343998,0.0],[26.196593,45.343899,0.0],[26.196671,45.343746,0.0],[26.196761,45.343487,0.0],[26.196758,45.343472,0.0],[26.196804,45.343321,0.0],[26.196867,45.343189,0.0],[26.19694,45.34306,0.0],[26.197021,45.342945,0.0],[26.197113,45.342831,0.0],[26.197273,45.342656,0.0],[26.197406,45.342526,0.0],[26.19749,45.342459,0.0],[26.197647,45.34236,0.0],[26.197796,45.342296,0.0],[26.197839,45.342284,0.0],[26.197948,45.342231,0.0],[26.198175,45.342039,0.0],[26.198294,45.341902,0.0],[26.198397,45.341741,0.0],[26.198598,45.341467,0.0],[26.198709,45.341352,0.0],[26.198876,45.341222,0.0],[26.198901,45.34121,0.0],[26.198974,45.341139,0.0],[26.199007,45.341101,0.0],[26.199126,45.340918,0.0],[26.199603,45.340407,0.0],[26.199884,45.340134,0.0],[26.200077,45.340157,0.0],[26.200062,45.33988,0.0],[26.200096,45.339747,0.0],[26.200375,45.339431,0.0],[26.200926,45.338875,0.0],[26.20106,45.338642,0.0],[26.201353,45.338344,0.0],[26.201555,45.338138,0.0],[26.202171,45.337938,0.0],[26.202779,45.337566,0.0],[26.203427,45.337136,0.0],[26.203612,45.337001,0.0],[26.20449,45.336552,0.0],[26.204622,45.336475,0.0],[26.204962,45.336287,0.0],[26.20507,45.336234,0.0],[26.205254,45.336112,0.0],[26.205612,45.335733,0.0],[26.205801,45.335557,0.0],[26.205942,45.335451,0.0],[26.206202,45.335283,0.0],[26.206353,45.335198,0.0],[26.206535,45.335072,0.0],[26.206609,45.334446,0.0],[26.206374,45.334299,0.0],[26.206218,45.334138,0.0],[26.206123,45.334022,0.0],[26.206075,45.333936,0.0],[26.206145,45.333761,0.0],[26.206115,45.333604,0.0],[26.206153,45.333472,0.0],[26.20625,45.333301,0.0],[26.206483,45.333045,0.0],[26.206654,45.332915,0.0],[26.206747,45.332834,0.0],[26.206941,45.332736,0.0],[26.207061,45.332661,0.0],[26.207268,45.332548,0.0],[26.207421,45.332426,0.0],[26.207553,45.33224,0.0],[26.207724,45.332043,0.0],[26.207855,45.331922,0.0],[26.207899,45.331892,0.0],[26.20797,45.331816,0.0],[26.208074,45.33174,0.0],[26.208156,45.331664,0.0],[26.208222,45.331623,0.0],[26.208314,45.331583,0.0],[26.20851,45.331518,0.0],[26.208608,45.331496,0.0],[26.208654,45.33147,0.0],[26.208752,45.331203,0.0],[26.208775,45.331119,0.0],[26.208822,45.331051,0.0],[26.209031,45.330816,0.0],[26.209078,45.33074,0.0],[26.209166,45.330633,0.0],[26.209205,45.330572,0.0],[26.209339,45.330428,0.0],[26.2094,45.330352,0.0],[26.209624,45.330163,0.0],[26.209763,45.330099,0.0],[26.210099,45.330039,0.0],[26.210208,45.330013,0.0],[26.210316,45.329998,0.0],[26.21037,45.329984,0.0],[26.21039,45.329972,0.0],[26.210425,45.329913,0.0],[26.210443,45.329845,0.0],[26.210415,45.329638,0.0],[26.210362,45.329378,0.0],[26.210331,45.329294,0.0],[26.210311,45.329195,0.0],[26.210179,45.328911,0.0],[26.210129,45.328834,0.0],[26.21009,45.328795,0.0],[26.209905,45.32858,0.0],[26.209827,45.328524,0.0],[26.209742,45.328432,0.0],[26.209528,45.328297,0.0],[26.209512,45.328274,0.0],[26.209517,45.328245,0.0],[26.209633,45.328086,0.0],[26.209787,45.327919,0.0],[26.209899,45.327805,0.0],[26.210113,45.327616,0.0],[26.210301,45.327472,0.0],[26.210504,45.32729,0.0],[26.210862,45.327003,0.0],[26.211048,45.326878,0.0],[26.211274,45.326761,0.0],[26.211426,45.326698,0.0],[26.211492,45.326677,0.0],[26.211524,45.326681,0.0],[26.212181,45.326881,0.0],[26.212699,45.32702,0.0],[26.212893,45.32706,0.0],[26.213023,45.327072,0.0],[26.213163,45.327096,0.0],[26.213315,45.327109,0.0],[26.213531,45.327103,0.0],[26.213726,45.327078,0.0],[26.213824,45.327063,0.0],[26.213932,45.327062,0.0],[26.214126,45.327079,0.0],[26.214202,45.327093,0.0],[26.214256,45.32709,0.0],[26.214289,45.327097,0.0],[26.2143,45.327086,0.0],[26.214365,45.327073,0.0],[26.214528,45.327013,0.0],[26.214582,45.326987,0.0],[26.214702,45.326912,0.0],[26.214811,45.326874,0.0],[26.21493,45.326871,0.0],[26.215093,45.326849,0.0],[26.215364,45.326775,0.0],[26.215449,45.326726,0.0],[26.215669,45.326625,0.0],[26.215778,45.326566,0.0],[26.215833,45.326546,0.0],[26.215876,45.326519,0.0],[26.216311,45.326343,0.0],[26.216604,45.326271,0.0],[26.21693,45.32622,0.0],[26.217038,45.326208,0.0],[26.217114,45.326202,0.0],[26.217201,45.326184,0.0],[26.21722,45.326201,0.0],[26.217293,45.326217,0.0],[26.217347,45.326244,0.0],[26.21752,45.326272,0.0],[26.217637,45.32631,0.0],[26.217723,45.326325,0.0],[26.217943,45.326353,0.0],[26.218094,45.326351,0.0],[26.21817,45.326359,0.0],[26.218267,45.32637,0.0],[26.218473,45.326409,0.0],[26.218548,45.326415,0.0],[26.218689,45.32644,0.0],[26.21883,45.326457,0.0],[26.218938,45.326456,0.0],[26.219111,45.326441,0.0],[26.21923,45.326437,0.0],[26.219597,45.326366,0.0],[26.219726,45.326348,0.0],[26.219861,45.326339,0.0],[26.219996,45.326331,0.0],[26.220115,45.326306,0.0],[26.220158,45.326283,0.0],[26.22032,45.326229,0.0],[26.220353,45.32621,0.0],[26.220439,45.326187,0.0],[26.220525,45.326173,0.0],[26.220579,45.326173,0.0],[26.220666,45.326188,0.0],[26.221153,45.326321,0.0],[26.221316,45.326338,0.0],[26.221413,45.326357,0.0],[26.221792,45.326379,0.0],[26.221867,45.326377,0.0],[26.222062,45.326356,0.0],[26.22217,45.326329,0.0],[26.222245,45.326317,0.0],[26.22245,45.326252,0.0],[26.222654,45.326174,0.0],[26.222839,45.326104,0.0],[26.223033,45.326018,0.0],[26.223086,45.325988,0.0],[26.223313,45.325903,0.0],[26.223442,45.325848,0.0],[26.223572,45.325806,0.0],[26.223593,45.325792,0.0],[26.223788,45.325721,0.0],[26.223949,45.32562,0.0],[26.224022,45.325565,0.0],[26.22414,45.325439,0.0],[26.224236,45.325309,0.0],[26.224338,45.325217,0.0],[26.22457,45.325049,0.0],[26.224637,45.324957,0.0],[26.22485,45.324553,0.0],[26.224898,45.324446,0.0],[26.224922,45.324347,0.0],[26.224937,45.324194,0.0],[26.224993,45.324034,0.0],[26.225009,45.323957,0.0],[26.225035,45.323919,0.0],[26.225083,45.323805,0.0],[26.225206,45.323622,0.0],[26.225464,45.323347,0.0],[26.225698,45.323148,0.0],[26.225762,45.323104,0.0],[26.225911,45.323035,0.0],[26.226051,45.322979,0.0],[26.226191,45.322907,0.0],[26.22632,45.322824,0.0],[26.226471,45.322727,0.0],[26.226719,45.322601,0.0],[26.226794,45.322549,0.0],[26.226904,45.322436,0.0],[26.226958,45.32236,0.0],[26.22716,45.322285,0.0],[26.227214,45.322257,0.0],[26.227265,45.322216,0.0],[26.227445,45.322051,0.0],[26.227625,45.321886,0.0],[26.22781,45.321703,0.0],[26.22792,45.321618,0.0],[26.228012,45.321534,0.0],[26.228092,45.321443,0.0],[26.228108,45.321421,0.0],[26.228162,45.321343,0.0],[26.228213,45.32129,0.0],[26.228236,45.321257,0.0],[26.228284,45.321188,0.0],[26.228367,45.32107,0.0],[26.228437,45.32087,0.0],[26.228528,45.320687,0.0],[26.228602,45.320473,0.0],[26.228621,45.320435,0.0],[26.228658,45.320389,0.0],[26.228744,45.320221,0.0],[26.228861,45.320038,0.0],[26.228955,45.319855,0.0],[26.228976,45.319771,0.0],[26.228991,45.319611,0.0],[26.229022,45.319458,0.0],[26.229068,45.319366,0.0],[26.229143,45.319252,0.0],[26.229195,45.319122,0.0],[26.229292,45.318908,0.0],[26.229305,45.318863,0.0],[26.229377,45.318725,0.0],[26.229541,45.318616,0.0],[26.229757,45.318502,0.0],[26.229824,45.318442,0.0],[26.229893,45.318351,0.0],[26.230024,45.318114,0.0],[26.230067,45.318045,0.0],[26.230081,45.318038,0.0],[26.230078,45.318018,0.0],[26.230107,45.317885,0.0],[26.230125,45.317854,0.0],[26.230155,45.317833,0.0],[26.230249,45.317793,0.0],[26.230333,45.317745,0.0],[26.230424,45.317669,0.0],[26.23044,45.317644,0.0],[26.230474,45.317522,0.0],[26.230493,45.317484,0.0],[26.230525,45.317354,0.0],[26.230573,45.317285,0.0],[26.230605,45.317266,0.0],[26.230694,45.317238,0.0],[26.231008,45.317208,0.0],[26.231061,45.317195,0.0],[26.231417,45.317,0.0],[26.231535,45.316946,0.0],[26.231611,45.316925,0.0],[26.231805,45.316898,0.0],[26.231892,45.316879,0.0],[26.232032,45.316835,0.0],[26.23214,45.316815,0.0],[26.232172,45.316796,0.0],[26.232223,45.316737,0.0],[26.232252,45.316661,0.0],[26.23224,45.316455,0.0],[26.232256,45.316356,0.0],[26.232272,45.316325,0.0],[26.232368,45.316211,0.0],[26.232532,45.316073,0.0],[26.232675,45.315976,0.0],[26.232861,45.315847,0.0],[26.232936,45.315775,0.0],[26.232989,45.315683,0.0],[26.233058,45.315531,0.0],[26.233187,45.315309,0.0],[26.233229,45.315195,0.0],[26.233293,45.315065,0.0],[26.233322,45.315019,0.0],[26.233371,45.314966,0.0],[26.233476,45.314874,0.0],[26.233567,45.314744,0.0],[26.233601,45.314668,0.0],[26.233628,45.31463,0.0],[26.233665,45.3145,0.0],[26.233659,45.314492,0.0],[26.233669,45.314317,0.0],[26.233605,45.31408,0.0],[26.233586,45.313951,0.0],[26.233452,45.313753,0.0],[26.233343,45.313572,0.0],[26.233109,45.313336,0.0],[26.233076,45.313317,0.0],[26.232943,45.313205,0.0],[26.232728,45.312961,0.0],[26.23266,45.312904,0.0],[26.232584,45.312788,0.0],[26.23242,45.312572,0.0],[26.232311,45.312451,0.0],[26.232208,45.312359,0.0],[26.232132,45.312308,0.0],[26.232067,45.312276,0.0],[26.232018,45.312238,0.0],[26.231991,45.31223,0.0],[26.231947,45.312175,0.0],[26.231909,45.312146,0.0],[26.231893,45.312122,0.0],[26.231879,45.312068,0.0],[26.231842,45.312007,0.0],[26.231836,45.311969,0.0],[26.231847,45.3119,0.0],[26.231841,45.311763,0.0],[26.231801,45.311648,0.0],[26.231776,45.311521,0.0],[26.231792,45.311412,0.0],[26.231797,45.31116,0.0],[26.231808,45.311053,0.0],[26.23183,45.310961,0.0],[26.23183,45.310877,0.0],[26.231856,45.310786,0.0],[26.231923,45.310665,0.0],[26.23208,45.310393,0.0],[26.232091,45.310362,0.0],[26.232123,45.310324,0.0],[26.232161,45.31024,0.0],[26.232199,45.310187,0.0],[26.232204,45.310156,0.0],[26.232264,45.310087,0.0],[26.232299,45.310034,0.0],[26.232347,45.309927,0.0],[26.232369,45.309858,0.0],[26.232401,45.309797,0.0],[26.23242,45.309736,0.0],[26.232455,45.309675,0.0],[26.232471,45.309599,0.0],[26.232519,45.309469,0.0],[26.23256,45.309408,0.0],[26.232619,45.309355,0.0],[26.232768,45.309284,0.0],[26.232806,45.30925,0.0],[26.232849,45.309164,0.0],[26.232854,45.309042,0.0],[26.232838,45.308973,0.0],[26.232794,45.308874,0.0],[26.232746,45.308822,0.0],[26.232683,45.308729,0.0],[26.232492,45.308572,0.0],[26.232386,45.308463,0.0],[26.232237,45.308347,0.0],[26.232175,45.308271,0.0],[26.231994,45.308097,0.0],[26.23181,45.307904,0.0],[26.231659,45.307736,0.0],[26.231613,45.307675,0.0],[26.231502,45.307566,0.0],[26.231459,45.307542,0.0],[26.231372,45.307515,0.0],[26.231307,45.307511,0.0],[26.231135,45.30754,0.0],[26.231081,45.307521,0.0],[26.231056,45.307498,0.0],[26.230883,45.30728,0.0],[26.230837,45.307141,0.0],[26.230729,45.306965,0.0],[26.230534,45.306545,0.0],[26.23031,45.30624,0.0],[26.230223,45.306095,0.0],[26.230201,45.306074,0.0],[26.230172,45.306064,0.0],[26.230139,45.306066,0.0],[26.229788,45.3062,0.0],[26.229237,45.306358,0.0],[26.22914,45.306358,0.0],[26.229059,45.306383,0.0],[26.22894,45.306404,0.0],[26.228811,45.306404,0.0],[26.228703,45.306396,0.0],[26.228487,45.306404,0.0],[26.2284,45.306396,0.0],[26.228324,45.306381,0.0],[26.228281,45.306358,0.0],[26.228233,45.306316,0.0],[26.228216,45.306316,0.0],[26.22813,45.306278,0.0],[26.227925,45.306213,0.0],[26.227687,45.306127,0.0],[26.227541,45.30606,0.0],[26.227514,45.306041,0.0],[26.227471,45.30603,0.0],[26.227379,45.305972,0.0],[26.227335,45.305957,0.0],[26.227227,45.305902,0.0],[26.227001,45.305818,0.0],[26.226914,45.305776,0.0],[26.226795,45.305736,0.0],[26.226709,45.305728,0.0],[26.226547,45.305755,0.0],[26.226493,45.305766,0.0],[26.226439,45.305787,0.0],[26.226363,45.305829,0.0],[26.22622,45.305943,0.0],[26.225884,45.306248,0.0],[26.22588,45.306239,0.0],[26.225845,45.30618,0.0],[26.225785,45.306041,0.0],[26.225774,45.305995,0.0],[26.225769,45.305796,0.0],[26.225747,45.305682,0.0],[26.225726,45.305644,0.0],[26.22565,45.305604,0.0],[26.225531,45.305577,0.0],[26.225499,45.305558,0.0],[26.225469,45.305527,0.0],[26.225407,45.305489,0.0],[26.22532,45.305462,0.0],[26.225169,45.305428,0.0],[26.225115,45.30542,0.0],[26.225039,45.30542,0.0],[26.22492,45.30543,0.0],[26.224845,45.305453,0.0],[26.224629,45.305502,0.0],[26.224537,45.305506,0.0],[26.224278,45.305533,0.0],[26.224083,45.305579,0.0],[26.223743,45.305678,0.0],[26.223581,45.305704,0.0],[26.223387,45.305704,0.0],[26.223149,45.305693,0.0],[26.223041,45.305679,0.0],[26.222968,45.305647,0.0],[26.222328,45.305593,0.0],[26.222079,45.305557,0.0],[26.221885,45.305511,0.0],[26.221561,45.30542,0.0],[26.221236,45.305297,0.0],[26.221064,45.305215,0.0],[26.221001,45.305158,0.0],[26.220945,45.305066,0.0],[26.220869,45.304986,0.0],[26.220785,45.304917,0.0],[26.220693,45.304858,0.0],[26.22065,45.304814,0.0],[26.220539,45.304725,0.0],[26.220382,45.304608,0.0],[26.220166,45.304431,0.0],[26.219972,45.304255,0.0],[26.219604,45.303963,0.0],[26.219372,45.303791,0.0],[26.218945,45.303455,0.0],[26.218702,45.303306,0.0],[26.218474,45.303146,0.0],[26.218009,45.302793,0.0],[26.217594,45.302499,0.0],[26.217388,45.302342,0.0],[26.217302,45.302268,0.0],[26.21724,45.302236,0.0],[26.217193,45.302209,0.0],[26.217172,45.302188,0.0],[26.217122,45.302084,0.0],[26.217082,45.302023,0.0],[26.217052,45.301993,0.0],[26.216864,45.301629,0.0],[26.216749,45.301453,0.0],[26.216483,45.301009,0.0],[26.216404,45.300833,0.0],[26.216327,45.300695,0.0],[26.216169,45.300481,0.0],[26.216049,45.300358,0.0],[26.215864,45.300206,0.0],[26.215638,45.30007,0.0],[26.215552,45.3,0.0],[26.215286,45.299827,0.0],[26.215189,45.299773,0.0],[26.215166,45.299768,0.0],[26.215114,45.299742,0.0],[26.215049,45.299725,0.0],[26.215028,45.299725,0.0],[26.214984,45.29973,0.0],[26.214887,45.299766,0.0],[26.214854,45.299787,0.0],[26.214778,45.299813,0.0],[26.214735,45.299821,0.0],[26.214594,45.299835,0.0],[26.214462,45.299834,0.0],[26.214378,45.299815,0.0],[26.214284,45.299769,0.0],[26.214225,45.29973,0.0],[26.214166,45.299661,0.0],[26.214048,45.299571,0.0],[26.213895,45.299469,0.0],[26.213669,45.299367,0.0],[26.213593,45.299322,0.0],[26.213489,45.299223,0.0],[26.213417,45.299112,0.0],[26.213369,45.29906,0.0],[26.213245,45.298996,0.0],[26.213059,45.298919,0.0],[26.212928,45.298853,0.0],[26.212511,45.29862,0.0],[26.212395,45.298568,0.0],[26.211986,45.298402,0.0],[26.211857,45.298359,0.0],[26.211555,45.298277,0.0],[26.211253,45.298177,0.0],[26.210552,45.29799,0.0],[26.210196,45.29791,0.0],[26.20999,45.29787,0.0],[26.209818,45.297837,0.0],[26.209473,45.297786,0.0],[26.209235,45.297737,0.0],[26.208898,45.297689,0.0],[26.208838,45.297674,0.0],[26.208787,45.297649,0.0],[26.208796,45.297631,0.0],[26.209117,45.297347,0.0],[26.209227,45.29722,0.0],[26.209257,45.297174,0.0],[26.209274,45.297121,0.0],[26.20928,45.297063,0.0],[26.209264,45.297018,0.0],[26.209205,45.296918,0.0],[26.209109,45.29678,0.0],[26.209025,45.296597,0.0],[26.209006,45.296574,0.0],[26.20895,45.296528,0.0],[26.20874,45.296397,0.0],[26.208614,45.296283,0.0],[26.208507,45.296212,0.0],[26.208448,45.296151,0.0],[26.208387,45.296036,0.0],[26.208177,45.295371,0.0],[26.208028,45.295134,0.0],[26.207972,45.295072,0.0],[26.207918,45.294996,0.0],[26.207827,45.294907,0.0],[26.207789,45.294845,0.0],[26.207726,45.294747,0.0],[26.207659,45.294685,0.0],[26.207512,45.294589,0.0],[26.207404,45.294529,0.0],[26.207221,45.294452,0.0],[26.207157,45.294416,0.0],[26.207009,45.294308,0.0],[26.206915,45.294216,0.0],[26.206816,45.294131,0.0],[26.206687,45.294043,0.0],[26.20665,45.294004,0.0],[26.206502,45.293903,0.0],[26.206271,45.293793,0.0],[26.206088,45.29366,0.0],[26.205876,45.293529,0.0],[26.205795,45.293498,0.0],[26.205642,45.293455,0.0],[26.205558,45.293422,0.0],[26.205402,45.293353,0.0],[26.20526,45.293261,0.0],[26.205072,45.293096,0.0],[26.204963,45.292965,0.0],[26.204853,45.292858,0.0],[26.204764,45.292789,0.0],[26.204474,45.292592,0.0],[26.204327,45.292462,0.0],[26.204166,45.292301,0.0],[26.204051,45.29217,0.0],[26.203947,45.292025,0.0],[26.203812,45.291742,0.0],[26.203756,45.291658,0.0],[26.203647,45.291562,0.0],[26.203499,45.291408,0.0],[26.203467,45.291396,0.0],[26.203464,45.291379,0.0],[26.203423,45.291324,0.0],[26.203246,45.291211,0.0],[26.203213,45.291183,0.0],[26.203062,45.290993,0.0],[26.202966,45.290901,0.0],[26.20284,45.290822,0.0],[26.202438,45.29063,0.0],[26.202356,45.290582,0.0],[26.202085,45.290315,0.0],[26.20198,45.290182,0.0],[26.201939,45.290148,0.0],[26.201917,45.290119,0.0],[26.201808,45.29003,0.0],[26.201658,45.289945,0.0],[26.201638,45.289867,0.0],[26.201556,45.289791,0.0],[26.201499,45.289755,0.0],[26.201425,45.289721,0.0],[26.201241,45.289657,0.0],[26.201137,45.289606,0.0],[26.201088,45.28957,0.0],[26.200899,45.289369,0.0],[26.200817,45.289301,0.0],[26.200656,45.289195,0.0],[26.200604,45.289153,0.0],[26.20059,45.289132,0.0],[26.200579,45.289081,0.0],[26.20054,45.28902,0.0],[26.200476,45.288891,0.0],[26.200423,45.288815,0.0],[26.200366,45.288762,0.0],[26.200156,45.288641,0.0],[26.200047,45.288597,0.0],[26.199796,45.288421,0.0],[26.199535,45.288282,0.0],[26.199497,45.288253,0.0],[26.199455,45.288196,0.0],[26.199439,45.288137,0.0],[26.199428,45.288007,0.0],[26.1994,45.28797,0.0],[26.199282,45.287936,0.0],[26.199205,45.287904,0.0],[26.199164,45.287866,0.0],[26.19912,45.287801,0.0],[26.199069,45.287777,0.0],[26.199047,45.287773,0.0],[26.198712,45.287779,0.0],[26.198615,45.287764,0.0],[26.198517,45.287728,0.0],[26.19847,45.287692,0.0],[26.198443,45.287648,0.0],[26.198412,45.287568,0.0],[26.198382,45.287528,0.0],[26.19827,45.287441,0.0],[26.198141,45.287316,0.0],[26.198029,45.287219,0.0],[26.197854,45.287108,0.0],[26.197819,45.287068,0.0],[26.197777,45.286984,0.0],[26.19776,45.286914,0.0],[26.197758,45.286822,0.0],[26.197782,45.286761,0.0],[26.197851,45.286661,0.0],[26.197904,45.286627,0.0],[26.197961,45.286609,0.0],[26.198001,45.28658,0.0],[26.198013,45.286531,0.0],[26.198018,45.286454,0.0],[26.198028,45.286424,0.0],[26.198063,45.286378,0.0],[26.198172,45.286301,0.0],[26.198204,45.28627,0.0],[26.198239,45.286217,0.0],[26.198284,45.286178,0.0],[26.198397,45.286126,0.0],[26.198469,45.286072,0.0],[26.198498,45.286032,0.0],[26.198513,45.285963,0.0],[26.198542,45.285918,0.0],[26.198601,45.285856,0.0],[26.198646,45.285795,0.0],[26.198646,45.28578,0.0],[26.198667,45.285759,0.0],[26.198669,45.285734,0.0],[26.198656,45.285715,0.0],[26.198623,45.285711,0.0],[26.198532,45.28575,0.0],[26.198467,45.285754,0.0],[26.198392,45.285789,0.0],[26.19836,45.285793,0.0],[26.198262,45.285763,0.0],[26.198153,45.285693,0.0],[26.198055,45.285638,0.0],[26.198011,45.285621,0.0],[26.197957,45.285615,0.0],[26.197909,45.285639,0.0],[26.197877,45.285646,0.0],[26.197833,45.285645,0.0],[26.19779,45.285633,0.0],[26.197733,45.285596,0.0],[26.197724,45.285575,0.0],[26.19773,45.285556,0.0],[26.197775,45.285519,0.0],[26.197917,45.285467,0.0],[26.197933,45.285446,0.0],[26.197925,45.285429,0.0],[26.197873,45.285408,0.0],[26.197635,45.28535,0.0],[26.197537,45.28532,0.0],[26.196202,45.284934,0.0],[26.195594,45.284714,0.0],[26.195138,45.28453,0.0],[26.194464,45.284291,0.0],[26.194443,45.284285,0.0],[26.194432,45.284289,0.0],[26.194302,45.28424,0.0],[26.194182,45.284212,0.0],[26.194079,45.284175,0.0],[26.193754,45.284087,0.0],[26.193732,45.284087,0.0],[26.193625,45.284147,0.0],[26.193368,45.284318,0.0],[26.193288,45.284379,0.0],[26.193205,45.284428,0.0],[26.193054,45.28431,0.0],[26.192944,45.284223,0.0],[26.192704,45.284033,0.0],[26.192461,45.283781,0.0],[26.191998,45.283249,0.0],[26.191779,45.282963,0.0],[26.191544,45.282655,0.0],[26.191479,45.282598,0.0],[26.191385,45.282619,0.0],[26.191237,45.282653,0.0],[26.191105,45.282645,0.0],[26.19095,45.2826,0.0],[26.190837,45.282535,0.0],[26.190576,45.282431,0.0],[26.190396,45.282353,0.0],[26.190254,45.282246,0.0],[26.190083,45.282071,0.0],[26.189912,45.281893,0.0],[26.18973,45.281705,0.0],[26.189555,45.281592,0.0],[26.189343,45.281509,0.0],[26.189143,45.281295,0.0],[26.188967,45.281082,0.0],[26.188689,45.280789,0.0],[26.188638,45.280732,0.0],[26.188533,45.280542,0.0],[26.188423,45.280408,0.0],[26.18821,45.280266,0.0],[26.187842,45.27999,0.0],[26.187761,45.279906,0.0],[26.187694,45.279803,0.0],[26.187601,45.279694,0.0],[26.187493,45.279589,0.0],[26.187331,45.279485,0.0],[26.187098,45.279377,0.0],[26.186912,45.279306,0.0],[26.18661,45.279254,0.0],[26.186373,45.279209,0.0],[26.186058,45.279064,0.0],[26.185846,45.279013,0.0],[26.185482,45.278899,0.0],[26.185312,45.278839,0.0],[26.185279,45.278779,0.0],[26.185266,45.278698,0.0],[26.185303,45.278592,0.0],[26.185377,45.278429,0.0],[26.185404,45.27827,0.0],[26.18543,45.27817,0.0],[26.18552,45.27804,0.0],[26.185632,45.277946,0.0],[26.185814,45.277863,0.0],[26.186016,45.277806,0.0],[26.186186,45.277731,0.0],[26.186404,45.277589,0.0],[26.186549,45.277404,0.0],[26.186733,45.277117,0.0],[26.187078,45.276856,0.0],[26.187258,45.276599,0.0],[26.187305,45.276377,0.0],[26.187477,45.276298,0.0],[26.187706,45.276222,0.0],[26.187934,45.276183,0.0],[26.188312,45.276186,0.0],[26.188636,45.276216,0.0],[26.189128,45.276301,0.0],[26.189599,45.276391,0.0],[26.189809,45.27644,0.0],[26.190261,45.27653,0.0],[26.190733,45.276627,0.0],[26.191041,45.276706,0.0],[26.191424,45.276796,0.0],[26.191509,45.276803,0.0],[26.191577,45.276838,0.0],[26.191667,45.276878,0.0],[26.191811,45.276903,0.0],[26.192038,45.276924,0.0],[26.192217,45.276976,0.0],[26.192508,45.277063,0.0],[26.192674,45.277116,0.0],[26.192755,45.277176,0.0],[26.192878,45.277287,0.0],[26.193002,45.277361,0.0],[26.19308,45.277397,0.0],[26.193169,45.27743,0.0],[26.193264,45.277404,0.0],[26.193406,45.277418,0.0],[26.193486,45.277468,0.0],[26.193687,45.277484,0.0],[26.193857,45.277412,0.0],[26.19404,45.277278,0.0],[26.194113,45.277224,0.0],[26.194145,45.277157,0.0],[26.194188,45.277094,0.0],[26.19426,45.277054,0.0],[26.194293,45.277013,0.0],[26.194243,45.276994,0.0],[26.194167,45.276963,0.0],[26.194166,45.276939,0.0],[26.19417,45.276913,0.0],[26.194239,45.276886,0.0],[26.194272,45.276855,0.0],[26.194256,45.276795,0.0],[26.194231,45.276767,0.0],[26.19413,45.276763,0.0],[26.194019,45.276778,0.0],[26.193935,45.276796,0.0],[26.193891,45.276798,0.0],[26.19387,45.276773,0.0],[26.19387,45.276745,0.0],[26.193876,45.276717,0.0],[26.193837,45.276701,0.0],[26.193651,45.276687,0.0],[26.19349,45.276688,0.0],[26.193335,45.276652,0.0],[26.193287,45.276588,0.0],[26.193264,45.276489,0.0],[26.193199,45.276343,0.0],[26.193195,45.276316,0.0],[26.193192,45.276262,0.0],[26.193208,45.276214,0.0],[26.193271,45.276221,0.0],[26.193333,45.276221,0.0],[26.193382,45.276192,0.0],[26.193398,45.276142,0.0],[26.193378,45.276076,0.0],[26.193305,45.275965,0.0],[26.19328,45.275839,0.0],[26.193288,45.275744,0.0],[26.193296,45.275658,0.0],[26.193383,45.275552,0.0],[26.193468,45.275527,0.0],[26.193607,45.275566,0.0],[26.193731,45.2756,0.0],[26.193817,45.275582,0.0],[26.193896,45.2755,0.0],[26.194013,45.275449,0.0],[26.194097,45.275472,0.0],[26.194155,45.275519,0.0],[26.194197,45.275586,0.0],[26.194239,45.275626,0.0],[26.194311,45.275624,0.0],[26.194398,45.275607,0.0],[26.194489,45.275575,0.0],[26.194538,45.27555,0.0],[26.194557,45.275516,0.0],[26.194601,45.27548,0.0],[26.194672,45.275434,0.0],[26.194684,45.275391,0.0],[26.194662,45.275334,0.0],[26.194631,45.275266,0.0],[26.194632,45.275201,0.0],[26.194703,45.275155,0.0],[26.194774,45.275157,0.0],[26.194831,45.275192,0.0],[26.194889,45.275205,0.0],[26.194939,45.275169,0.0],[26.195099,45.27511,0.0],[26.195277,45.275071,0.0],[26.19557,45.275024,0.0],[26.195807,45.274983,0.0],[26.196087,45.274951,0.0],[26.196293,45.274939,0.0],[26.196684,45.274925,0.0],[26.197159,45.274945,0.0],[26.197651,45.274988,0.0],[26.198204,45.275017,0.0],[26.198672,45.275034,0.0],[26.199069,45.275065,0.0],[26.199738,45.275014,0.0],[26.20022,45.274903,0.0],[26.200619,45.274796,0.0],[26.200978,45.274724,0.0],[26.201393,45.27456,0.0],[26.202076,45.274223,0.0],[26.202873,45.273898,0.0],[26.203057,45.273834,0.0],[26.203153,45.273819,0.0],[26.203336,45.273779,0.0],[26.20361,45.273747,0.0],[26.203848,45.273777,0.0],[26.204106,45.273811,0.0],[26.204186,45.273839,0.0],[26.204307,45.273907,0.0],[26.20474,45.274241,0.0],[26.204988,45.27445,0.0],[26.205295,45.274626,0.0],[26.205479,45.274712,0.0],[26.205942,45.27486,0.0],[26.206101,45.274926,0.0],[26.206436,45.275084,0.0],[26.206747,45.275322,0.0],[26.207056,45.27558,0.0],[26.20715,45.27562,0.0],[26.207278,45.275638,0.0],[26.207378,45.275655,0.0],[26.207493,45.27568,0.0],[26.207635,45.275693,0.0],[26.207723,45.275693,0.0],[26.207923,45.275653,0.0],[26.208094,45.275628,0.0],[26.208415,45.275611,0.0],[26.209046,45.275546,0.0],[26.20931,45.27551,0.0],[26.209431,45.275505,0.0],[26.209758,45.27545,0.0],[26.210044,45.275392,0.0],[26.2106,45.275336,0.0],[26.211094,45.275315,0.0],[26.211381,45.275444,0.0],[26.21163,45.275584,0.0],[26.211969,45.275792,0.0],[26.212333,45.276065,0.0],[26.212769,45.276193,0.0],[26.21331,45.276302,0.0],[26.213769,45.276427,0.0],[26.214368,45.276639,0.0],[26.214662,45.276781,0.0],[26.21506,45.276997,0.0],[26.215308,45.277154,0.0],[26.215655,45.277251,0.0],[26.216094,45.277364,0.0],[26.2164,45.277485,0.0],[26.216708,45.277565,0.0],[26.217068,45.277563,0.0],[26.217235,45.277669,0.0],[26.217366,45.277719,0.0],[26.217444,45.277688,0.0],[26.21757,45.277572,0.0],[26.21774,45.277489,0.0],[26.217927,45.277456,0.0],[26.218164,45.277428,0.0],[26.2184,45.277396,0.0],[26.218803,45.277313,0.0],[26.219168,45.277148,0.0],[26.219384,45.276996,0.0],[26.219489,45.276834,0.0],[26.219652,45.27669,0.0],[26.219768,45.276627,0.0],[26.219881,45.276542,0.0],[26.219973,45.276462,0.0],[26.220082,45.276379,0.0],[26.220489,45.276198,0.0],[26.221102,45.276059,0.0],[26.221253,45.276004,0.0],[26.221337,45.275917,0.0],[26.221403,45.275802,0.0],[26.221461,45.27569,0.0],[26.221583,45.275602,0.0],[26.221784,45.275441,0.0],[26.221778,45.275333,0.0],[26.221736,45.275188,0.0],[26.221756,45.27509,0.0],[26.221841,45.274884,0.0],[26.222137,45.274644,0.0],[26.222317,45.274451,0.0],[26.222717,45.274169,0.0],[26.223191,45.273851,0.0],[26.223386,45.27372,0.0],[26.223483,45.273348,0.0],[26.223503,45.273256,0.0],[26.223681,45.273051,0.0],[26.223914,45.272746,0.0],[26.224224,45.272399,0.0],[26.224348,45.272251,0.0],[26.224457,45.272001,0.0],[26.224598,45.271784,0.0],[26.22461,45.271626,0.0],[26.224573,45.271416,0.0],[26.22457,45.27128,0.0],[26.224677,45.27114,0.0],[26.224949,45.270901,0.0],[26.225198,45.270603,0.0],[26.225276,45.270479,0.0],[26.225354,45.270356,0.0],[26.225483,45.270089,0.0],[26.225576,45.269947,0.0],[26.225643,45.269811,0.0],[26.225675,45.269631,0.0],[26.225728,45.269548,0.0],[26.225673,45.269364,0.0],[26.225646,45.269219,0.0],[26.22563,45.268707,0.0],[26.225781,45.268377,0.0],[26.225943,45.267998,0.0],[26.225995,45.267858,0.0],[26.226088,45.267674,0.0],[26.226231,45.267488,0.0],[26.226368,45.267414,0.0],[26.226661,45.267244,0.0],[26.226862,45.267122,0.0],[26.227004,45.266992,0.0],[26.227066,45.266879,0.0],[26.227091,45.266697,0.0],[26.227034,45.266522,0.0],[26.226987,45.266405,0.0],[26.226969,45.266324,0.0],[26.226942,45.266212,0.0],[26.226965,45.266097,0.0],[26.227113,45.265927,0.0],[26.227246,45.265668,0.0],[26.227465,45.265232,0.0],[26.227705,45.264773,0.0],[26.227821,45.26463,0.0],[26.227941,45.264359,0.0],[26.22794,45.264195,0.0],[26.22796,45.263866,0.0],[26.22793,45.263755,0.0],[26.227878,45.263682,0.0],[26.227722,45.263461,0.0],[26.22773,45.2634,0.0],[26.227737,45.263338,0.0],[26.227797,45.263189,0.0],[26.22789,45.263036,0.0],[26.227988,45.262973,0.0],[26.228116,45.262828,0.0],[26.22825,45.262645,0.0],[26.228277,45.262469,0.0],[26.228357,45.262401,0.0],[26.228414,45.26232,0.0],[26.228538,45.262189,0.0],[26.228704,45.262101,0.0],[26.22876,45.262048,0.0],[26.22881,45.261962,0.0],[26.22899,45.261689,0.0],[26.229038,45.261617,0.0],[26.229122,45.261528,0.0],[26.229176,45.261477,0.0],[26.229405,45.261238,0.0],[26.229605,45.261027,0.0],[26.229633,45.260998,0.0],[26.22964,45.260996,0.0],[26.229651,45.260992,0.0],[26.229676,45.260961,0.0],[26.229971,45.260589,0.0],[26.229873,45.260546,0.0],[26.229743,45.260539,0.0],[26.229673,45.260519,0.0],[26.229603,45.260499,0.0],[26.229522,45.260488,0.0],[26.229443,45.260488,0.0],[26.229312,45.260515,0.0],[26.229067,45.260521,0.0],[26.228943,45.260488,0.0],[26.228782,45.260421,0.0],[26.228695,45.260367,0.0],[26.228634,45.260302,0.0],[26.228598,45.260214,0.0],[26.228591,45.260113,0.0],[26.22855,45.259995,0.0],[26.228506,45.259908,0.0],[26.228955,45.259267,0.0],[26.229134,45.259058,0.0],[26.229675,45.258648,0.0],[26.229841,45.258502,0.0],[26.229915,45.25841,0.0],[26.230037,45.258318,0.0],[26.230115,45.25825,0.0],[26.230204,45.25813,0.0],[26.230181,45.258062,0.0],[26.230193,45.258001,0.0],[26.230223,45.257942,0.0],[26.230314,45.257878,0.0],[26.230407,45.257857,0.0],[26.23054,45.257818,0.0],[26.230595,45.257791,0.0],[26.23062,45.257718,0.0],[26.230358,45.25753,0.0],[26.230296,45.257478,0.0],[26.230284,45.257432,0.0],[26.230325,45.257378,0.0],[26.230399,45.257324,0.0],[26.230588,45.257334,0.0],[26.230718,45.257336,0.0],[26.23073,45.2573,0.0],[26.230656,45.257208,0.0],[26.230653,45.257172,0.0],[26.230686,45.257127,0.0],[26.230743,45.257103,0.0],[26.230857,45.257084,0.0],[26.230974,45.257048,0.0],[26.231001,45.256972,0.0],[26.230987,45.256922,0.0],[26.230921,45.256889,0.0],[26.230876,45.256891,0.0],[26.23084,45.256911,0.0],[26.230806,45.256987,0.0],[26.230766,45.257021,0.0],[26.230713,45.257021,0.0],[26.230678,45.257004,0.0],[26.230644,45.25695,0.0],[26.23064,45.256842,0.0],[26.230671,45.256777,0.0],[26.230793,45.256649,0.0],[26.23071,45.256552,0.0],[26.230691,45.256477,0.0],[26.230721,45.2564,0.0],[26.230779,45.256356,0.0],[26.230849,45.25633,0.0],[26.230912,45.256338,0.0],[26.231041,45.256409,0.0],[26.231105,45.25641,0.0],[26.231168,45.256385,0.0],[26.231354,45.25634,0.0],[26.231493,45.256362,0.0],[26.231331,45.25611,0.0],[26.23134,45.255958,0.0],[26.231314,45.255644,0.0],[26.23123,45.255366,0.0],[26.231228,45.255045,0.0],[26.231252,45.254892,0.0],[26.231273,45.25425,0.0],[26.231286,45.253921,0.0],[26.231249,45.253411,0.0],[26.231141,45.252895,0.0],[26.231136,45.252314,0.0],[26.231117,45.251999,0.0],[26.231084,45.251781,0.0],[26.23094,45.25131,0.0],[26.230847,45.25114,0.0],[26.230695,45.250996,0.0],[26.230552,45.250847,0.0],[26.23046,45.250748,0.0],[26.230372,45.250687,0.0],[26.230268,45.25064,0.0],[26.230067,45.250616,0.0],[26.229895,45.250617,0.0],[26.229811,45.250611,0.0],[26.229691,45.250584,0.0],[26.229583,45.25055,0.0],[26.229478,45.250486,0.0],[26.229407,45.250442,0.0],[26.229257,45.250392,0.0],[26.22918,45.250363,0.0],[26.229102,45.250317,0.0],[26.229036,45.250252,0.0],[26.228968,45.250156,0.0],[26.228929,45.250054,0.0],[26.228719,45.249746,0.0],[26.228634,45.249666,0.0],[26.228168,45.249175,0.0],[26.2278,45.248923,0.0],[26.227582,45.248565,0.0],[26.22739,45.24832,0.0],[26.227219,45.248107,0.0],[26.22713,45.247919,0.0],[26.227004,45.247731,0.0],[26.226961,45.247668,0.0],[26.226828,45.247528,0.0],[26.226735,45.24743,0.0],[26.226446,45.247188,0.0],[26.226338,45.247097,0.0],[26.226347,45.247005,0.0],[26.226355,45.246913,0.0],[26.226365,45.24681,0.0],[26.226359,45.246686,0.0],[26.226345,45.246351,0.0],[26.226231,45.245668,0.0],[26.226158,45.245269,0.0],[26.226085,45.24487,0.0],[26.226142,45.244373,0.0],[26.226355,45.244225,0.0],[26.226986,45.243725,0.0],[26.227647,45.243063,0.0],[26.228229,45.242525,0.0],[26.228689,45.242056,0.0],[26.228941,45.241857,0.0],[26.229175,45.241753,0.0],[26.229545,45.241691,0.0],[26.22997,45.24162,0.0],[26.230178,45.241521,0.0],[26.230675,45.24138,0.0],[26.230974,45.241128,0.0],[26.231191,45.240798,0.0],[26.232085,45.23994,0.0],[26.232456,45.239582,0.0],[26.233048,45.23992,0.0],[26.233459,45.240158,0.0],[26.233703,45.240223,0.0],[26.233868,45.240335,0.0],[26.234049,45.240408,0.0],[26.234026,45.240273,0.0],[26.234117,45.24005,0.0],[26.234188,45.239936,0.0],[26.234407,45.239744,0.0],[26.234434,45.239652,0.0],[26.234809,45.239612,0.0],[26.235081,45.239588,0.0],[26.235129,45.239549,0.0],[26.235139,45.239503,0.0],[26.235204,45.239497,0.0],[26.23529,45.239477,0.0],[26.235326,45.239418,0.0],[26.235379,45.239401,0.0],[26.235495,45.239478,0.0],[26.235603,45.239509,0.0],[26.235781,45.23959,0.0],[26.236119,45.239791,0.0],[26.236128,45.239823,0.0],[26.236078,45.239883,0.0],[26.236087,45.239919,0.0],[26.236154,45.239953,0.0],[26.236169,45.239987,0.0],[26.236155,45.240012,0.0],[26.235996,45.240035,0.0],[26.235818,45.240042,0.0],[26.235738,45.240139,0.0],[26.23564,45.240165,0.0],[26.235672,45.240245,0.0],[26.235848,45.240232,0.0],[26.235928,45.240261,0.0],[26.236063,45.24035,0.0],[26.236295,45.240249,0.0],[26.236531,45.240094,0.0],[26.23662,45.240098,0.0],[26.236666,45.240034,0.0],[26.236742,45.240002,0.0],[26.236938,45.239996,0.0],[26.236997,45.239963,0.0],[26.237054,45.239857,0.0],[26.237344,45.239853,0.0],[26.237467,45.239805,0.0],[26.237531,45.239858,0.0],[26.237596,45.239845,0.0],[26.237951,45.239693,0.0],[26.238232,45.23956,0.0],[26.238389,45.239474,0.0],[26.238539,45.239361,0.0],[26.238557,45.239454,0.0],[26.238677,45.239391,0.0],[26.238876,45.239265,0.0],[26.239174,45.239128,0.0],[26.23936,45.239031,0.0],[26.239595,45.2389,0.0],[26.239733,45.238827,0.0],[26.239939,45.238716,0.0],[26.240421,45.238577,0.0],[26.240547,45.238238,0.0],[26.240566,45.238,0.0],[26.240663,45.238008,0.0],[26.240856,45.238105,0.0],[26.241287,45.237784,0.0],[26.241729,45.237563,0.0],[26.242006,45.237425,0.0],[26.242061,45.237422,0.0],[26.242204,45.237024,0.0],[26.242113,45.236865,0.0],[26.242109,45.236774,0.0],[26.242205,45.236542,0.0],[26.24226,45.236354,0.0],[26.24246,45.236213,0.0],[26.242528,45.236137,0.0],[26.242557,45.23598,0.0],[26.242607,45.235815,0.0],[26.242742,45.235654,0.0],[26.242965,45.235494,0.0],[26.242665,45.235421,0.0],[26.242431,45.235367,0.0],[26.242186,45.235338,0.0],[26.242084,45.235304,0.0],[26.24193,45.235281,0.0],[26.241634,45.235251,0.0],[26.240611,45.235099,0.0],[26.239899,45.235008,0.0],[26.239399,45.234941,0.0],[26.239049,45.234874,0.0],[26.237863,45.23467,0.0],[26.237152,45.234609,0.0],[26.236697,45.234602,0.0],[26.23637,45.234572,0.0],[26.236198,45.23454,0.0],[26.235915,45.234491,0.0],[26.23566,45.234433,0.0],[26.235299,45.234261,0.0],[26.23502,45.234186,0.0],[26.23468,45.234131,0.0],[26.234133,45.234154,0.0],[26.23357,45.234046,0.0],[26.233692,45.233553,0.0],[26.233821,45.233151,0.0],[26.233973,45.23273,0.0],[26.234056,45.232308,0.0],[26.234088,45.232097,0.0],[26.234173,45.232098,0.0],[26.234436,45.232053,0.0],[26.234723,45.231964,0.0],[26.235176,45.231827,0.0],[26.235347,45.231792,0.0],[26.235416,45.231744,0.0],[26.235408,45.231551,0.0],[26.235324,45.231571,0.0],[26.235285,45.231529,0.0],[26.235288,45.231432,0.0],[26.235345,45.2314,0.0],[26.235523,45.231359,0.0],[26.235655,45.231327,0.0],[26.235758,45.231279,0.0],[26.235797,45.231209,0.0],[26.235769,45.231157,0.0],[26.235666,45.231173,0.0],[26.235618,45.231149,0.0],[26.235625,45.231107,0.0],[26.235712,45.231043,0.0],[26.236057,45.231013,0.0],[26.236155,45.230975,0.0],[26.236262,45.23087,0.0],[26.236323,45.230768,0.0],[26.236288,45.230593,0.0],[26.236306,45.23051,0.0],[26.236444,45.230429,0.0],[26.236657,45.230274,0.0],[26.236794,45.230219,0.0],[26.236919,45.230281,0.0],[26.237079,45.230229,0.0],[26.237317,45.230226,0.0],[26.237615,45.230211,0.0],[26.237783,45.230193,0.0],[26.237948,45.230217,0.0],[26.238148,45.230263,0.0],[26.238448,45.230361,0.0],[26.238622,45.23045,0.0],[26.23877,45.230462,0.0],[26.23886,45.230419,0.0],[26.238956,45.230332,0.0],[26.239141,45.230145,0.0],[26.239324,45.229974,0.0],[26.239369,45.229901,0.0],[26.239352,45.229818,0.0],[26.239301,45.229773,0.0],[26.239193,45.229764,0.0],[26.239101,45.229747,0.0],[26.239035,45.229686,0.0],[26.239052,45.229616,0.0],[26.239146,45.229535,0.0],[26.239838,45.229558,0.0],[26.240011,45.229516,0.0],[26.240429,45.229142,0.0],[26.240409,45.229096,0.0],[26.240301,45.229004,0.0],[26.240375,45.22873,0.0],[26.240408,45.228478,0.0],[26.240468,45.228347,0.0],[26.240388,45.228286,0.0],[26.240058,45.228143,0.0],[26.240152,45.22803,0.0],[26.240323,45.227838,0.0],[26.240714,45.227398,0.0],[26.241211,45.226818,0.0],[26.241752,45.226198,0.0],[26.242668,45.22516,0.0],[26.243266,45.224485,0.0],[26.243499,45.224226,0.0],[26.243569,45.224145,0.0],[26.243737,45.22405,0.0],[26.243862,45.224044,0.0],[26.243925,45.22396,0.0],[26.243934,45.223814,0.0],[26.243938,45.223483,0.0],[26.243998,45.223429,0.0],[26.244212,45.223438,0.0],[26.244422,45.223465,0.0],[26.24448,45.223523,0.0],[26.244471,45.22367,0.0],[26.244507,45.223775,0.0],[26.244705,45.223987,0.0],[26.24486,45.224129,0.0],[26.244997,45.224189,0.0],[26.245063,45.224217,0.0],[26.245147,45.224206,0.0],[26.245203,45.224123,0.0],[26.245282,45.223897,0.0],[26.245333,45.223633,0.0],[26.245391,45.223435,0.0],[26.245467,45.22336,0.0],[26.24551,45.223287,0.0],[26.245618,45.223217,0.0],[26.245731,45.223167,0.0],[26.245882,45.223155,0.0],[26.245996,45.223189,0.0],[26.246105,45.223208,0.0],[26.246185,45.223201,0.0],[26.246199,45.223157,0.0],[26.246075,45.223051,0.0],[26.245746,45.222785,0.0],[26.245657,45.222601,0.0],[26.245625,45.222449,0.0],[26.245569,45.222294,0.0],[26.24536,45.222163,0.0],[26.245206,45.222042,0.0],[26.245129,45.221951,0.0],[26.245108,45.221809,0.0],[26.245147,45.221529,0.0],[26.245218,45.221119,0.0],[26.245306,45.220818,0.0],[26.245594,45.220208,0.0],[26.2456,45.220187,0.0],[26.245598,45.219284,0.0],[26.24559,45.218981,0.0],[26.245586,45.21892,0.0],[26.245653,45.218891,0.0],[26.245789,45.218918,0.0],[26.245852,45.218978,0.0],[26.245998,45.219066,0.0],[26.246193,45.219151,0.0],[26.246179,45.218926,0.0],[26.246097,45.218815,0.0],[26.245985,45.218805,0.0],[26.245914,45.218769,0.0],[26.245928,45.218697,0.0],[26.245971,45.218629,0.0],[26.245998,45.218553,0.0],[26.245992,45.218507,0.0],[26.245944,45.21845,0.0],[26.245882,45.218402,0.0],[26.245814,45.218318,0.0],[26.24578,45.218265,0.0],[26.245785,45.218254,0.0],[26.24575,45.218095,0.0],[26.24585,45.217878,0.0],[26.245949,45.217657,0.0],[26.246042,45.217392,0.0],[26.246251,45.217222,0.0],[26.246434,45.217065,0.0],[26.246605,45.216966,0.0],[26.246722,45.216867,0.0],[26.246748,45.216712,0.0],[26.246823,45.216634,0.0],[26.24681,45.216557,0.0],[26.246699,45.216428,0.0],[26.246823,45.216268,0.0],[26.246834,45.216116,0.0],[26.246799,45.216065,0.0],[26.246777,45.215926,0.0],[26.246802,45.215683,0.0],[26.246479,45.215685,0.0],[26.246244,45.215716,0.0],[26.246075,45.215664,0.0],[26.246043,45.215607,0.0],[26.246098,45.215564,0.0],[26.246189,45.215507,0.0],[26.246261,45.215411,0.0],[26.246421,45.21505,0.0],[26.246591,45.21461,0.0],[26.246615,45.214335,0.0],[26.246762,45.213967,0.0],[26.247507,45.213747,0.0],[26.247851,45.213617,0.0],[26.248255,45.213453,0.0],[26.24861,45.213365,0.0],[26.248879,45.213384,0.0],[26.249198,45.213315,0.0],[26.249386,45.213224,0.0],[26.249798,45.212911,0.0],[26.249975,45.212648,0.0],[26.249961,45.212549,0.0],[26.249907,45.212305,0.0],[26.249923,45.212123,0.0],[26.249965,45.211915,0.0],[26.25001,45.211842,0.0],[26.250009,45.211778,0.0],[26.249883,45.211696,0.0],[26.24978,45.211614,0.0],[26.249631,45.211478,0.0],[26.249725,45.211459,0.0],[26.249769,45.211411,0.0],[26.249761,45.211345,0.0],[26.249706,45.211272,0.0],[26.249618,45.211209,0.0],[26.249618,45.211097,0.0],[26.249621,45.210916,0.0],[26.249703,45.210588,0.0],[26.249677,45.210378,0.0],[26.249735,45.210208,0.0],[26.24979,45.210018,0.0],[26.2497,45.209901,0.0],[26.249657,45.209816,0.0],[26.249714,45.20963,0.0],[26.249892,45.209113,0.0],[26.249984,45.208913,0.0],[26.250084,45.208829,0.0],[26.250286,45.208768,0.0],[26.25037,45.208765,0.0],[26.250449,45.208816,0.0],[26.250458,45.208906,0.0],[26.250362,45.209021,0.0],[26.250319,45.209104,0.0],[26.250338,45.209116,0.0],[26.250457,45.209086,0.0],[26.250673,45.208995,0.0],[26.250794,45.208927,0.0],[26.250847,45.208865,0.0],[26.250929,45.208681,0.0],[26.25098,45.208455,0.0],[26.250826,45.208442,0.0],[26.250674,45.208499,0.0],[26.2504,45.20864,0.0],[26.250305,45.208671,0.0],[26.250233,45.208651,0.0],[26.250203,45.208617,0.0],[26.250213,45.208552,0.0],[26.250281,45.208424,0.0],[26.250363,45.208335,0.0],[26.250396,45.208265,0.0],[26.25023,45.208077,0.0],[26.250287,45.207919,0.0],[26.250571,45.20707,0.0],[26.250561,45.206915,0.0],[26.250458,45.206667,0.0],[26.250217,45.206164,0.0],[26.249972,45.205626,0.0],[26.249931,45.205262,0.0],[26.249833,45.20473,0.0],[26.249938,45.204283,0.0],[26.249965,45.204011,0.0],[26.249915,45.20381,0.0],[26.249738,45.20347,0.0],[26.249523,45.203023,0.0],[26.249316,45.202449,0.0],[26.249218,45.202188,0.0],[26.24912,45.201927,0.0],[26.249074,45.201715,0.0],[26.249027,45.201502,0.0],[26.24903,45.201129,0.0],[26.2491,45.200703,0.0],[26.249202,45.200182,0.0],[26.249269,45.199901,0.0],[26.249504,45.199488,0.0],[26.24959,45.199282,0.0],[26.249712,45.19923,0.0],[26.249799,45.199238,0.0],[26.24987,45.199301,0.0],[26.249918,45.199382,0.0],[26.249932,45.199456,0.0],[26.249926,45.199487,0.0],[26.249932,45.199555,0.0],[26.249953,45.199639,0.0],[26.249994,45.199715,0.0],[26.250008,45.199762,0.0],[26.250032,45.199814,0.0],[26.250067,45.199959,0.0],[26.250223,45.200203,0.0],[26.250307,45.200302,0.0],[26.250388,45.200378,0.0],[26.250617,45.200521,0.0],[26.25072,45.200611,0.0],[26.250833,45.200779,0.0],[26.250895,45.200855,0.0],[26.250952,45.200916,0.0],[26.25109,45.201038,0.0],[26.2512,45.201118,0.0],[26.251316,45.201217,0.0],[26.251438,45.201301,0.0],[26.251492,45.201325,0.0],[26.251651,45.201426,0.0],[26.25174,45.201459,0.0],[26.251818,45.201474,0.0],[26.251926,45.201476,0.0],[26.25198,45.201464,0.0],[26.252077,45.201422,0.0],[26.252174,45.20134,0.0],[26.252244,45.201247,0.0],[26.25226,45.201186,0.0],[26.252306,45.20114,0.0],[26.25243,45.201064,0.0],[26.25254,45.20102,0.0],[26.252594,45.201013,0.0],[26.252648,45.201022,0.0],[26.252764,45.201077,0.0],[26.252843,45.201074,0.0],[26.252856,45.201058,0.0],[26.252845,45.201026,0.0],[26.252759,45.20095,0.0],[26.252764,45.200927,0.0],[26.252789,45.200915,0.0],[26.252853,45.20091,0.0],[26.252907,45.200913,0.0],[26.252983,45.200942,0.0],[26.253069,45.200951,0.0],[26.253101,45.200951,0.0],[26.253177,45.200925,0.0],[26.253436,45.200928,0.0],[26.253932,45.200991,0.0],[26.254169,45.201013,0.0],[26.254439,45.201043,0.0],[26.254622,45.201073,0.0],[26.254838,45.20113,0.0],[26.254914,45.201142,0.0],[26.255173,45.201202,0.0],[26.255278,45.201218,0.0],[26.255453,45.201222,0.0],[26.255723,45.2012,0.0],[26.256154,45.201202,0.0],[26.256381,45.201233,0.0],[26.256421,45.201242,0.0],[26.256451,45.201261,0.0],[26.256464,45.201322,0.0],[26.256551,45.201566,0.0],[26.256578,45.201749,0.0],[26.256562,45.201802,0.0],[26.256519,45.201863,0.0],[26.256424,45.201961,0.0],[26.256379,45.202024,0.0],[26.256293,45.202191,0.0],[26.256158,45.20239,0.0],[26.25612,45.202466,0.0],[26.256026,45.202717,0.0],[26.255991,45.202786,0.0],[26.255988,45.202817,0.0],[26.255961,45.202855,0.0],[26.255942,45.2029,0.0],[26.255883,45.202984,0.0],[26.255749,45.203266,0.0],[26.255663,45.203427,0.0],[26.255555,45.203632,0.0],[26.25538,45.204006,0.0],[26.255299,45.204143,0.0],[26.255267,45.204212,0.0],[26.255264,45.20425,0.0],[26.255278,45.204364,0.0],[26.25531,45.204448,0.0],[26.255434,45.204646,0.0],[26.255521,45.204845,0.0],[26.255621,45.204989,0.0],[26.255712,45.205066,0.0],[26.255769,45.205149,0.0],[26.25581,45.205249,0.0],[26.255845,45.205302,0.0],[26.255839,45.205321,0.0],[26.255856,45.205359,0.0],[26.25588,45.205473,0.0],[26.255883,45.205595,0.0],[26.255848,45.205736,0.0],[26.255824,45.205927,0.0],[26.255826,45.205942,0.0],[26.255878,45.206003,0.0],[26.255886,45.206072,0.0],[26.255808,45.206255,0.0],[26.255813,45.206331,0.0],[26.255848,45.206484,0.0],[26.25584,45.206583,0.0],[26.255865,45.20675,0.0],[26.255835,45.206819,0.0],[26.255806,45.206857,0.0],[26.255703,45.206911,0.0],[26.255649,45.206975,0.0],[26.255628,45.207048,0.0],[26.255628,45.207086,0.0],[26.255647,45.207162,0.0],[26.255658,45.207193,0.0],[26.255663,45.207307,0.0],[26.255682,45.207406,0.0],[26.255734,45.207506,0.0],[26.255758,45.207543,0.0],[26.255755,45.20765,0.0],[26.255787,45.207719,0.0],[26.255849,45.20781,0.0],[26.255944,45.207867,0.0],[26.255955,45.20789,0.0],[26.255947,45.207919,0.0],[26.255887,45.207957,0.0],[26.25585,45.208001,0.0],[26.255852,45.208054,0.0],[26.255848,45.208086,0.0],[26.255864,45.208113,0.0],[26.25587,45.208151,0.0],[26.255896,45.20822,0.0],[26.255912,45.208335,0.0],[26.25596,45.208487,0.0],[26.256,45.208541,0.0],[26.256033,45.208564,0.0],[26.256119,45.208608,0.0],[26.256205,45.208638,0.0],[26.256324,45.208669,0.0],[26.256351,45.208683,0.0],[26.256405,45.208692,0.0],[26.256664,45.208729,0.0],[26.256804,45.208736,0.0],[26.257041,45.208725,0.0],[26.257225,45.2087,0.0],[26.257311,45.20868,0.0],[26.257452,45.208619,0.0],[26.257506,45.208608,0.0],[26.257732,45.208609,0.0],[26.257797,45.208616,0.0],[26.257894,45.208636,0.0],[26.25798,45.208664,0.0],[26.258032,45.208689,0.0],[26.258126,45.208753,0.0],[26.258231,45.208837,0.0],[26.258349,45.20891,0.0],[26.258543,45.208981,0.0],[26.258632,45.208998,0.0],[26.258783,45.208997,0.0],[26.258859,45.20898,0.0],[26.258967,45.208938,0.0],[26.259237,45.208792,0.0],[26.259345,45.208758,0.0],[26.25938,45.208724,0.0],[26.259391,45.20868,0.0],[26.259429,45.208604,0.0],[26.259546,45.208505,0.0],[26.259581,45.208486,0.0],[26.259643,45.208477,0.0],[26.259751,45.208485,0.0],[26.259794,45.208492,0.0],[26.259934,45.20854,0.0],[26.26001,45.208542,0.0],[26.260085,45.208531,0.0],[26.260172,45.208505,0.0],[26.260239,45.20845,0.0],[26.260274,45.208431,0.0],[26.260323,45.208416,0.0],[26.260409,45.208402,0.0],[26.260614,45.208409,0.0],[26.26069,45.208411,0.0],[26.26097,45.20844,0.0],[26.261208,45.208452,0.0],[26.261445,45.208482,0.0],[26.261823,45.2085,0.0],[26.262071,45.208531,0.0],[26.262233,45.20856,0.0],[26.262297,45.208578,0.0],[26.262405,45.208595,0.0],[26.26261,45.208645,0.0],[26.262869,45.208692,0.0],[26.263041,45.20874,0.0],[26.263324,45.208861,0.0],[26.263462,45.208905,0.0],[26.263904,45.209005,0.0],[26.264173,45.209078,0.0],[26.264365,45.209117,0.0],[26.264594,45.209181,0.0],[26.264731,45.209234,0.0],[26.264788,45.20925,0.0],[26.264809,45.209242,0.0],[26.264847,45.209208,0.0],[26.265021,45.208978,0.0],[26.265262,45.208582,0.0],[26.265355,45.208399,0.0],[26.265409,45.208293,0.0],[26.265498,45.208167,0.0],[26.265529,45.208063,0.0],[26.265562,45.208022,0.0],[26.265653,45.207948,0.0],[26.26571,45.207887,0.0],[26.265753,45.207874,0.0],[26.265815,45.207874,0.0],[26.265869,45.207893,0.0],[26.266012,45.207999,0.0],[26.266093,45.208024,0.0],[26.26615,45.208026,0.0],[26.266182,45.208018,0.0],[26.266279,45.207984,0.0],[26.266352,45.207934,0.0],[26.266387,45.207894,0.0],[26.266446,45.207795,0.0],[26.266449,45.207757,0.0],[26.266405,45.207698,0.0],[26.266322,45.207643,0.0],[26.266292,45.207612,0.0],[26.266281,45.207593,0.0],[26.266281,45.207563,0.0],[26.266292,45.207517,0.0],[26.266316,45.207494,0.0],[26.266349,45.207475,0.0],[26.266424,45.207448,0.0],[26.266451,45.207427,0.0],[26.266451,45.207418,0.0],[26.266411,45.207374,0.0],[26.266478,45.207265,0.0],[26.266596,45.207166,0.0],[26.266607,45.207143,0.0],[26.266596,45.20709,0.0],[26.266613,45.207067,0.0],[26.266637,45.207056,0.0],[26.266672,45.207054,0.0],[26.266726,45.207069,0.0],[26.266791,45.207073,0.0],[26.266834,45.207052,0.0],[26.266861,45.20701,0.0],[26.266844,45.206957,0.0],[26.266844,45.206934,0.0],[26.266858,45.206903,0.0],[26.266931,45.206854,0.0],[26.267092,45.206781,0.0],[26.267135,45.206741,0.0],[26.267181,45.206655,0.0],[26.267195,45.206587,0.0],[26.267208,45.206564,0.0],[26.267208,45.206495,0.0],[26.267221,45.206457,0.0],[26.267359,45.206343,0.0],[26.267407,45.206259,0.0],[26.267429,45.206183,0.0],[26.267456,45.206152,0.0],[26.26751,45.206114,0.0],[26.267636,45.206047,0.0],[26.267723,45.206011,0.0],[26.267895,45.205965,0.0],[26.268165,45.205877,0.0],[26.26865,45.20577,0.0],[26.268812,45.205706,0.0],[26.268887,45.205686,0.0],[26.268963,45.205688,0.0],[26.269025,45.205711,0.0],[26.269165,45.205793,0.0],[26.269211,45.205812,0.0],[26.269273,45.205854,0.0],[26.269478,45.205959,0.0],[26.26988,45.206151,0.0],[26.270021,45.206227,0.0],[26.270177,45.206298,0.0],[26.270228,45.206326,0.0],[26.270425,45.206463,0.0],[26.270533,45.206563,0.0],[26.270625,45.206627,0.0],[26.270893,45.206746,0.0],[26.271003,45.206797,0.0],[26.271313,45.206907,0.0],[26.27139,45.206926,0.0],[26.27172,45.207019,0.0],[26.271847,45.207048,0.0],[26.271958,45.207059,0.0],[26.272109,45.20709,0.0],[26.272184,45.207094,0.0],[26.272271,45.207069,0.0],[26.272451,45.206945,0.0],[26.272486,45.20693,0.0],[26.272529,45.206928,0.0],[26.272635,45.206956,0.0],[26.272799,45.206985,0.0],[26.272929,45.20699,0.0],[26.273091,45.206948,0.0],[26.273231,45.206903,0.0],[26.273285,45.206899,0.0],[26.273317,45.206906,0.0],[26.273336,45.206918,0.0],[26.273398,45.207015,0.0],[26.273452,45.207068,0.0],[26.273546,45.207129,0.0],[26.273627,45.207158,0.0],[26.273722,45.207173,0.0],[26.274054,45.207205,0.0],[26.274226,45.20722,0.0],[26.274348,45.207222,0.0],[26.274509,45.207209,0.0],[26.27465,45.207182,0.0],[26.274693,45.207171,0.0],[26.274984,45.207058,0.0],[26.275049,45.207047,0.0],[26.275275,45.206976,0.0],[26.275728,45.206867,0.0],[26.275825,45.206839,0.0],[26.276105,45.206783,0.0],[26.276408,45.206752,0.0],[26.276623,45.206712,0.0],[26.276688,45.206711,0.0],[26.276774,45.206703,0.0],[26.277152,45.206699,0.0],[26.277378,45.206687,0.0],[26.277745,45.206681,0.0],[26.277907,45.206666,0.0],[26.278026,45.206643,0.0],[26.278079,45.206624,0.0],[26.278233,45.206506,0.0],[26.278327,45.206462,0.0],[26.278403,45.206439,0.0],[26.278532,45.206422,0.0],[26.278716,45.206426,0.0],[26.278845,45.206445,0.0],[26.278996,45.206481,0.0],[26.279263,45.206561,0.0],[26.279471,45.206601,0.0],[26.279547,45.206608,0.0],[26.279601,45.2066,0.0],[26.279723,45.206585,0.0],[26.279799,45.206582,0.0],[26.279842,45.206591,0.0],[26.279928,45.206593,0.0],[26.279961,45.206602,0.0],[26.279977,45.206598,0.0],[26.280291,45.206649,0.0],[26.280474,45.206669,0.0],[26.280512,45.20668,0.0],[26.280804,45.206727,0.0],[26.281085,45.206801,0.0],[26.281117,45.206802,0.0],[26.281231,45.206853,0.0],[26.281328,45.20688,0.0],[26.281686,45.207016,0.0],[26.282157,45.207262,0.0],[26.282355,45.207351,0.0],[26.282409,45.20737,0.0],[26.282452,45.207377,0.0],[26.282487,45.207381,0.0],[26.282714,45.207377,0.0],[26.282962,45.207387,0.0],[26.283264,45.207386,0.0],[26.283405,45.207365,0.0],[26.28362,45.207292,0.0],[26.283739,45.207274,0.0],[26.283782,45.207278,0.0],[26.283793,45.20727,0.0],[26.283987,45.207281,0.0],[26.284171,45.207309,0.0],[26.284503,45.207342,0.0],[26.284657,45.207343,0.0],[26.284775,45.207322,0.0],[26.284948,45.207308,0.0],[26.285078,45.207315,0.0],[26.28513,45.207326,0.0],[26.285207,45.207332,0.0],[26.285367,45.20737,0.0],[26.285564,45.207398,0.0],[26.285824,45.20746,0.0],[26.28591,45.207465,0.0],[26.286029,45.207463,0.0],[26.286093,45.207455,0.0],[26.286212,45.207426,0.0],[26.286266,45.207401,0.0],[26.286363,45.207342,0.0],[26.28646,45.207309,0.0],[26.286503,45.207284,0.0],[26.286621,45.207236,0.0],[26.286847,45.207155,0.0],[26.286869,45.207153,0.0],[26.287224,45.207011,0.0],[26.287386,45.206971,0.0],[26.287515,45.206955,0.0],[26.287612,45.206951,0.0],[26.287731,45.206931,0.0],[26.287817,45.206912,0.0],[26.287936,45.20687,0.0],[26.288086,45.206802,0.0],[26.288172,45.206756,0.0],[26.288355,45.206678,0.0],[26.288657,45.206576,0.0],[26.288797,45.206516,0.0],[26.288883,45.206464,0.0],[26.28899,45.206374,0.0],[26.289044,45.206351,0.0],[26.289163,45.206319,0.0],[26.289271,45.206299,0.0],[26.289486,45.206276,0.0],[26.289648,45.20622,0.0],[26.289713,45.206193,0.0],[26.289852,45.206116,0.0],[26.290046,45.205984,0.0],[26.290331,45.205772,0.0],[26.2904,45.205731,0.0],[26.290497,45.205691,0.0],[26.290605,45.205645,0.0],[26.290713,45.205627,0.0],[26.29081,45.205627,0.0],[26.290939,45.205589,0.0],[26.291025,45.20555,0.0],[26.291068,45.205518,0.0],[26.291117,45.205495,0.0],[26.291267,45.205397,0.0],[26.291472,45.205303,0.0],[26.291676,45.205245,0.0],[26.291892,45.205164,0.0],[26.291989,45.205143,0.0],[26.292183,45.205135,0.0],[26.292345,45.205146,0.0],[26.292647,45.205145,0.0],[26.29282,45.205112,0.0],[26.292982,45.205096,0.0],[26.293101,45.205116,0.0],[26.293266,45.205183,0.0],[26.293509,45.205264,0.0],[26.293566,45.205271,0.0],[26.293652,45.205271,0.0],[26.293706,45.205261,0.0],[26.293814,45.205219,0.0],[26.293897,45.205163,0.0],[26.294015,45.205016,0.0],[26.294092,45.204871,0.0],[26.294191,45.204741,0.0],[26.294325,45.204603,0.0],[26.29454,45.204445,0.0],[26.294623,45.204395,0.0],[26.294704,45.204362,0.0],[26.294941,45.20431,0.0],[26.295103,45.204265,0.0],[26.295318,45.204169,0.0],[26.295458,45.204121,0.0],[26.295513,45.204112,0.0],[26.29562,45.204086,0.0],[26.295825,45.204074,0.0],[26.296084,45.204049,0.0],[26.296213,45.204027,0.0],[26.296407,45.203981,0.0],[26.296623,45.203942,0.0],[26.296882,45.203907,0.0],[26.297065,45.203891,0.0],[26.297151,45.203877,0.0],[26.297248,45.203847,0.0],[26.297313,45.203835,0.0],[26.298014,45.203737,0.0],[26.298273,45.203693,0.0],[26.298445,45.203642,0.0],[26.298661,45.203598,0.0],[26.29893,45.203532,0.0],[26.299124,45.203505,0.0],[26.299351,45.203464,0.0],[26.299545,45.20342,0.0],[26.29989,45.203329,0.0],[26.299997,45.203279,0.0],[26.300245,45.203133,0.0],[26.300395,45.203064,0.0],[26.300525,45.203018,0.0],[26.300589,45.202983,0.0],[26.300632,45.202968,0.0],[26.300686,45.20296,0.0],[26.300783,45.202931,0.0],[26.30088,45.202911,0.0],[26.30116,45.202842,0.0],[26.30129,45.2028,0.0],[26.301429,45.202731,0.0],[26.301537,45.202658,0.0],[26.301623,45.202612,0.0],[26.301709,45.202581,0.0],[26.301914,45.202548,0.0],[26.302162,45.202534,0.0],[26.302356,45.202489,0.0],[26.30241,45.20247,0.0],[26.30248,45.202418,0.0],[26.302603,45.202212,0.0],[26.30267,45.202151,0.0],[26.30271,45.20212,0.0],[26.302772,45.202088,0.0],[26.302855,45.202072,0.0],[26.302863,45.202073,0.0],[26.302888,45.202074,0.0],[26.302912,45.202093,0.0],[26.302981,45.202249,0.0],[26.303087,45.202432,0.0],[26.303169,45.202591,0.0],[26.303167,45.202599,0.0],[26.303254,45.202728,0.0],[26.303352,45.202934,0.0],[26.303385,45.20298,0.0],[26.303604,45.203368,0.0],[26.303713,45.20352,0.0],[26.303732,45.203565,0.0],[26.303738,45.203603,0.0],[26.303725,45.203783,0.0],[26.303731,45.203874,0.0],[26.30383,45.204079,0.0],[26.30395,45.20427,0.0],[26.303978,45.20433,0.0],[26.304087,45.204544,0.0],[26.304122,45.204597,0.0],[26.30416,45.204635,0.0],[26.304414,45.204954,0.0],[26.304936,45.205585,0.0],[26.305018,45.205699,0.0],[26.306156,45.207113,0.0],[26.306469,45.207485,0.0],[26.306518,45.207554,0.0],[26.306586,45.207626,0.0],[26.306657,45.207725,0.0],[26.306728,45.207801,0.0],[26.306733,45.207816,0.0],[26.306818,45.207907,0.0],[26.306875,45.207983,0.0],[26.306891,45.207991,0.0],[26.306957,45.20806,0.0],[26.306974,45.208136,0.0],[26.307041,45.20825,0.0],[26.307122,45.208357,0.0],[26.307179,45.208393,0.0],[26.30729,45.208439,0.0],[26.307373,45.208486,0.0],[26.307436,45.208547,0.0],[26.30749,45.208616,0.0],[26.307638,45.208742,0.0],[26.307711,45.208778,0.0],[26.307757,45.208814,0.0],[26.307965,45.208946,0.0],[26.308222,45.209138,0.0],[26.308244,45.209161,0.0],[26.308287,45.20918,0.0],[26.308627,45.209409,0.0],[26.309062,45.209685,0.0],[26.310108,45.210403,0.0],[26.310251,45.210495,0.0],[26.310513,45.210647,0.0],[26.310726,45.210807,0.0],[26.31078,45.210834,0.0],[26.31094,45.210937,0.0],[26.310991,45.21097,0.0],[26.311028,45.210965,0.0],[26.311093,45.210931,0.0],[26.311839,45.210503,0.0],[26.312006,45.210418,0.0],[26.312196,45.210304,0.0],[26.312671,45.210042,0.0],[26.312688,45.210023,0.0],[26.312731,45.210008,0.0],[26.313044,45.209835,0.0],[26.313423,45.209615,0.0],[26.313942,45.209326,0.0],[26.314007,45.2093,0.0],[26.314061,45.209262,0.0],[26.314261,45.209151,0.0],[26.314285,45.209121,0.0],[26.314293,45.209092,0.0],[26.314509,45.208731,0.0],[26.314559,45.208754,0.0],[26.314621,45.208782,0.0],[26.315138,45.209049,0.0],[26.315569,45.209246,0.0],[26.315733,45.209338,0.0],[26.315824,45.209397,0.0],[26.316131,45.20956,0.0],[26.316495,45.209753,0.0],[26.3167,45.209847,0.0],[26.316818,45.209916,0.0],[26.317109,45.210106,0.0],[26.317273,45.210194,0.0],[26.317305,45.210232,0.0],[26.317308,45.210247,0.0],[26.317308,45.210285,0.0],[26.317294,45.21032,0.0],[26.317272,45.210457,0.0],[26.31728,45.21051,0.0],[26.31732,45.210527,0.0],[26.317358,45.210529,0.0],[26.317434,45.210509,0.0],[26.31752,45.210471,0.0],[26.317585,45.210467,0.0],[26.317698,45.210521,0.0],[26.317811,45.210591,0.0],[26.317878,45.210645,0.0],[26.317994,45.210722,0.0],[26.318024,45.210752,0.0],[26.318018,45.210781,0.0],[26.317978,45.210798,0.0],[26.317805,45.210818,0.0],[26.317745,45.21083,0.0],[26.317697,45.210847,0.0],[26.317637,45.210887,0.0],[26.317632,45.210902,0.0],[26.317635,45.210915,0.0],[26.317656,45.210929,0.0],[26.317732,45.210944,0.0],[26.317832,45.210937,0.0],[26.317939,45.210941,0.0],[26.317993,45.210954,0.0],[26.318047,45.210987,0.0],[26.318058,45.211012,0.0],[26.318071,45.211126,0.0],[26.318068,45.211305,0.0],[26.31804,45.211526,0.0],[26.318056,45.211595,0.0],[26.318056,45.211633,0.0],[26.318088,45.211679,0.0],[26.318166,45.211721,0.0],[26.31822,45.211742,0.0],[26.318255,45.211771,0.0],[26.318268,45.211786,0.0],[26.318279,45.211824,0.0],[26.318273,45.21187,0.0],[26.318235,45.211961,0.0],[26.318243,45.212038,0.0],[26.318219,45.212114,0.0],[26.318151,45.21219,0.0],[26.318013,45.212297,0.0],[26.317934,45.212391,0.0],[26.317945,45.212464,0.0],[26.317972,45.212518,0.0],[26.318023,45.212586,0.0],[26.318109,45.212655,0.0],[26.318284,45.212759,0.0],[26.318405,45.212866,0.0],[26.318456,45.212894,0.0],[26.318548,45.212896,0.0],[26.318599,45.212866,0.0],[26.318629,45.212809,0.0],[26.318635,45.212725,0.0],[26.318681,45.212691,0.0],[26.319174,45.212698,0.0],[26.319217,45.2127,0.0],[26.319314,45.212717,0.0],[26.319549,45.212813,0.0],[26.319727,45.212926,0.0],[26.319778,45.212928,0.0],[26.319816,45.212901,0.0],[26.319856,45.212842,0.0],[26.319873,45.212804,0.0],[26.319884,45.212736,0.0],[26.319884,45.212682,0.0],[26.319868,45.212629,0.0],[26.319876,45.212591,0.0],[26.320003,45.212513,0.0],[26.320028,45.212469,0.0],[26.32006,45.212431,0.0],[26.320093,45.212412,0.0],[26.320147,45.212393,0.0],[26.320254,45.212372,0.0],[26.320362,45.212365,0.0],[26.320535,45.212365,0.0],[26.320589,45.212373,0.0],[26.320672,45.2124,0.0],[26.320721,45.212434,0.0],[26.320737,45.212463,0.0],[26.320758,45.212516,0.0],[26.32079,45.212677,0.0],[26.320852,45.212875,0.0],[26.320926,45.213081,0.0],[26.320991,45.213196,0.0],[26.321015,45.213209,0.0],[26.321048,45.213203,0.0],[26.321053,45.213194,0.0],[26.321056,45.213127,0.0],[26.321037,45.21302,0.0],[26.321051,45.212929,0.0],[26.321065,45.212906,0.0],[26.321075,45.212902,0.0],[26.321127,45.212904,0.0],[26.321156,45.212918,0.0],[26.321308,45.213085,0.0],[26.321377,45.21317,0.0],[26.321495,45.213277,0.0],[26.321519,45.213307,0.0],[26.32153,45.21333,0.0],[26.32153,45.213414,0.0],[26.32154,45.213445,0.0],[26.321562,45.213475,0.0],[26.321581,45.213489,0.0],[26.321627,45.213496,0.0],[26.32167,45.213489,0.0],[26.321694,45.213462,0.0],[26.321708,45.213418,0.0],[26.321738,45.213399,0.0],[26.321773,45.213398,0.0],[26.321794,45.213403,0.0],[26.321853,45.21344,0.0],[26.321888,45.213507,0.0],[26.321917,45.213659,0.0],[26.321952,45.213705,0.0],[26.321993,45.213728,0.0],[26.322084,45.213751,0.0],[26.322343,45.213767,0.0],[26.322581,45.213792,0.0],[26.322635,45.21379,0.0],[26.32271,45.213779,0.0],[26.322764,45.213754,0.0],[26.322835,45.213684,0.0],[26.322853,45.21368,0.0],[26.322902,45.213684,0.0],[26.322948,45.213699,0.0],[26.323107,45.213782,0.0],[26.323279,45.213887,0.0],[26.323389,45.213945,0.0],[26.323686,45.214077,0.0],[26.323769,45.214132,0.0],[26.32385,45.214201,0.0],[26.32396,45.214316,0.0],[26.324073,45.214469,0.0],[26.324105,45.214499,0.0],[26.324156,45.214576,0.0],[26.324169,45.214614,0.0],[26.324158,45.21472,0.0],[26.324066,45.214941,0.0],[26.324041,45.21504,0.0],[26.324041,45.215071,0.0],[26.324014,45.215162,0.0],[26.324008,45.215223,0.0],[26.324016,45.215368,0.0],[26.324059,45.215536,0.0],[26.324083,45.215597,0.0],[26.324299,45.215748,0.0],[26.324702,45.216041,0.0],[26.324842,45.216133,0.0],[26.325364,45.216418,0.0],[26.325649,45.216596,0.0],[26.325749,45.216648,0.0],[26.325924,45.216755,0.0],[26.326021,45.216837,0.0],[26.326069,45.216898,0.0],[26.326106,45.216936,0.0],[26.326223,45.21692,0.0],[26.326418,45.216872,0.0],[26.326493,45.216861,0.0],[26.326644,45.216823,0.0],[26.326731,45.216808,0.0],[26.326893,45.216763,0.0],[26.326928,45.21673,0.0],[26.32695,45.216679,0.0],[26.326966,45.216603,0.0],[26.326966,45.216496,0.0],[26.327013,45.216328,0.0],[26.327029,45.216313,0.0],[26.327121,45.216283,0.0],[26.327488,45.216198,0.0],[26.327553,45.21619,0.0],[26.327672,45.216198,0.0],[26.327917,45.216235,0.0],[26.328373,45.216278,0.0],[26.328535,45.216301,0.0],[26.328823,45.216351,0.0],[26.329084,45.216437,0.0],[26.329257,45.216498,0.0],[26.329416,45.216559,0.0],[26.329642,45.216633,0.0],[26.329869,45.216699,0.0],[26.330292,45.216799,0.0],[26.330481,45.216879,0.0],[26.330793,45.21705,0.0],[26.330944,45.217122,0.0],[26.331213,45.217245,0.0],[26.331367,45.217291,0.0],[26.331432,45.217297,0.0],[26.331488,45.217297,0.0],[26.331704,45.217235,0.0],[26.331888,45.217206,0.0],[26.331996,45.21721,0.0],[26.332017,45.217207,0.0],[26.332071,45.217214,0.0],[26.332298,45.217263,0.0],[26.332578,45.217366,0.0],[26.332661,45.217412,0.0],[26.332812,45.217557,0.0],[26.332914,45.21763,0.0],[26.333092,45.217712,0.0],[26.333327,45.21778,0.0],[26.333488,45.217803,0.0],[26.333737,45.217817,0.0],[26.333834,45.217828,0.0],[26.334406,45.217835,0.0],[26.3346,45.217846,0.0],[26.334676,45.217853,0.0],[26.33487,45.217853,0.0],[26.334924,45.217838,0.0],[26.334962,45.217806,0.0],[26.334986,45.217722,0.0],[26.334978,45.217707,0.0],[26.334968,45.217539,0.0],[26.334909,45.217297,0.0],[26.334893,45.217203,0.0],[26.334896,45.217165,0.0],[26.334918,45.217112,0.0],[26.334953,45.217074,0.0],[26.335094,45.217003,0.0],[26.335266,45.216943,0.0],[26.335364,45.216928,0.0],[26.335526,45.216928,0.0],[26.335655,45.21694,0.0],[26.335871,45.216948,0.0],[26.336097,45.216948,0.0],[26.336302,45.216934,0.0],[26.336486,45.216896,0.0],[26.336605,45.21685,0.0],[26.336702,45.216765,0.0],[26.336735,45.216727,0.0],[26.336792,45.216574,0.0],[26.336835,45.216529,0.0],[26.336881,45.216504,0.0],[26.337011,45.216464,0.0],[26.337248,45.216407,0.0],[26.337313,45.216396,0.0],[26.337367,45.216394,0.0],[26.337594,45.216351,0.0],[26.337831,45.216321,0.0],[26.338047,45.216253,0.0],[26.338231,45.216215,0.0],[26.33835,45.216181,0.0],[26.338577,45.216128,0.0],[26.338695,45.216101,0.0],[26.338761,45.216093,0.0],[26.338793,45.216083,0.0],[26.339257,45.216043,0.0],[26.339634,45.21604,0.0],[26.339991,45.215999,0.0],[26.340163,45.216,0.0],[26.340268,45.216017,0.0],[26.34039,45.216027,0.0],[26.340854,45.216012,0.0],[26.34094,45.216015,0.0],[26.341027,45.216028,0.0],[26.341199,45.216072,0.0],[26.341307,45.216092,0.0],[26.341426,45.216101,0.0],[26.341512,45.2161,0.0],[26.341587,45.216088,0.0],[26.341674,45.216058,0.0],[26.341955,45.215912,0.0],[26.342041,45.215874,0.0],[26.342117,45.21583,0.0],[26.342234,45.215794,0.0],[26.342298,45.215774,0.0],[26.342352,45.215738,0.0],[26.342446,45.215653,0.0],[26.342654,45.215541,0.0],[26.342751,45.215505,0.0],[26.342903,45.215461,0.0],[26.34327,45.215399,0.0],[26.343497,45.215378,0.0],[26.343821,45.21539,0.0],[26.344047,45.215431,0.0],[26.344166,45.215433,0.0],[26.344285,45.215401,0.0],[26.344469,45.215321,0.0],[26.344587,45.215277,0.0],[26.344976,45.215164,0.0],[26.345149,45.21513,0.0],[26.345343,45.215117,0.0],[26.345505,45.215094,0.0],[26.345613,45.215087,0.0],[26.345721,45.215064,0.0],[26.345818,45.215053,0.0],[26.345894,45.215026,0.0],[26.345967,45.214981,0.0],[26.34604,45.214909,0.0],[26.346094,45.214825,0.0],[26.346132,45.214749,0.0],[26.346159,45.21465,0.0],[26.346196,45.214566,0.0],[26.346277,45.214459,0.0],[26.34648,45.214231,0.0],[26.346618,45.214041,0.0],[26.346701,45.213957,0.0],[26.346869,45.21382,0.0],[26.346927,45.213786,0.0],[26.347066,45.213716,0.0],[26.347368,45.213596,0.0],[26.347455,45.213549,0.0],[26.347517,45.213501,0.0],[26.347617,45.213395,0.0],[26.347654,45.213311,0.0],[26.347665,45.213227,0.0],[26.347703,45.213166,0.0],[26.34776,45.213106,0.0],[26.347865,45.213033,0.0],[26.347946,45.213007,0.0],[26.348151,45.212971,0.0],[26.348291,45.212908,0.0],[26.348354,45.212867,0.0],[26.348389,45.212834,0.0],[26.34847,45.212714,0.0],[26.348529,45.212646,0.0],[26.348686,45.212425,0.0],[26.348742,45.212357,0.0],[26.348783,45.212311,0.0],[26.348926,45.212182,0.0],[26.348996,45.21214,0.0],[26.349037,45.212131,0.0],[26.34922,45.212138,0.0],[26.349285,45.212148,0.0],[26.349393,45.212179,0.0],[26.349458,45.212185,0.0],[26.349771,45.212238,0.0],[26.350041,45.21226,0.0],[26.350354,45.21227,0.0],[26.350807,45.212273,0.0],[26.350862,45.212265,0.0],[26.351358,45.212272,0.0],[26.351412,45.212281,0.0],[26.351455,45.212298,0.0],[26.351518,45.212333,0.0],[26.351653,45.212434,0.0],[26.351769,45.212518,0.0],[26.351906,45.212574,0.0],[26.352022,45.212602,0.0],[26.352098,45.212614,0.0],[26.35233,45.212626,0.0],[26.352446,45.212664,0.0],[26.352511,45.212693,0.0],[26.353207,45.2131,0.0],[26.353359,45.21318,0.0],[26.353599,45.213289,0.0],[26.35382,45.213404,0.0],[26.354012,45.213507,0.0],[26.354336,45.213696,0.0],[26.354673,45.213851,0.0],[26.354857,45.213943,0.0],[26.355041,45.214044,0.0],[26.355208,45.214115,0.0],[26.355359,45.214151,0.0],[26.35551,45.214167,0.0],[26.355942,45.214162,0.0],[26.356083,45.214181,0.0],[26.356212,45.214217,0.0],[26.356272,45.214263,0.0],[26.356336,45.214355,0.0],[26.356374,45.214368,0.0],[26.356407,45.214366,0.0],[26.356536,45.214286,0.0],[26.35658,45.214273,0.0],[26.356666,45.214262,0.0],[26.356817,45.214255,0.0],[26.356849,45.214245,0.0],[26.356871,45.214234,0.0],[26.356909,45.214192,0.0],[26.356896,45.214127,0.0],[26.356906,45.214112,0.0],[26.356898,45.213998,0.0],[26.356914,45.213876,0.0],[26.356903,45.213738,0.0],[26.356914,45.213571,0.0],[26.356901,45.213502,0.0],[26.356879,45.213456,0.0],[26.356766,45.213266,0.0],[26.356728,45.213222,0.0],[26.356652,45.213147,0.0],[26.356566,45.21309,0.0],[26.356488,45.213008,0.0],[26.356439,45.212907,0.0],[26.356388,45.212823,0.0],[26.356201,45.212579,0.0],[26.355937,45.212268,0.0],[26.35574,45.211969,0.0],[26.355632,45.211837,0.0],[26.355559,45.211783,0.0],[26.355408,45.21172,0.0],[26.355224,45.211627,0.0],[26.355111,45.211552,0.0],[26.35507,45.211508,0.0],[26.355019,45.211411,0.0],[26.354943,45.211312,0.0],[26.354916,45.21123,0.0],[26.354916,45.211137,0.0],[26.354986,45.210878,0.0],[26.354981,45.210786,0.0],[26.354868,45.210565,0.0],[26.354773,45.210412,0.0],[26.354643,45.210224,0.0],[26.354627,45.210186,0.0],[26.3546,45.210102,0.0],[26.354598,45.210016,0.0],[26.354587,45.209963,0.0],[26.354576,45.209947,0.0],[26.354578,45.209916,0.0],[26.354565,45.209825,0.0],[26.354549,45.209772,0.0],[26.35449,45.209665,0.0],[26.354422,45.20949,0.0],[26.354309,45.209261,0.0],[26.354101,45.208925,0.0],[26.354033,45.208775,0.0],[26.35402,45.208727,0.0],[26.353952,45.208622,0.0],[26.353923,45.208563,0.0],[26.353839,45.20846,0.0],[26.353769,45.208401,0.0],[26.353685,45.208344,0.0],[26.353415,45.208202,0.0],[26.353188,45.208116,0.0],[26.353124,45.20808,0.0],[26.353093,45.208071,0.0],[26.353071,45.208046,0.0],[26.353026,45.208017,0.0],[26.352943,45.20799,0.0],[26.352718,45.207883,0.0],[26.35259,45.207839,0.0],[26.352343,45.207772,0.0],[26.352279,45.207747,0.0],[26.352193,45.207694,0.0],[26.352132,45.20764,0.0],[26.352106,45.207606,0.0],[26.352067,45.207501,0.0],[26.352043,45.20738,0.0],[26.35202,45.207134,0.0],[26.351984,45.207044,0.0],[26.351953,45.206996,0.0],[26.351929,45.206975,0.0],[26.351775,45.206865,0.0],[26.351727,45.206794,0.0],[26.351708,45.206691,0.0],[26.351708,45.206658,0.0],[26.351726,45.206597,0.0],[26.351733,45.206498,0.0],[26.351668,45.206353,0.0],[26.35166,45.206204,0.0],[26.351611,45.205982,0.0],[26.351489,45.205699,0.0],[26.351454,45.205592,0.0],[26.351434,45.20547,0.0],[26.351412,45.205386,0.0],[26.351247,45.205117,0.0],[26.3512,45.20501,0.0],[26.351153,45.204944,0.0],[26.350973,45.20475,0.0],[26.350825,45.204613,0.0],[26.350671,45.204486,0.0],[26.350477,45.204333,0.0],[26.350285,45.204204,0.0],[26.350157,45.204105,0.0],[26.350086,45.20403,0.0],[26.350063,45.203942,0.0],[26.350045,45.203912,0.0],[26.350013,45.203875,0.0],[26.349984,45.203856,0.0],[26.349872,45.203805,0.0],[26.349765,45.203766,0.0],[26.349421,45.203658,0.0],[26.349314,45.203618,0.0],[26.349304,45.203609,0.0],[26.349266,45.203607,0.0],[26.34925,45.203595,0.0],[26.349116,45.203548,0.0],[26.348923,45.203466,0.0],[26.348666,45.20337,0.0],[26.348538,45.203306,0.0],[26.348367,45.203203,0.0],[26.348261,45.203126,0.0],[26.348091,45.202975,0.0],[26.347792,45.20264,0.0],[26.347708,45.202527,0.0],[26.347703,45.20251,0.0],[26.347685,45.202498,0.0],[26.34764,45.202433,0.0],[26.34756,45.202263,0.0],[26.347509,45.202087,0.0],[26.347508,45.201866,0.0],[26.347518,45.201751,0.0],[26.347511,45.201683,0.0],[26.347478,45.201568,0.0],[26.347426,45.201476,0.0],[26.347255,45.201272,0.0],[26.347252,45.201261,0.0],[26.347192,45.201197,0.0],[26.347144,45.201167,0.0],[26.347027,45.201079,0.0],[26.346961,45.201004,0.0],[26.346948,45.200962,0.0],[26.346952,45.200892,0.0],[26.346966,45.200876,0.0],[26.346984,45.200755,0.0],[26.346956,45.200693,0.0],[26.346876,45.20059,0.0],[26.346629,45.200278,0.0],[26.346564,45.200182,0.0],[26.346507,45.20006,0.0],[26.346507,45.200044,0.0],[26.346529,45.200014,0.0],[26.346634,45.199893,0.0],[26.346853,45.19973,0.0],[26.346933,45.199652,0.0],[26.34698,45.199584,0.0],[26.346994,45.199546,0.0],[26.347041,45.199341,0.0],[26.347055,45.199165,0.0],[26.347052,45.199036,0.0],[26.347031,45.198891,0.0],[26.347029,45.198822,0.0],[26.346965,45.198501,0.0],[26.346924,45.198112,0.0],[26.346912,45.197776,0.0],[26.346857,45.197661,0.0],[26.346815,45.197611,0.0],[26.346594,45.197474,0.0],[26.346512,45.197391,0.0],[26.346428,45.197258,0.0],[26.346356,45.197103,0.0],[26.346272,45.19695,0.0],[26.346209,45.19686,0.0],[26.346155,45.196799,0.0],[26.345966,45.196583,0.0],[26.34584,45.196421,0.0],[26.345782,45.196337,0.0],[26.345741,45.196237,0.0],[26.345734,45.196197,0.0],[26.345738,45.196129,0.0],[26.345761,45.19606,0.0],[26.345771,45.195938,0.0],[26.345795,45.195832,0.0],[26.34584,45.19571,0.0],[26.345847,45.195649,0.0],[26.34588,45.195573,0.0],[26.345944,45.195505,0.0],[26.346067,45.195428,0.0],[26.346213,45.195376,0.0],[26.346311,45.195334,0.0],[26.346344,45.195309,0.0],[26.346529,45.195225,0.0],[26.346692,45.195162,0.0],[26.346854,45.195053,0.0],[26.346903,45.195012,0.0],[26.346944,45.194955,0.0],[26.347031,45.194818,0.0],[26.347081,45.19472,0.0],[26.347148,45.194629,0.0],[26.347257,45.194523,0.0],[26.347269,45.1945,0.0],[26.347416,45.194407,0.0],[26.347479,45.194342,0.0],[26.34754,45.194297,0.0],[26.347654,45.194253,0.0],[26.347741,45.194202,0.0],[26.347946,45.194042,0.0],[26.347988,45.193997,0.0],[26.348034,45.193969,0.0],[26.348089,45.193921,0.0],[26.348216,45.193778,0.0],[26.348369,45.193535,0.0],[26.34838,45.193505,0.0],[26.348397,45.193498,0.0],[26.348459,45.193323,0.0],[26.34846,45.193269,0.0],[26.348447,45.193208,0.0],[26.348427,45.193017,0.0],[26.348434,45.192941,0.0],[26.348513,45.192751,0.0],[26.348541,45.192713,0.0],[26.348637,45.192638,0.0],[26.348749,45.192578,0.0],[26.348934,45.192492,0.0],[26.349029,45.192425,0.0],[26.349104,45.192334,0.0],[26.349124,45.192288,0.0],[26.349103,45.19222,0.0],[26.34904,45.192147,0.0],[26.348929,45.192054,0.0],[26.348782,45.191946,0.0],[26.348553,45.191802,0.0],[26.348441,45.191717,0.0],[26.348228,45.191586,0.0],[26.348037,45.191448,0.0],[26.347972,45.191413,0.0],[26.347797,45.191293,0.0],[26.347509,45.191123,0.0],[26.347056,45.190807,0.0],[26.346864,45.190697,0.0],[26.34664,45.190594,0.0],[26.346597,45.190563,0.0],[26.346587,45.190545,0.0],[26.346593,45.190471,0.0],[26.346608,45.190441,0.0],[26.346605,45.190412,0.0],[26.346635,45.190289,0.0],[26.346642,45.190174,0.0],[26.346663,45.190075,0.0],[26.346698,45.189969,0.0],[26.346784,45.189691,0.0],[26.346803,45.189524,0.0],[26.346797,45.18944,0.0],[26.34675,45.189356,0.0],[26.346702,45.189313,0.0],[26.34659,45.189251,0.0],[26.346419,45.189179,0.0],[26.346333,45.189128,0.0],[26.34628,45.189084,0.0],[26.346236,45.189023,0.0],[26.346228,45.189,0.0],[26.346217,45.188877,0.0],[26.346127,45.18861,0.0],[26.34613,45.188495,0.0],[26.34626,45.188161,0.0],[26.346294,45.188093,0.0],[26.34636,45.188004,0.0],[26.346427,45.187896,0.0],[26.346487,45.187751,0.0],[26.34649,45.187706,0.0],[26.346501,45.187687,0.0],[26.346481,45.187595,0.0],[26.346465,45.187566,0.0],[26.346445,45.187515,0.0],[26.346356,45.187384,0.0],[26.346285,45.1873,0.0],[26.34623,45.187226,0.0],[26.346217,45.187191,0.0],[26.34615,45.187118,0.0],[26.346108,45.187085,0.0],[26.345966,45.18701,0.0],[26.345918,45.186952,0.0],[26.345913,45.186911,0.0],[26.345924,45.18688,0.0],[26.346023,45.186767,0.0],[26.346074,45.186731,0.0],[26.346145,45.186699,0.0],[26.346229,45.186679,0.0],[26.346337,45.186662,0.0],[26.346618,45.186636,0.0],[26.346769,45.186598,0.0],[26.346823,45.186576,0.0],[26.346899,45.186533,0.0],[26.346973,45.186453,0.0],[26.34703,45.18641,0.0],[26.347082,45.186385,0.0],[26.347166,45.186363,0.0],[26.347252,45.186364,0.0],[26.347284,45.18637,0.0],[26.347333,45.186389,0.0],[26.347362,45.186406,0.0],[26.347496,45.186522,0.0],[26.347635,45.1866,0.0],[26.347691,45.186645,0.0],[26.347739,45.186655,0.0],[26.347826,45.186655,0.0],[26.347999,45.186637,0.0],[26.348302,45.186569,0.0],[26.348497,45.186505,0.0],[26.348573,45.186474,0.0],[26.348714,45.186398,0.0],[26.348844,45.186359,0.0],[26.348973,45.186332,0.0],[26.349038,45.186334,0.0],[26.34921,45.186377,0.0],[26.349296,45.186408,0.0],[26.349562,45.186522,0.0],[26.34965,45.186551,0.0],[26.349747,45.186571,0.0],[26.349823,45.186573,0.0],[26.350006,45.186563,0.0],[26.350165,45.186585,0.0],[26.350308,45.186594,0.0],[26.350556,45.186624,0.0],[26.350707,45.186625,0.0],[26.350739,45.186617,0.0],[26.350761,45.18662,0.0],[26.350858,45.186605,0.0],[26.351042,45.186601,0.0],[26.351226,45.186539,0.0],[26.351299,45.186486,0.0],[26.351324,45.186458,0.0],[26.351335,45.186422,0.0],[26.351338,45.186361,0.0],[26.351448,45.186217,0.0],[26.35149,45.186126,0.0],[26.351491,45.186027,0.0],[26.351475,45.185989,0.0],[26.35143,45.185929,0.0],[26.351353,45.185862,0.0],[26.351289,45.185767,0.0],[26.351242,45.185675,0.0],[26.351235,45.185591,0.0],[26.351214,45.1855,0.0],[26.351218,45.185401,0.0],[26.351207,45.185248,0.0],[26.351179,45.185111,0.0],[26.351149,45.184875,0.0],[26.351147,45.184646,0.0],[26.351164,45.184517,0.0],[26.35122,45.184365,0.0],[26.351281,45.184282,0.0],[26.351401,45.184176,0.0],[26.351417,45.184153,0.0],[26.351481,45.183994,0.0],[26.351488,45.18391,0.0],[26.351472,45.183826,0.0],[26.351441,45.183735,0.0],[26.351431,45.183666,0.0],[26.351433,45.183559,0.0],[26.351458,45.183438,0.0],[26.351459,45.1834,0.0],[26.351498,45.183309,0.0],[26.351512,45.183248,0.0],[26.351559,45.183172,0.0],[26.351596,45.183082,0.0],[26.35162,45.18302,0.0],[26.351719,45.182876,0.0],[26.351823,45.18277,0.0],[26.351976,45.182558,0.0],[26.352036,45.182498,0.0],[26.35208,45.18246,0.0],[26.352137,45.182424,0.0],[26.352259,45.182364,0.0],[26.352472,45.182165,0.0],[26.35276,45.181987,0.0],[26.352959,45.181838,0.0],[26.353136,45.181683,0.0],[26.353224,45.181577,0.0],[26.353301,45.181463,0.0],[26.353329,45.181372,0.0],[26.353395,45.181235,0.0],[26.35344,45.181114,0.0],[26.353465,45.18103,0.0],[26.353489,45.18084,0.0],[26.353509,45.180771,0.0],[26.353534,45.180726,0.0],[26.353545,45.180673,0.0],[26.353564,45.180254,0.0],[26.353581,45.180163,0.0],[26.353631,45.180018,0.0],[26.353632,45.17998,0.0],[26.353652,45.179912,0.0],[26.353639,45.179813,0.0],[26.353598,45.17963,0.0],[26.353603,45.179447,0.0],[26.353615,45.179379,0.0],[26.353604,45.17931,0.0],[26.353596,45.179211,0.0],[26.353565,45.179089,0.0],[26.353528,45.178997,0.0],[26.353496,45.178952,0.0],[26.353344,45.178836,0.0],[26.35329,45.178809,0.0],[26.353248,45.178779,0.0],[26.352964,45.178552,0.0],[26.352914,45.178477,0.0],[26.352896,45.178428,0.0],[26.352883,45.17838,0.0],[26.352881,45.178319,0.0],[26.352887,45.178281,0.0],[26.352923,45.178205,0.0],[26.35292,45.17819,0.0],[26.35295,45.178164,0.0],[26.352992,45.178099,0.0],[26.353186,45.177674,0.0],[26.353302,45.177462,0.0],[26.353365,45.177363,0.0],[26.353568,45.177098,0.0],[26.353568,45.177083,0.0],[26.353637,45.176969,0.0],[26.353667,45.176878,0.0],[26.353694,45.176688,0.0],[26.353788,45.176483,0.0],[26.353833,45.176392,0.0],[26.353858,45.1763,0.0],[26.353872,45.176285,0.0],[26.353866,45.176274,0.0],[26.353878,45.176209,0.0],[26.353868,45.176118,0.0],[26.353848,45.176049,0.0],[26.353779,45.175904,0.0],[26.353719,45.175746,0.0],[26.353663,45.175494,0.0],[26.35364,45.175195,0.0],[26.353672,45.174784,0.0],[26.353722,45.174465,0.0],[26.353739,45.174168,0.0],[26.353734,45.174122,0.0],[26.353742,45.174114,0.0],[26.353741,45.174,0.0],[26.353767,45.17381,0.0],[26.353857,45.173567,0.0],[26.353892,45.173529,0.0],[26.353998,45.173446,0.0],[26.354228,45.173219,0.0],[26.354288,45.173143,0.0],[26.354365,45.173022,0.0],[26.354425,45.172946,0.0],[26.354567,45.172803,0.0],[26.354647,45.172688,0.0],[26.354787,45.172477,0.0],[26.354973,45.172234,0.0],[26.3551,45.172037,0.0],[26.355116,45.171999,0.0],[26.355122,45.171969,0.0],[26.355117,45.171923,0.0],[26.355044,45.17174,0.0],[26.354993,45.171519,0.0],[26.354982,45.171511,0.0],[26.354919,45.171368,0.0],[26.354811,45.171182,0.0],[26.3547,45.171035,0.0],[26.354577,45.170897,0.0],[26.354447,45.170775,0.0],[26.35434,45.170707,0.0],[26.354157,45.170628,0.0],[26.354018,45.170587,0.0],[26.353803,45.170506,0.0],[26.353663,45.170463,0.0],[26.353588,45.170419,0.0],[26.353497,45.170351,0.0],[26.353327,45.170204,0.0],[26.353252,45.170119,0.0],[26.353191,45.170031,0.0],[26.353102,45.169863,0.0],[26.353042,45.169686,0.0],[26.352929,45.169436,0.0],[26.352862,45.16922,0.0],[26.352823,45.169143,0.0],[26.352748,45.168991,0.0],[26.352608,45.1688,0.0],[26.352451,45.168614,0.0],[26.352382,45.168516,0.0],[26.352247,45.16835,0.0],[26.352231,45.16831,0.0],[26.352215,45.168293,0.0],[26.352192,45.168205,0.0],[26.352193,45.16815,0.0],[26.352209,45.168089,0.0],[26.352292,45.16793,0.0],[26.352312,45.167869,0.0],[26.352318,45.1678,0.0],[26.352308,45.167789,0.0],[26.352311,45.167762,0.0],[26.352295,45.167751,0.0],[26.352293,45.167697,0.0],[26.352279,45.167674,0.0],[26.352241,45.16753,0.0],[26.352226,45.167438,0.0],[26.352222,45.167286,0.0],[26.352253,45.167202,0.0],[26.352288,45.167157,0.0],[26.352316,45.167073,0.0],[26.352323,45.166989,0.0],[26.352352,45.166845,0.0],[26.352346,45.166822,0.0],[26.352354,45.166647,0.0],[26.352366,45.166586,0.0],[26.352388,45.166541,0.0],[26.352408,45.166457,0.0],[26.352406,45.166411,0.0],[26.352433,45.16639,0.0],[26.352415,45.166308,0.0],[26.352423,45.166299,0.0],[26.352404,45.166276,0.0],[26.352405,45.166253,0.0],[26.352391,45.166226,0.0],[26.352394,45.166204,0.0],[26.352341,45.165944,0.0],[26.352341,45.165891,0.0],[26.352326,45.165815,0.0],[26.352326,45.165746,0.0],[26.352305,45.165655,0.0],[26.352314,45.165426,0.0],[26.352359,45.16519,0.0],[26.352419,45.165037,0.0],[26.352449,45.164908,0.0],[26.352564,45.164672,0.0],[26.352651,45.164467,0.0],[26.352703,45.164383,0.0],[26.352723,45.164384,0.0],[26.352765,45.164385,0.0],[26.352927,45.164389,0.0],[26.353197,45.16438,0.0],[26.353413,45.164383,0.0],[26.353802,45.164361,0.0],[26.354029,45.164339,0.0],[26.354386,45.164292,0.0],[26.354591,45.16427,0.0],[26.354699,45.164265,0.0],[26.355164,45.164211,0.0],[26.355488,45.164197,0.0],[26.355768,45.164186,0.0],[26.356006,45.164147,0.0],[26.356158,45.164107,0.0],[26.356374,45.164033,0.0],[26.356504,45.164003,0.0],[26.356612,45.163996,0.0],[26.356752,45.164,0.0],[26.356839,45.164008,0.0],[26.357432,45.164111,0.0],[26.357712,45.16419,0.0],[26.357788,45.16419,0.0],[26.357842,45.16418,0.0],[26.357961,45.164143,0.0],[26.358026,45.164131,0.0],[26.358199,45.164134,0.0],[26.358328,45.164184,0.0],[26.358395,45.164226,0.0],[26.358425,45.164254,0.0],[26.35843,45.16427,0.0],[26.358389,45.164315,0.0],[26.358389,45.164346,0.0],[26.358432,45.164384,0.0],[26.358473,45.164401,0.0],[26.35851,45.164407,0.0],[26.358648,45.164413,0.0],[26.358899,45.16441,0.0],[26.359223,45.164381,0.0],[26.359407,45.164353,0.0],[26.359493,45.164345,0.0],[26.359548,45.164332,0.0],[26.359839,45.164339,0.0],[26.360314,45.164376,0.0],[26.360444,45.164392,0.0],[26.360714,45.164404,0.0],[26.360811,45.164408,0.0],[26.360984,45.164405,0.0],[26.361157,45.164344,0.0],[26.36146,45.164193,0.0],[26.361576,45.164109,0.0],[26.361698,45.163997,0.0],[26.361758,45.163951,0.0],[26.361845,45.163904,0.0],[26.36191,45.163881,0.0],[26.362061,45.163855,0.0],[26.36218,45.163856,0.0],[26.362395,45.163898,0.0],[26.362471,45.163906,0.0],[26.362547,45.163904,0.0],[26.362655,45.163885,0.0],[26.362817,45.163823,0.0],[26.362969,45.16373,0.0],[26.363131,45.163593,0.0],[26.363503,45.163316,0.0],[26.36364,45.163263,0.0],[26.363727,45.163242,0.0],[26.363824,45.163208,0.0],[26.364073,45.163081,0.0],[26.364236,45.162975,0.0],[26.364315,45.162907,0.0],[26.364521,45.162751,0.0],[26.364626,45.162685,0.0],[26.36474,45.162624,0.0],[26.364956,45.162526,0.0],[26.365129,45.162458,0.0],[26.365454,45.162344,0.0],[26.365714,45.162232,0.0],[26.365973,45.162142,0.0],[26.366051,45.162125,0.0],[26.366103,45.162113,0.0],[26.366222,45.1621,0.0],[26.366276,45.162087,0.0],[26.366363,45.162051,0.0],[26.366452,45.161979,0.0],[26.366503,45.161956,0.0],[26.366557,45.161947,0.0],[26.366676,45.161944,0.0],[26.366709,45.161936,0.0],[26.366752,45.161919,0.0],[26.366839,45.16187,0.0],[26.366914,45.161841,0.0],[26.367195,45.161789,0.0],[26.367239,45.161776,0.0],[26.367336,45.16173,0.0],[26.367485,45.161624,0.0],[26.36761,45.16151,0.0],[26.367699,45.161411,0.0],[26.367814,45.161266,0.0],[26.367917,45.161191,0.0],[26.367992,45.161153,0.0],[26.3681,45.161117,0.0],[26.36849,45.161049,0.0],[26.368706,45.160996,0.0],[26.368836,45.160936,0.0],[26.368955,45.160869,0.0],[26.369085,45.160816,0.0],[26.369301,45.160762,0.0],[26.369598,45.160702,0.0],[26.369804,45.160647,0.0],[26.370139,45.160528,0.0],[26.370777,45.160337,0.0],[26.37121,45.160172,0.0],[26.371328,45.160103,0.0],[26.371513,45.15999,0.0],[26.371621,45.159894,0.0],[26.371676,45.159856,0.0],[26.371685,45.159851,0.0],[26.371727,45.159829,0.0],[26.371741,45.159812,0.0],[26.37183,45.159747,0.0],[26.371947,45.159659,0.0],[26.372103,45.159567,0.0],[26.372282,45.159532,0.0],[26.37233,45.15952,0.0],[26.372579,45.159488,0.0],[26.372599,45.159478,0.0],[26.372638,45.159473,0.0],[26.372649,45.159477,0.0],[26.372844,45.15943,0.0],[26.373018,45.159386,0.0],[26.373209,45.15932,0.0],[26.373473,45.159191,0.0],[26.373596,45.159146,0.0],[26.373629,45.159123,0.0],[26.373705,45.159055,0.0],[26.373802,45.158938,0.0],[26.373917,45.158817,0.0],[26.374024,45.158745,0.0],[26.374081,45.158721,0.0],[26.374127,45.158714,0.0],[26.374182,45.158688,0.0],[26.374247,45.158671,0.0],[26.374355,45.15866,0.0],[26.374663,45.158661,0.0],[26.374695,45.158654,0.0],[26.37475,45.158628,0.0],[26.374794,45.158596,0.0],[26.374913,45.158543,0.0],[26.375184,45.158511,0.0],[26.375336,45.158475,0.0],[26.375401,45.158445,0.0],[26.375576,45.158328,0.0],[26.375674,45.158298,0.0],[26.375771,45.158299,0.0],[26.375986,45.15832,0.0],[26.376202,45.158366,0.0],[26.376374,45.158394,0.0],[26.376468,45.158433,0.0],[26.376511,45.158462,0.0],[26.376542,45.158512,0.0],[26.376517,45.158565,0.0],[26.376499,45.158645,0.0],[26.376499,45.158691,0.0],[26.376511,45.158736,0.0],[26.376584,45.158889,0.0],[26.376684,45.159058,0.0],[26.376741,45.159181,0.0],[26.376829,45.159288,0.0],[26.376937,45.1594,0.0],[26.377047,45.159477,0.0],[26.377167,45.159544,0.0],[26.377258,45.159587,0.0],[26.377451,45.159699,0.0],[26.3776,45.159821,0.0],[26.377726,45.159877,0.0],[26.377843,45.159942,0.0],[26.37792,45.160056,0.0],[26.377943,45.160148,0.0],[26.377947,45.160193,0.0],[26.377916,45.160273,0.0],[26.377894,45.160304,0.0],[26.377829,45.160343,0.0],[26.377609,45.160398,0.0],[26.377514,45.160443,0.0],[26.377426,45.160515,0.0],[26.377401,45.160566,0.0],[26.377394,45.160635,0.0],[26.377415,45.160703,0.0],[26.377454,45.160765,0.0],[26.377513,45.160801,0.0],[26.377694,45.160807,0.0],[26.377737,45.160802,0.0],[26.377835,45.160774,0.0],[26.377932,45.160775,0.0],[26.378018,45.160793,0.0],[26.378111,45.16087,0.0],[26.378171,45.160988,0.0],[26.378192,45.161049,0.0],[26.378201,45.161118,0.0],[26.378191,45.161232,0.0],[26.378161,45.161274,0.0],[26.37807,45.161363,0.0],[26.378007,45.161414,0.0],[26.377949,45.161486,0.0],[26.377932,45.161539,0.0],[26.377934,45.1616,0.0],[26.377952,45.161623,0.0],[26.378016,45.16166,0.0],[26.378094,45.161679,0.0],[26.378186,45.16169,0.0],[26.378272,45.161711,0.0],[26.378334,45.161741,0.0],[26.378417,45.161793,0.0],[26.378451,45.161829,0.0],[26.378483,45.161883,0.0],[26.378513,45.161998,0.0],[26.378534,45.162028,0.0],[26.378593,45.162082,0.0],[26.378649,45.162115,0.0],[26.378684,45.162127,0.0],[26.378805,45.162139,0.0],[26.378956,45.162137,0.0],[26.37901,45.162129,0.0],[26.379129,45.162131,0.0],[26.379215,45.162145,0.0],[26.379298,45.162185,0.0],[26.379354,45.162233,0.0],[26.379391,45.162287,0.0],[26.379401,45.162325,0.0],[26.379397,45.162409,0.0],[26.37942,45.162486,0.0],[26.379486,45.16257,0.0],[26.379546,45.162614,0.0],[26.379745,45.162771,0.0],[26.379784,45.162817,0.0],[26.379821,45.162908,0.0],[26.37982,45.162946,0.0],[26.379789,45.163026,0.0],[26.379788,45.163072,0.0],[26.379806,45.163125,0.0],[26.379843,45.163179,0.0],[26.379899,45.163225,0.0],[26.380017,45.163299,0.0],[26.380231,45.163386,0.0],[26.380306,45.163425,0.0],[26.380381,45.163485,0.0],[26.380431,45.163554,0.0],[26.38044,45.163638,0.0],[26.380423,45.163703,0.0],[26.380335,45.163915,0.0],[26.380282,45.164014,0.0],[26.38023,45.16409,0.0],[26.38021,45.164143,0.0],[26.380204,45.164173,0.0],[26.380221,45.164269,0.0],[26.380263,45.164368,0.0],[26.380297,45.164414,0.0],[26.38038,45.164476,0.0],[26.380672,45.164618,0.0],[26.380776,45.164681,0.0],[26.38081,45.164727,0.0],[26.380836,45.164789,0.0],[26.3809,45.164865,0.0],[26.38098,45.164927,0.0],[26.381151,45.165011,0.0],[26.381191,45.16504,0.0],[26.38121,45.165063,0.0],[26.381228,45.165093,0.0],[26.381235,45.165147,0.0],[26.381219,45.16547,0.0],[26.381224,45.165653,0.0],[26.38126,45.16576,0.0],[26.381331,45.165845,0.0],[26.381371,45.165883,0.0],[26.381465,45.165949,0.0],[26.381604,45.166009,0.0],[26.381695,45.166035,0.0],[26.38179,45.166045,0.0],[26.381887,45.166044,0.0],[26.382189,45.166049,0.0],[26.382243,45.166064,0.0],[26.382323,45.166113,0.0],[26.382393,45.16614,0.0],[26.382447,45.16615,0.0],[26.382749,45.166156,0.0],[26.382814,45.166178,0.0],[26.382924,45.166228,0.0],[26.382969,45.166275,0.0],[26.382993,45.166286,0.0],[26.38303,45.166321,0.0],[26.383074,45.166393,0.0],[26.383069,45.166403,0.0],[26.383074,45.166441,0.0],[26.383103,45.166518,0.0],[26.383145,45.166579,0.0],[26.383276,45.166717,0.0],[26.383315,45.166786,0.0],[26.383307,45.166831,0.0],[26.383285,45.166862,0.0],[26.383179,45.166935,0.0],[26.383149,45.166968,0.0],[26.383151,45.167021,0.0],[26.383196,45.167067,0.0],[26.383312,45.167119,0.0],[26.38339,45.167135,0.0],[26.383487,45.167143,0.0],[26.383649,45.167144,0.0],[26.383789,45.16713,0.0],[26.383897,45.1671,0.0],[26.384027,45.167057,0.0],[26.384125,45.16701,0.0],[26.384255,45.166969,0.0],[26.384341,45.166962,0.0],[26.384449,45.16697,0.0],[26.384492,45.16698,0.0],[26.384551,45.167033,0.0],[26.38454,45.167079,0.0],[26.384515,45.167128,0.0],[26.384506,45.167212,0.0],[26.384554,45.167289,0.0],[26.38465,45.167373,0.0],[26.384736,45.167423,0.0],[26.384846,45.167475,0.0],[26.38494,45.167533,0.0],[26.38506,45.167631,0.0],[26.385089,45.167677,0.0],[26.385137,45.167723,0.0],[26.385185,45.167744,0.0],[26.38525,45.16775,0.0],[26.385294,45.167724,0.0],[26.385343,45.167682,0.0],[26.385359,45.167677,0.0],[26.38551,45.167685,0.0],[26.385626,45.167711,0.0],[26.385704,45.16774,0.0],[26.385844,45.167763,0.0],[26.385922,45.167794,0.0],[26.385986,45.167839,0.0],[26.386015,45.167877,0.0],[26.386033,45.16793,0.0],[26.386024,45.167999,0.0],[26.385979,45.168174,0.0],[26.385994,45.168266,0.0],[26.386021,45.168304,0.0],[26.386123,45.168381,0.0],[26.386354,45.16846,0.0],[26.386467,45.168526,0.0],[26.386495,45.168589,0.0],[26.386492,45.168627,0.0],[26.386442,45.168756,0.0],[26.386425,45.168863,0.0],[26.386402,45.168939,0.0],[26.38639,45.169045,0.0],[26.386395,45.169107,0.0],[26.386405,45.16916,0.0],[26.386434,45.169221,0.0],[26.386488,45.169275,0.0],[26.386573,45.169344,0.0],[26.386602,45.16939,0.0],[26.386578,45.169426,0.0],[26.386529,45.169454,0.0],[26.386491,45.169486,0.0],[26.386477,45.169511,0.0],[26.386479,45.169541,0.0],[26.386533,45.169588,0.0],[26.386605,45.16963,0.0],[26.386637,45.169643,0.0],[26.386793,45.169684,0.0],[26.386934,45.169687,0.0],[26.387096,45.169661,0.0],[26.387247,45.16967,0.0],[26.38729,45.169678,0.0],[26.387328,45.169693,0.0],[26.387429,45.169755,0.0],[26.387451,45.169776,0.0],[26.387493,45.169837,0.0],[26.387562,45.16999,0.0],[26.387582,45.170082,0.0],[26.387592,45.170181,0.0],[26.387634,45.170295,0.0],[26.387683,45.170479,0.0],[26.387679,45.170616,0.0],[26.387643,45.170722,0.0],[26.387601,45.170775,0.0],[26.387577,45.170829,0.0],[26.387571,45.170874,0.0],[26.387581,45.170913,0.0],[26.387634,45.170966,0.0],[26.387819,45.171089,0.0],[26.387988,45.171178,0.0],[26.388214,45.171277,0.0],[26.388308,45.171325,0.0],[26.388395,45.171463,0.0],[26.388458,45.171608,0.0],[26.388474,45.171677,0.0],[26.388531,45.171898,0.0],[26.388545,45.172028,0.0],[26.388542,45.172107,0.0],[26.388517,45.172184,0.0],[26.388491,45.172313,0.0],[26.388486,45.172504,0.0],[26.388535,45.172672,0.0],[26.388586,45.172748,0.0],[26.38866,45.172825,0.0],[26.388768,45.172898,0.0],[26.388875,45.17299,0.0],[26.388933,45.173019,0.0],[26.389036,45.173029,0.0],[26.38933,45.173037,0.0],[26.389729,45.173069,0.0],[26.389847,45.173106,0.0],[26.389944,45.173128,0.0],[26.389987,45.173145,0.0],[26.39007,45.173195,0.0],[26.390174,45.173306,0.0],[26.39023,45.173398,0.0],[26.390336,45.173589,0.0],[26.39043,45.173819,0.0],[26.390555,45.174041,0.0],[26.390646,45.174133,0.0],[26.390677,45.174178,0.0],[26.390704,45.174247,0.0],[26.390711,45.174293,0.0],[26.390693,45.174445,0.0],[26.390697,45.174552,0.0],[26.39071,45.174598,0.0],[26.390745,45.174636,0.0],[26.390788,45.174667,0.0],[26.390962,45.174756,0.0],[26.391032,45.174811,0.0],[26.391198,45.174927,0.0],[26.391588,45.175074,0.0],[26.391716,45.175139,0.0],[26.391826,45.175226,0.0],[26.391905,45.175386,0.0],[26.391958,45.175463,0.0],[26.392063,45.175536,0.0],[26.392213,45.175588,0.0],[26.392286,45.175623,0.0],[26.392417,45.1757,0.0],[26.392431,45.175702,0.0],[26.392452,45.175725,0.0],[26.392482,45.175733,0.0],[26.39257,45.175787,0.0],[26.392868,45.175937,0.0],[26.393225,45.176101,0.0],[26.393657,45.176352,0.0],[26.394022,45.176522,0.0],[26.394076,45.176554,0.0],[26.39414,45.176604,0.0],[26.394182,45.176665,0.0],[26.394181,45.176749,0.0],[26.394194,45.176833,0.0],[26.394207,45.176871,0.0],[26.394234,45.17691,0.0],[26.394298,45.176963,0.0],[26.394547,45.177081,0.0],[26.394612,45.177123,0.0],[26.394663,45.177175,0.0],[26.394678,45.177206,0.0],[26.394704,45.177336,0.0],[26.394722,45.177366,0.0],[26.394773,45.177412,0.0],[26.394924,45.177476,0.0],[26.394969,45.177482,0.0],[26.39512,45.177485,0.0],[26.395271,45.177524,0.0],[26.395422,45.177578,0.0],[26.395551,45.177585,0.0],[26.395627,45.177587,0.0],[26.395778,45.177622,0.0],[26.395904,45.177682,0.0],[26.396024,45.177763,0.0],[26.396273,45.177962,0.0],[26.396316,45.178008,0.0],[26.396393,45.178123,0.0],[26.396478,45.17823,0.0],[26.396488,45.178261,0.0],[26.396553,45.178301,0.0],[26.396609,45.178353,0.0],[26.396692,45.178395,0.0],[26.396695,45.178403,0.0],[26.396778,45.17844,0.0],[26.396982,45.178498,0.0],[26.397187,45.178545,0.0],[26.397263,45.178546,0.0],[26.397446,45.17852,0.0],[26.397803,45.178524,0.0],[26.398008,45.17851,0.0],[26.398105,45.178493,0.0],[26.398321,45.178474,0.0],[26.398473,45.178421,0.0],[26.398527,45.178393,0.0],[26.398669,45.178301,0.0],[26.398756,45.178276,0.0],[26.398842,45.178273,0.0],[26.398917,45.178287,0.0],[26.39896,45.178321,0.0],[26.399005,45.178379,0.0],[26.399056,45.1784,0.0],[26.399148,45.17842,0.0],[26.399288,45.178428,0.0],[26.399418,45.178414,0.0],[26.399559,45.178376,0.0],[26.399634,45.178365,0.0],[26.399818,45.178365,0.0],[26.400031,45.178379,0.0],[26.400152,45.17838,0.0],[26.400206,45.178373,0.0],[26.400271,45.178362,0.0],[26.400477,45.178304,0.0],[26.400586,45.178262,0.0],[26.400647,45.178229,0.0],[26.400901,45.178095,0.0],[26.401074,45.178035,0.0],[26.401236,45.178001,0.0],[26.40129,45.177998,0.0],[26.401323,45.178002,0.0],[26.401604,45.177965,0.0],[26.401961,45.177865,0.0],[26.402123,45.177831,0.0],[26.40235,45.177814,0.0],[26.402686,45.177766,0.0],[26.402945,45.177747,0.0],[26.403819,45.177739,0.0],[26.403917,45.177731,0.0],[26.404101,45.177708,0.0],[26.40436,45.177654,0.0],[26.404425,45.177651,0.0],[26.404598,45.177623,0.0],[26.404674,45.177599,0.0],[26.404733,45.177595,0.0],[26.404754,45.177587,0.0],[26.404819,45.177581,0.0],[26.404851,45.17757,0.0],[26.404937,45.177559,0.0],[26.405164,45.177506,0.0],[26.405585,45.177435,0.0],[26.405672,45.177413,0.0],[26.405758,45.1774,0.0],[26.405877,45.177392,0.0],[26.406093,45.177332,0.0],[26.40619,45.177319,0.0],[26.40633,45.177283,0.0],[26.406525,45.177217,0.0],[26.406611,45.177172,0.0],[26.406741,45.177123,0.0],[26.406957,45.177015,0.0],[26.407238,45.176936,0.0],[26.407411,45.176916,0.0],[26.407616,45.176878,0.0],[26.407735,45.176869,0.0],[26.407897,45.176866,0.0],[26.407994,45.176854,0.0],[26.408447,45.176784,0.0],[26.408663,45.176735,0.0],[26.408782,45.176722,0.0],[26.409052,45.176669,0.0],[26.409203,45.176651,0.0],[26.409786,45.176594,0.0],[26.409894,45.176594,0.0],[26.409926,45.176601,0.0],[26.410129,45.176611,0.0],[26.410174,45.176617,0.0],[26.410271,45.176616,0.0],[26.410455,45.176597,0.0],[26.410638,45.17659,0.0],[26.410757,45.176577,0.0],[26.410962,45.176574,0.0],[26.411361,45.176585,0.0],[26.411426,45.176591,0.0],[26.411491,45.17661,0.0],[26.411555,45.176612,0.0],[26.411615,45.176624,0.0],[26.411723,45.176634,0.0],[26.411841,45.176642,0.0],[26.412133,45.176646,0.0],[26.412251,45.176664,0.0],[26.412693,45.176665,0.0],[26.413039,45.176645,0.0],[26.413395,45.176585,0.0],[26.413773,45.176457,0.0],[26.414054,45.176397,0.0],[26.414184,45.176357,0.0],[26.414346,45.176322,0.0],[26.414486,45.176276,0.0],[26.414702,45.176224,0.0],[26.415026,45.176126,0.0],[26.415383,45.176051,0.0],[26.415501,45.176015,0.0],[26.415674,45.175964,0.0],[26.416096,45.175855,0.0],[26.416268,45.175798,0.0],[26.416398,45.175764,0.0],[26.416614,45.175723,0.0],[26.416722,45.175712,0.0],[26.416949,45.175675,0.0],[26.417543,45.175555,0.0],[26.417683,45.175517,0.0],[26.417942,45.175472,0.0],[26.418709,45.175393,0.0],[26.418822,45.175372,0.0],[26.418995,45.175353,0.0],[26.419308,45.175309,0.0],[26.419513,45.175271,0.0],[26.41975,45.175241,0.0],[26.419902,45.175213,0.0],[26.419934,45.175202,0.0],[26.419945,45.175206,0.0],[26.420117,45.175178,0.0],[26.420495,45.175145,0.0],[26.420636,45.175126,0.0],[26.420637,45.175126,0.0],[26.420708,45.175123,0.0],[26.420873,45.175117,0.0],[26.42111,45.175104,0.0],[26.421251,45.175114,0.0],[26.421488,45.175176,0.0],[26.421595,45.175213,0.0],[26.421741,45.175278,0.0],[26.42184,45.175331,0.0],[26.422042,45.175463,0.0],[26.422158,45.17557,0.0],[26.42234,45.175704,0.0],[26.42265,45.175964,0.0],[26.423039,45.176391,0.0],[26.4231,45.17649,0.0],[26.423149,45.176543,0.0],[26.423203,45.176576,0.0],[26.423345,45.176605,0.0],[26.423421,45.176643,0.0],[26.423445,45.176674,0.0],[26.423445,45.176697,0.0],[26.423482,45.17678,0.0],[26.423549,45.176842,0.0],[26.423636,45.176893,0.0],[26.423695,45.176916,0.0],[26.423832,45.176938,0.0],[26.423886,45.176953,0.0],[26.424023,45.177026,0.0],[26.424099,45.177079,0.0],[26.424314,45.177255,0.0],[26.42437,45.177308,0.0],[26.424445,45.177407,0.0],[26.424486,45.177438,0.0],[26.424558,45.177471,0.0],[26.424661,45.177501,0.0],[26.424855,45.177529,0.0],[26.425065,45.177609,0.0],[26.425229,45.177691,0.0],[26.425385,45.177789,0.0],[26.42545,45.177833,0.0],[26.425547,45.177927,0.0],[26.425581,45.177947,0.0],[26.425643,45.178031,0.0],[26.425764,45.17823,0.0],[26.425801,45.178283,0.0],[26.425849,45.178329,0.0],[26.425863,45.178367,0.0],[26.425911,45.178436,0.0],[26.425951,45.178474,0.0],[26.426078,45.178569,0.0],[26.426215,45.17865,0.0],[26.426344,45.178741,0.0],[26.426586,45.178898,0.0],[26.426679,45.178948,0.0],[26.426772,45.178998,0.0],[26.426898,45.179051,0.0],[26.42696,45.17907,0.0],[26.427063,45.179165,0.0],[26.427544,45.17961,0.0],[26.427687,45.179742,0.0],[26.427783,45.17983,0.0],[26.427855,45.179929,0.0],[26.427921,45.179989,0.0],[26.428059,45.180113,0.0],[26.428199,45.180206,0.0],[26.428221,45.180227,0.0],[26.428258,45.180245,0.0],[26.428436,45.180357,0.0],[26.428665,45.180463,0.0],[26.428999,45.180633,0.0],[26.429249,45.180746,0.0],[26.429386,45.180824,0.0],[26.429569,45.180911,0.0],[26.429623,45.180947,0.0],[26.430105,45.181196,0.0],[26.430312,45.18129,0.0],[26.430366,45.18132,0.0],[26.430398,45.181349,0.0],[26.430444,45.18137,0.0],[26.430595,45.181536,0.0],[26.430629,45.181559,0.0],[26.430635,45.181582,0.0],[26.430772,45.181742,0.0],[26.430903,45.181864,0.0],[26.43107,45.18204,0.0],[26.431269,45.182202,0.0],[26.431449,45.18236,0.0],[26.431774,45.18262,0.0],[26.431817,45.182666,0.0],[26.431869,45.182697,0.0],[26.431973,45.182792,0.0],[26.432197,45.182956,0.0],[26.432589,45.183277,0.0],[26.432855,45.183468,0.0],[26.432952,45.183529,0.0],[26.432995,45.183568,0.0],[26.433184,45.183682,0.0],[26.433493,45.183822,0.0],[26.433946,45.184048,0.0],[26.434059,45.184111,0.0],[26.434196,45.18417,0.0],[26.434374,45.184232,0.0],[26.434538,45.184278,0.0],[26.434646,45.184301,0.0],[26.434751,45.184322,0.0],[26.43484,45.18433,0.0],[26.434969,45.184353,0.0],[26.435067,45.184363,0.0],[26.435282,45.184371,0.0],[26.435412,45.184368,0.0],[26.435562,45.18438,0.0],[26.43566,45.184386,0.0],[26.43594,45.184425,0.0],[26.435975,45.184442,0.0],[26.436077,45.184441,0.0],[26.436206,45.184461,0.0],[26.436766,45.184598,0.0],[26.436916,45.184649,0.0],[26.436991,45.184665,0.0],[26.437032,45.18468,0.0],[26.437421,45.18478,0.0],[26.437486,45.184788,0.0],[26.437507,45.184802,0.0],[26.437669,45.184841,0.0],[26.437851,45.184903,0.0],[26.438034,45.18495,0.0],[26.438131,45.184981,0.0],[26.438273,45.18504,0.0],[26.438474,45.185142,0.0],[26.438784,45.185335,0.0],[26.43895,45.185425,0.0],[26.439394,45.185716,0.0],[26.439568,45.185843,0.0],[26.439672,45.185933,0.0],[26.439771,45.186046,0.0],[26.439856,45.186178,0.0],[26.439961,45.186341,0.0],[26.439996,45.186371,0.0],[26.440038,45.186425,0.0],[26.440261,45.186682,0.0],[26.440369,45.186773,0.0],[26.44044,45.186835,0.0],[26.440526,45.186897,0.0],[26.44062,45.186941,0.0],[26.440673,45.186978,0.0],[26.440732,45.187001,0.0],[26.440837,45.187057,0.0],[26.440893,45.187094,0.0],[26.440936,45.187111,0.0],[26.441067,45.18719,0.0],[26.44109,45.187217,0.0],[26.441154,45.187258,0.0],[26.441221,45.187279,0.0],[26.441494,45.187417,0.0],[26.441526,45.187438,0.0],[26.441581,45.187507,0.0],[26.441607,45.187576,0.0],[26.441606,45.187614,0.0],[26.441551,45.187741,0.0],[26.441527,45.187865,0.0],[26.441532,45.187926,0.0],[26.44156,45.18798,0.0],[26.441674,45.18811,0.0],[26.44169,45.188148,0.0],[26.4417,45.18821,0.0],[26.441718,45.18824,0.0],[26.44176,45.188279,0.0],[26.4418,45.188292,0.0],[26.441911,45.188312,0.0],[26.442013,45.188359,0.0],[26.442103,45.188415,0.0],[26.442204,45.188507,0.0],[26.442276,45.188561,0.0],[26.44244,45.188633,0.0],[26.442619,45.188734,0.0],[26.442843,45.188835,0.0],[26.443012,45.188941,0.0],[26.443164,45.189027,0.0],[26.443351,45.189162,0.0],[26.443494,45.189277,0.0],[26.443561,45.189338,0.0],[26.443588,45.189377,0.0],[26.443675,45.189454,0.0],[26.443822,45.189541,0.0],[26.443896,45.189554,0.0],[26.443925,45.189561,0.0],[26.443986,45.189563,0.0],[26.444047,45.189564,0.0],[26.444096,45.189593,0.0],[26.44427,45.189692,0.0],[26.444516,45.189799,0.0],[26.445001,45.190009,0.0],[26.445605,45.190223,0.0],[26.446189,45.190476,0.0],[26.446739,45.190578,0.0],[26.447328,45.19081,0.0],[26.447574,45.191014,0.0],[26.447769,45.191087,0.0],[26.448318,45.191186,0.0],[26.448753,45.191321,0.0],[26.449167,45.19159,0.0],[26.449458,45.191754,0.0],[26.449864,45.191883,0.0],[26.450439,45.192116,0.0],[26.450688,45.192284,0.0],[26.451184,45.192507,0.0],[26.451301,45.19258,0.0],[26.451443,45.19286,0.0],[26.451717,45.193151,0.0],[26.45187,45.193414,0.0],[26.452061,45.193559,0.0],[26.452136,45.193784,0.0],[26.45225,45.193945,0.0],[26.452747,45.194347,0.0],[26.453197,45.194525,0.0],[26.453434,45.19473,0.0],[26.453819,45.194935,0.0],[26.454098,45.195139,0.0],[26.454357,45.195271,0.0],[26.454644,45.195439,0.0],[26.454823,45.195454,0.0],[26.455087,45.19551,0.0],[26.455515,45.195566,0.0],[26.455873,45.195647,0.0],[26.456342,45.195836,0.0],[26.456665,45.195982,0.0],[26.456992,45.196107,0.0],[26.4576,45.19629,0.0],[26.458033,45.196554,0.0],[26.458143,45.196635,0.0],[26.458584,45.196959,0.0],[26.458821,45.197221,0.0],[26.459152,45.197667,0.0],[26.459307,45.197811,0.0],[26.459447,45.197872,0.0],[26.459758,45.197947,0.0],[26.460168,45.198047,0.0],[26.460238,45.198064,0.0],[26.460374,45.198097,0.0],[26.460412,45.198034,0.0],[26.460438,45.19795,0.0],[26.460615,45.197367,0.0],[26.460718,45.197028,0.0],[26.461048,45.19612,0.0],[26.46124,45.19578,0.0],[26.461432,45.19544,0.0],[26.461421,45.195154,0.0],[26.46144,45.194983,0.0],[26.461569,45.19456,0.0],[26.461614,45.194249,0.0],[26.461668,45.193549,0.0],[26.461716,45.192931,0.0],[26.461723,45.192848,0.0],[26.461753,45.191313,0.0],[26.461798,45.18898,0.0],[26.46183,45.188034,0.0],[26.461859,45.187067,0.0],[26.461845,45.186279,0.0],[26.46182,45.185716,0.0],[26.461827,45.185433,0.0],[26.461834,45.18515,0.0],[26.461804,45.18468,0.0],[26.461645,45.184332,0.0],[26.461537,45.184028,0.0],[26.461414,45.183796,0.0],[26.461285,45.183615,0.0],[26.46112,45.183363,0.0],[26.460953,45.183186,0.0],[26.460811,45.182886,0.0],[26.460755,45.182694,0.0],[26.460696,45.18213,0.0],[26.46068,45.181887,0.0],[26.460694,45.181504,0.0],[26.460724,45.181233,0.0],[26.460794,45.180976,0.0],[26.46098,45.180576,0.0],[26.461124,45.180372,0.0],[26.461299,45.179999,0.0],[26.46141,45.179639,0.0],[26.46145,45.179481,0.0],[26.46152,45.179217,0.0],[26.461559,45.179118,0.0],[26.461606,45.178982,0.0],[26.461659,45.178786,0.0],[26.461724,45.17861,0.0],[26.461759,45.178462,0.0],[26.461868,45.178123,0.0],[26.462033,45.177718,0.0],[26.462225,45.177318,0.0],[26.462283,45.177098,0.0],[26.462312,45.17645,0.0],[26.462222,45.176255,0.0],[26.462038,45.176083,0.0],[26.461757,45.175911,0.0],[26.461335,45.175687,0.0],[26.461206,45.175566,0.0],[26.461139,45.175361,0.0],[26.461146,45.17497,0.0],[26.461154,45.174827,0.0],[26.461183,45.174564,0.0],[26.461236,45.174206,0.0],[26.46127,45.173957,0.0],[26.461306,45.173651,0.0],[26.461339,45.173359,0.0],[26.461365,45.173234,0.0],[26.461411,45.173019,0.0],[26.461473,45.17286,0.0],[26.461515,45.172706,0.0],[26.461546,45.172008,0.0],[26.461572,45.171606,0.0],[26.461561,45.171014,0.0],[26.461533,45.170799,0.0],[26.461454,45.170565,0.0],[26.461288,45.170166,0.0],[26.461117,45.169571,0.0],[26.460959,45.169017,0.0],[26.460885,45.168546,0.0],[26.460646,45.167979,0.0],[26.460466,45.167255,0.0],[26.460471,45.167082,0.0],[26.460577,45.166452,0.0],[26.460612,45.166154,0.0],[26.460778,45.165966,0.0],[26.461139,45.165552,0.0],[26.461377,45.165243,0.0],[26.461648,45.164588,0.0],[26.461754,45.164229,0.0],[26.461844,45.163795,0.0],[26.461978,45.163586,0.0],[26.462056,45.163437,0.0],[26.462119,45.163204,0.0],[26.462105,45.162958,0.0],[26.462008,45.162709,0.0],[26.461965,45.162233,0.0],[26.462076,45.162084,0.0],[26.462183,45.161871,0.0],[26.462114,45.161423,0.0],[26.462018,45.160815,0.0],[26.462016,45.160475,0.0],[26.462029,45.159978,0.0],[26.462103,45.159807,0.0],[26.462127,45.159543,0.0],[26.462079,45.159349,0.0],[26.461974,45.158544,0.0],[26.462085,45.158271,0.0],[26.462227,45.158023,0.0],[26.462369,45.157776,0.0],[26.462485,45.157677,0.0],[26.46282,45.157371,0.0],[26.463349,45.156813,0.0],[26.4636,45.156463,0.0],[26.463954,45.155744,0.0],[26.46399,45.155364,0.0],[26.463931,45.154682,0.0],[26.464323,45.153948,0.0],[26.464458,45.153629,0.0],[26.464594,45.153309,0.0],[26.464778,45.1527,0.0],[26.465082,45.152141,0.0],[26.465278,45.15171,0.0],[26.465488,45.151382,0.0],[26.465714,45.151056,0.0],[26.46594,45.15073,0.0],[26.466017,45.150522,0.0],[26.466064,45.150422,0.0],[26.466266,45.150065,0.0],[26.466437,45.149805,0.0],[26.466716,45.149296,0.0],[26.466969,45.148792,0.0],[26.467115,45.148376,0.0],[26.467192,45.148012,0.0],[26.46735,45.147611,0.0],[26.467409,45.14718,0.0],[26.467788,45.146402,0.0],[26.4679,45.146167,0.0],[26.468244,45.145701,0.0],[26.468485,45.145183,0.0],[26.468559,45.14504,0.0],[26.468769,45.144784,0.0],[26.46887,45.144563,0.0],[26.468942,45.144239,0.0],[26.469025,45.143948,0.0],[26.469087,45.143821,0.0],[26.469218,45.143685,0.0],[26.469278,45.143562,0.0],[26.469383,45.143358,0.0],[26.46943,45.143271,0.0],[26.469477,45.143184,0.0],[26.469575,45.14295,0.0],[26.469704,45.142705,0.0],[26.469781,45.142584,0.0],[26.469607,45.1425,0.0],[26.469477,45.142456,0.0],[26.469516,45.142311,0.0],[26.469545,45.142046,0.0],[26.469564,45.1418,0.0],[26.469587,45.141597,0.0],[26.469602,45.141464,0.0],[26.469609,45.141402,0.0],[26.469617,45.14134,0.0],[26.469622,45.141264,0.0],[26.46962,45.141181,0.0],[26.469534,45.140999,0.0],[26.469503,45.140672,0.0],[26.469536,45.140415,0.0],[26.469491,45.14008,0.0],[26.469548,45.139933,0.0],[26.46958,45.139827,0.0],[26.469579,45.139524,0.0],[26.469404,45.139004,0.0],[26.469484,45.138445,0.0],[26.469492,45.138287,0.0],[26.469049,45.138217,0.0],[26.468652,45.138215,0.0],[26.468605,45.138895,0.0],[26.46855,45.139195,0.0],[26.467714,45.13918,0.0],[26.467341,45.139182,0.0],[26.466633,45.139196,0.0],[26.466397,45.139201,0.0],[26.466248,45.139173,0.0],[26.466034,45.139168,0.0],[26.465695,45.139173,0.0],[26.465528,45.139132,0.0],[26.465096,45.138737,0.0],[26.464545,45.138581,0.0],[26.463902,45.138445,0.0],[26.463523,45.138409,0.0],[26.463282,45.138321,0.0],[26.46286,45.138351,0.0],[26.462479,45.138279,0.0],[26.462209,45.138358,0.0],[26.461769,45.138279,0.0],[26.461302,45.13826,0.0],[26.460871,45.138128,0.0],[26.460796,45.13805,0.0],[26.460765,45.137809,0.0],[26.460642,45.13766,0.0],[26.460706,45.137522,0.0],[26.460751,45.137391,0.0],[26.4606,45.137277,0.0],[26.460541,45.137189,0.0],[26.460156,45.137219,0.0],[26.460074,45.13744,0.0],[26.459828,45.137432,0.0],[26.459046,45.137208,0.0],[26.45901,45.136678,0.0],[26.459014,45.136215,0.0],[26.458981,45.136109,0.0],[26.458512,45.136139,0.0],[26.458267,45.136209,0.0],[26.458126,45.136647,0.0],[26.458019,45.136666,0.0],[26.457986,45.136751,0.0],[26.457883,45.13674,0.0],[26.457362,45.136654,0.0],[26.457258,45.136594,0.0],[26.457244,45.136289,0.0],[26.457192,45.13626,0.0],[26.45701,45.136311,0.0],[26.456758,45.136289,0.0],[26.45634,45.13614,0.0],[26.456326,45.136005,0.0],[26.456369,45.135668,0.0],[26.456459,45.135179,0.0],[26.456486,45.134612,0.0],[26.456458,45.133735,0.0],[26.456432,45.133078,0.0],[26.456471,45.132864,0.0],[26.45651,45.132649,0.0],[26.456533,45.132272,0.0],[26.45648,45.131855,0.0],[26.45646,45.131484,0.0],[26.456483,45.130309,0.0],[26.45645,45.129376,0.0],[26.456477,45.129079,0.0],[26.456466,45.128922,0.0],[26.456222,45.128795,0.0],[26.455559,45.128589,0.0],[26.454427,45.128387,0.0],[26.453404,45.128165,0.0],[26.453124,45.128065,0.0],[26.452944,45.127918,0.0],[26.452674,45.127235,0.0],[26.451953,45.127174,0.0],[26.451839,45.127292,0.0],[26.451652,45.127373,0.0],[26.451151,45.127472,0.0],[26.451048,45.127442,0.0],[26.45088,45.127285,0.0],[26.450712,45.127127,0.0],[26.450151,45.12676,0.0],[26.450093,45.126631,0.0],[26.450093,45.12649,0.0],[26.449857,45.126227,0.0],[26.449532,45.12614,0.0],[26.449507,45.126125,0.0],[26.449483,45.126108,0.0],[26.449563,45.125331,0.0],[26.449513,45.124041,0.0],[26.44945,45.122639,0.0],[26.449373,45.122131,0.0],[26.449295,45.121623,0.0],[26.44921,45.120869,0.0],[26.449204,45.120266,0.0],[26.44921,45.119837,0.0],[26.44918,45.119252,0.0],[26.449189,45.119195,0.0],[26.449618,45.119215,0.0],[26.449653,45.118946,0.0],[26.44966,45.118624,0.0],[26.44965,45.118295,0.0],[26.449566,45.11734,0.0],[26.449597,45.116718,0.0],[26.449592,45.116428,0.0],[26.449512,45.115505,0.0],[26.449461,45.115184,0.0],[26.449458,45.115134,0.0],[26.449528,45.115024,0.0],[26.449747,45.115031,0.0],[26.450034,45.115103,0.0],[26.450225,45.115103,0.0],[26.450445,45.115089,0.0],[26.45071,45.115055,0.0],[26.451132,45.114971,0.0],[26.451279,45.114954,0.0],[26.45133,45.114978,0.0],[26.451386,45.115045,0.0],[26.451438,45.115215,0.0],[26.451418,45.115424,0.0],[26.451368,45.11556,0.0],[26.451282,45.115629,0.0],[26.451264,45.11568,0.0],[26.451337,45.115723,0.0],[26.451734,45.115755,0.0],[26.451928,45.115748,0.0],[26.452037,45.115713,0.0],[26.452089,45.115664,0.0],[26.452082,45.115624,0.0],[26.452043,45.115553,0.0],[26.451978,45.115467,0.0],[26.452023,45.115282,0.0],[26.452139,45.115138,0.0],[26.452295,45.114954,0.0],[26.452347,45.114916,0.0],[26.452377,45.114764,0.0],[26.45237,45.114499,0.0],[26.452331,45.114326,0.0],[26.452264,45.114257,0.0],[26.452235,45.114019,0.0],[26.452275,45.113737,0.0],[26.452291,45.113719,0.0],[26.452457,45.113429,0.0],[26.452787,45.112907,0.0],[26.453244,45.112356,0.0],[26.453368,45.112151,0.0],[26.453403,45.111948,0.0],[26.453278,45.111535,0.0],[26.453258,45.111279,0.0],[26.453179,45.111171,0.0],[26.453123,45.111089,0.0],[26.453089,45.110969,0.0],[26.453088,45.110785,0.0],[26.453076,45.110669,0.0],[26.453014,45.110418,0.0],[26.452947,45.110273,0.0],[26.452817,45.110092,0.0],[26.452647,45.109844,0.0],[26.452494,45.109599,0.0],[26.452401,45.109413,0.0],[26.452383,45.109206,0.0],[26.452384,45.109037,0.0],[26.452182,45.108664,0.0],[26.452072,45.108553,0.0],[26.45204,45.10833,0.0],[26.452082,45.108169,0.0],[26.452215,45.107937,0.0],[26.452401,45.107601,0.0],[26.452567,45.107211,0.0],[26.452648,45.107049,0.0],[26.452898,45.106813,0.0],[26.453311,45.10665,0.0],[26.453471,45.106579,0.0],[26.453589,45.106261,0.0],[26.453833,45.106063,0.0],[26.4539,45.105843,0.0],[26.453833,45.105609,0.0],[26.453753,45.105521,0.0],[26.453748,45.105455,0.0],[26.453787,45.105401,0.0],[26.453849,45.105362,0.0],[26.453958,45.105339,0.0],[26.454027,45.105316,0.0],[26.454103,45.105257,0.0],[26.454117,45.105181,0.0],[26.453846,45.104309,0.0],[26.453918,45.103955,0.0],[26.453838,45.103809,0.0],[26.453795,45.103654,0.0],[26.453732,45.102992,0.0],[26.453768,45.102675,0.0],[26.453841,45.10234,0.0],[26.454088,45.101962,0.0],[26.454194,45.101837,0.0],[26.454311,45.101524,0.0],[26.454491,45.101301,0.0],[26.454514,45.101177,0.0],[26.454465,45.101024,0.0],[26.454535,45.100947,0.0],[26.45459,45.100786,0.0],[26.454572,45.100548,0.0],[26.454595,45.1003,0.0],[26.454598,45.100165,0.0],[26.454728,45.099852,0.0],[26.454744,45.099645,0.0],[26.453915,45.099308,0.0],[26.453096,45.098908,0.0],[26.452896,45.098828,0.0],[26.452001,45.098529,0.0],[26.452248,45.097799,0.0],[26.452549,45.097281,0.0],[26.452764,45.097041,0.0],[26.452965,45.096552,0.0],[26.453229,45.096179,0.0],[26.453298,45.096056,0.0],[26.453395,45.095699,0.0],[26.45359,45.095358,0.0],[26.453694,45.095073,0.0],[26.453728,45.094952,0.0],[26.453756,45.094889,0.0],[26.453807,45.094821,0.0],[26.453887,45.094725,0.0],[26.453966,45.094632,0.0],[26.454009,45.094527,0.0],[26.454042,45.094435,0.0],[26.454057,45.094322,0.0],[26.45403,45.094207,0.0],[26.454029,45.094161,0.0],[26.454117,45.094084,0.0],[26.45424,45.093934,0.0],[26.454299,45.093837,0.0],[26.454314,45.093756,0.0],[26.454338,45.093674,0.0],[26.454435,45.093565,0.0],[26.454557,45.093508,0.0],[26.454763,45.093365,0.0],[26.454918,45.093207,0.0],[26.454999,45.093106,0.0],[26.45519,45.092805,0.0],[26.455278,45.092664,0.0],[26.455351,45.092554,0.0],[26.455531,45.092395,0.0],[26.455797,45.092215,0.0],[26.456008,45.092106,0.0],[26.456243,45.091953,0.0],[26.456268,45.09193,0.0],[26.456156,45.091873,0.0],[26.456083,45.091855,0.0],[26.456019,45.091852,0.0],[26.455914,45.091864,0.0],[26.455797,45.091872,0.0],[26.455648,45.091855,0.0],[26.455575,45.091834,0.0],[26.455287,45.091714,0.0],[26.454964,45.091568,0.0],[26.454484,45.091379,0.0],[26.454203,45.091254,0.0],[26.453772,45.091031,0.0],[26.453448,45.090902,0.0],[26.453278,45.090815,0.0],[26.452571,45.090403,0.0],[26.452433,45.090009,0.0],[26.452124,45.089898,0.0],[26.452089,45.089369,0.0],[26.452162,45.089294,0.0],[26.452143,45.089146,0.0],[26.452022,45.088994,0.0],[26.452011,45.088834,0.0],[26.452225,45.088433,0.0],[26.452353,45.087844,0.0],[26.452118,45.087705,0.0],[26.45361,45.08562,0.0],[26.45405,45.08501,0.0],[26.454673,45.084132,0.0],[26.455149,45.083467,0.0],[26.455395,45.083102,0.0],[26.455535,45.082928,0.0],[26.455818,45.082434,0.0],[26.456007,45.081995,0.0],[26.456242,45.081632,0.0],[26.456008,45.081718,0.0],[26.455755,45.081746,0.0],[26.455397,45.081736,0.0],[26.4548,45.081597,0.0],[26.454087,45.081213,0.0],[26.453907,45.08114,0.0],[26.453716,45.081207,0.0],[26.453598,45.081311,0.0],[26.453576,45.081357,0.0],[26.453443,45.081721,0.0],[26.453319,45.081908,0.0],[26.453154,45.082078,0.0],[26.452985,45.082212,0.0],[26.452745,45.082381,0.0],[26.452304,45.082724,0.0],[26.452042,45.082929,0.0],[26.451816,45.083081,0.0],[26.451704,45.083145,0.0],[26.451412,45.083292,0.0],[26.451377,45.083308,0.0],[26.451054,45.083,0.0],[26.450386,45.082175,0.0],[26.449694,45.081504,0.0],[26.449746,45.081422,0.0],[26.449699,45.081258,0.0],[26.449456,45.080892,0.0],[26.449367,45.080651,0.0],[26.449213,45.080455,0.0],[26.448882,45.080183,0.0],[26.448836,45.080063,0.0],[26.448859,45.07977,0.0],[26.449002,45.079392,0.0],[26.449006,45.079296,0.0],[26.44894,45.079243,0.0],[26.448796,45.07922,0.0],[26.448475,45.079257,0.0],[26.447933,45.079411,0.0],[26.447353,45.079617,0.0],[26.447104,45.079719,0.0],[26.446953,45.079762,0.0],[26.446836,45.079783,0.0],[26.446718,45.079797,0.0],[26.446588,45.079807,0.0],[26.446334,45.079906,0.0],[26.446167,45.079988,0.0],[26.445814,45.080177,0.0],[26.445732,45.080217,0.0],[26.445656,45.080202,0.0],[26.445564,45.080165,0.0],[26.445453,45.080101,0.0],[26.444807,45.079705,0.0],[26.444156,45.079326,0.0],[26.44358,45.078992,0.0],[26.443342,45.078906,0.0],[26.442965,45.078823,0.0],[26.442972,45.078766,0.0],[26.442985,45.078682,0.0],[26.442985,45.078621,0.0],[26.442973,45.07856,0.0],[26.442946,45.078491,0.0],[26.442944,45.078414,0.0],[26.442978,45.07799,0.0],[26.442987,45.077882,0.0],[26.44301,45.077512,0.0],[26.442996,45.077325,0.0],[26.442982,45.077137,0.0],[26.442961,45.076858,0.0],[26.442973,45.07669,0.0],[26.442986,45.076522,0.0],[26.443037,45.076342,0.0],[26.44312,45.076189,0.0],[26.443133,45.076106,0.0],[26.443177,45.075818,0.0],[26.443221,45.075751,0.0],[26.443265,45.075684,0.0],[26.443256,45.075646,0.0],[26.443266,45.07561,0.0],[26.443304,45.075554,0.0],[26.443319,45.075512,0.0],[26.443346,45.075474,0.0],[26.443375,45.075447,0.0],[26.443452,45.075312,0.0],[26.443535,45.075208,0.0],[26.443636,45.07512,0.0],[26.443719,45.075068,0.0],[26.443912,45.074971,0.0],[26.443998,45.074913,0.0],[26.444038,45.074873,0.0],[26.444078,45.074813,0.0],[26.444136,45.074758,0.0],[26.444268,45.074677,0.0],[26.444423,45.074625,0.0],[26.444512,45.074608,0.0],[26.444547,45.074591,0.0],[26.444628,45.074571,0.0],[26.444813,45.074493,0.0],[26.444901,45.074441,0.0],[26.444912,45.074445,0.0],[26.444971,45.074433,0.0],[26.444993,45.074437,0.0],[26.445009,45.074433,0.0],[26.44503,45.07444,0.0],[26.445111,45.074429,0.0],[26.445133,45.074432,0.0],[26.445213,45.074404,0.0],[26.44528,45.074358,0.0],[26.445347,45.074292,0.0],[26.445397,45.07422,0.0],[26.445434,45.07414,0.0],[26.445444,45.074071,0.0],[26.445479,45.073991,0.0],[26.445644,45.073784,0.0],[26.445744,45.073625,0.0],[26.445805,45.073486,0.0],[26.445805,45.073463,0.0],[26.445822,45.073417,0.0],[26.445826,45.073388,0.0],[26.445857,45.073312,0.0],[26.445916,45.073262,0.0],[26.446107,45.073229,0.0],[26.446209,45.073202,0.0],[26.446327,45.073184,0.0],[26.446478,45.07318,0.0],[26.446651,45.073185,0.0],[26.446909,45.073183,0.0],[26.447017,45.073171,0.0],[26.44714,45.073146,0.0],[26.447511,45.073036,0.0],[26.44764,45.073005,0.0],[26.448,45.072893,0.0],[26.4483,45.07277,0.0],[26.44848,45.072708,0.0],[26.448724,45.072614,0.0],[26.448765,45.072605,0.0],[26.448993,45.072503,0.0],[26.449105,45.072466,0.0],[26.44925,45.072439,0.0],[26.449791,45.07238,0.0],[26.450025,45.072341,0.0],[26.450369,45.072294,0.0],[26.450536,45.072258,0.0],[26.450608,45.072237,0.0],[26.450674,45.072218,0.0],[26.450707,45.072208,0.0],[26.450715,45.072206,0.0],[26.450729,45.072202,0.0],[26.451019,45.072105,0.0],[26.451251,45.072086,0.0],[26.451359,45.072085,0.0],[26.451652,45.07205,0.0],[26.452009,45.071961,0.0],[26.452222,45.071934,0.0],[26.452563,45.071868,0.0],[26.452644,45.071845,0.0],[26.452818,45.07181,0.0],[26.452918,45.071783,0.0],[26.45303,45.071739,0.0],[26.453229,45.071639,0.0],[26.453556,45.071506,0.0],[26.453669,45.071471,0.0],[26.453846,45.071429,0.0],[26.454018,45.071398,0.0],[26.454222,45.071371,0.0],[26.454524,45.071358,0.0],[26.454632,45.071339,0.0],[26.454755,45.071327,0.0],[26.454863,45.071328,0.0],[26.454901,45.071342,0.0],[26.455009,45.071349,0.0],[26.455149,45.071352,0.0],[26.455203,45.071348,0.0],[26.455337,45.071333,0.0],[26.455455,45.071309,0.0],[26.455628,45.071253,0.0],[26.455823,45.071186,0.0],[26.455863,45.071167,0.0],[26.456014,45.071125,0.0],[26.456137,45.071097,0.0],[26.456245,45.071088,0.0],[26.456687,45.071084,0.0],[26.457161,45.071113,0.0],[26.457236,45.071125,0.0],[26.45743,45.071139,0.0],[26.457506,45.071139,0.0],[26.457562,45.071127,0.0],[26.457616,45.071106,0.0],[26.457717,45.071022,0.0],[26.457757,45.070999,0.0],[26.457806,45.070982,0.0],[26.457935,45.070993,0.0],[26.457989,45.071014,0.0],[26.458108,45.071082,0.0],[26.458195,45.071106,0.0],[26.458281,45.071112,0.0],[26.458539,45.071107,0.0],[26.458566,45.071102,0.0],[26.45862,45.071071,0.0],[26.45863,45.071035,0.0],[26.458616,45.070951,0.0],[26.458567,45.070836,0.0],[26.458571,45.070775,0.0],[26.458619,45.070668,0.0],[26.458629,45.070622,0.0],[26.458607,45.070515,0.0],[26.45853,45.070432,0.0],[26.458251,45.070215,0.0],[26.458221,45.070169,0.0],[26.458226,45.070137,0.0],[26.458242,45.070112,0.0],[26.458271,45.070091,0.0],[26.458357,45.070085,0.0],[26.458411,45.070102,0.0],[26.458477,45.070153,0.0],[26.458504,45.070193,0.0],[26.458518,45.070233,0.0],[26.458557,45.070277,0.0],[26.458565,45.070273,0.0],[26.458571,45.070271,0.0],[26.458606,45.070256,0.0],[26.45865,45.070238,0.0],[26.458709,45.070214,0.0],[26.458761,45.070192,0.0],[26.458777,45.070186,0.0],[26.458779,45.070185,0.0],[26.458832,45.070183,0.0],[26.458919,45.070189,0.0],[26.459103,45.070294,0.0],[26.459157,45.070317,0.0],[26.4592,45.070313,0.0],[26.459312,45.070257,0.0],[26.459452,45.070221,0.0],[26.459517,45.070221,0.0],[26.459716,45.070182,0.0],[26.459896,45.070179,0.0],[26.460022,45.070167,0.0],[26.460163,45.070171,0.0],[26.460454,45.070222,0.0],[26.460637,45.070234,0.0],[26.460777,45.070257,0.0],[26.460858,45.070255,0.0],[26.460971,45.070245,0.0],[26.461175,45.070208,0.0],[26.461466,45.070146,0.0],[26.46174,45.070095,0.0],[26.462278,45.070025,0.0],[26.462789,45.07003,0.0],[26.462849,45.070031,0.0],[26.462859,45.07003,0.0],[26.462893,45.070028,0.0],[26.46296,45.070023,0.0],[26.463007,45.070019,0.0],[26.463033,45.069881,0.0],[26.46306,45.06981,0.0],[26.463065,45.069799,0.0],[26.463088,45.069755,0.0],[26.463096,45.06974,0.0],[26.463171,45.069635,0.0],[26.463239,45.069463,0.0],[26.46326,45.069381,0.0],[26.46331,45.069302,0.0],[26.46336,45.069258,0.0],[26.463454,45.069168,0.0],[26.463489,45.069115,0.0],[26.463505,45.069069,0.0],[26.46351,45.069042,0.0],[26.463498,45.068989,0.0],[26.463449,45.06889,0.0],[26.463453,45.068775,0.0],[26.463492,45.068657,0.0],[26.463625,45.068435,0.0],[26.463636,45.068427,0.0],[26.463723,45.06827,0.0],[26.463834,45.068098,0.0],[26.464089,45.067725,0.0],[26.464344,45.067352,0.0],[26.464709,45.066923,0.0],[26.464837,45.066799,0.0],[26.465096,45.066575,0.0],[26.465302,45.066381,0.0],[26.465459,45.066253,0.0],[26.46554,45.066197,0.0],[26.465698,45.066109,0.0],[26.465743,45.066065,0.0],[26.465895,45.065958,0.0],[26.465978,45.065879,0.0],[26.466347,45.065613,0.0],[26.466443,45.065528,0.0],[26.466558,45.06541,0.0],[26.466766,45.06523,0.0],[26.467036,45.065007,0.0],[26.467052,45.065004,0.0],[26.467238,45.064821,0.0],[26.46732,45.064766,0.0],[26.467716,45.064379,0.0],[26.46798,45.064096,0.0],[26.468513,45.063604,0.0],[26.468761,45.063358,0.0],[26.468876,45.063137,0.0],[26.468997,45.062808,0.0],[26.469031,45.062686,0.0],[26.469068,45.062495,0.0],[26.46911,45.062404,0.0],[26.469145,45.062222,0.0],[26.469166,45.062161,0.0],[26.469196,45.062123,0.0],[26.46923,45.062047,0.0],[26.469307,45.061956,0.0],[26.46936,45.061857,0.0],[26.469465,45.06156,0.0],[26.469514,45.061326,0.0],[26.469571,45.061004,0.0],[26.46957,45.060446,0.0],[26.469625,45.060187,0.0],[26.469715,45.059959,0.0],[26.469756,45.059891,0.0],[26.469972,45.059579,0.0],[26.470267,45.059223,0.0],[26.470553,45.058913,0.0],[26.470837,45.058541,0.0],[26.471005,45.058295,0.0],[26.471171,45.058097,0.0],[26.471589,45.057712,0.0],[26.471819,45.057523,0.0],[26.472205,45.057161,0.0],[26.47252,45.05684,0.0],[26.472634,45.056669,0.0],[26.472748,45.056309,0.0],[26.472799,45.05603,0.0],[26.47284,45.055475,0.0],[26.472872,45.05533,0.0],[26.473089,45.054622,0.0],[26.473182,45.054418,0.0],[26.473442,45.053678,0.0],[26.473567,45.053269,0.0],[26.473783,45.052627,0.0],[26.473864,45.052284,0.0],[26.473947,45.05201,0.0],[26.474083,45.051438,0.0],[26.474217,45.050714,0.0],[26.474504,45.04967,0.0],[26.474594,45.049109,0.0],[26.474634,45.048724,0.0],[26.474704,45.0483,0.0],[26.474756,45.048034,0.0],[26.474824,45.047508,0.0],[26.474843,45.047437,0.0],[26.4749,45.047433,0.0],[26.475726,45.047417,0.0],[26.477054,45.047458,0.0],[26.477352,45.047516,0.0],[26.477557,45.047576,0.0],[26.477651,45.047568,0.0],[26.477751,45.047542,0.0],[26.477939,45.047448,0.0],[26.477875,45.046246,0.0],[26.477716,45.044067,0.0],[26.477511,45.041074,0.0],[26.477484,45.040674,0.0],[26.477431,45.039988,0.0],[26.477378,45.039303,0.0],[26.477372,45.039163,0.0],[26.477365,45.039024,0.0],[26.477313,45.038547,0.0],[26.477292,45.03818,0.0],[26.477227,45.037375,0.0],[26.477172,45.036382,0.0],[26.477141,45.035976,0.0],[26.477082,45.035183,0.0],[26.477008,45.034267,0.0],[26.477009,45.034081,0.0],[26.477189,45.033825,0.0],[26.477825,45.032912,0.0],[26.478036,45.032615,0.0],[26.478511,45.031963,0.0],[26.478593,45.031851,0.0],[26.47897,45.031328,0.0],[26.479191,45.031028,0.0],[26.479818,45.030183,0.0],[26.480025,45.029898,0.0],[26.480777,45.028872,0.0],[26.481426,45.027998,0.0],[26.481692,45.027643,0.0],[26.481729,45.027594,0.0],[26.48205,45.027161,0.0],[26.482716,45.026248,0.0],[26.48285,45.026066,0.0],[26.482931,45.025957,0.0],[26.483633,45.025016,0.0],[26.483993,45.024541,0.0],[26.484178,45.024294,0.0],[26.484363,45.024048,0.0],[26.484917,45.023292,0.0],[26.486043,45.02181,0.0],[26.486627,45.021014,0.0],[26.486847,45.020688,0.0],[26.487152,45.020207,0.0],[26.487263,45.020059,0.0],[26.484391,45.018847,0.0],[26.484703,45.018248,0.0],[26.485158,45.017548,0.0],[26.485542,45.017018,0.0],[26.4857,45.016753,0.0],[26.485849,45.016679,0.0],[26.485895,45.016399,0.0],[26.48599,45.016219,0.0],[26.486078,45.016002,0.0],[26.486213,45.015747,0.0],[26.486408,45.015403,0.0],[26.486607,45.015092,0.0],[26.486756,45.014828,0.0],[26.487093,45.014195,0.0],[26.48763,45.01329,0.0],[26.487823,45.012958,0.0],[26.488076,45.012542,0.0],[26.488105,45.012436,0.0],[26.488276,45.011979,0.0],[26.488494,45.01151,0.0],[26.488646,45.011232,0.0],[26.488909,45.010758,0.0],[26.489679,45.009427,0.0],[26.489862,45.009116,0.0],[26.490229,45.008514,0.0],[26.490502,45.008047,0.0],[26.490698,45.007663,0.0],[26.490986,45.00718,0.0],[26.491395,45.006392,0.0],[26.491592,45.006049,0.0],[26.492,45.005365,0.0],[26.492414,45.005494,0.0],[26.492926,45.005655,0.0],[26.493375,45.0058,0.0],[26.494121,45.006038,0.0],[26.496242,45.00672,0.0],[26.496658,45.006211,0.0],[26.497033,45.00574,0.0],[26.497484,45.005178,0.0],[26.497922,45.004625,0.0],[26.498275,45.004178,0.0],[26.498554,45.003823,0.0],[26.498872,45.003401,0.0],[26.49933,45.002837,0.0],[26.499573,45.002532,0.0],[26.500473,45.001376,0.0],[26.500944,45.000771,0.0],[26.501645,44.99987,0.0],[26.5017,44.999799,0.0],[26.501808,44.999659,0.0],[26.501847,44.99961,0.0],[26.501931,44.999509,0.0],[26.502403,44.999681,0.0],[26.502875,44.999853,0.0],[26.503679,45.00017,0.0],[26.504199,45.000376,0.0],[26.504406,45.000458,0.0],[26.505706,45.000955,0.0],[26.506125,45.001128,0.0],[26.506574,45.001287,0.0],[26.5071,45.001493,0.0],[26.507518,45.001657,0.0],[26.508011,45.001851,0.0],[26.508667,45.002099,0.0],[26.510117,45.002671,0.0],[26.512635,45.003605,0.0],[26.513601,45.003973,0.0],[26.513542,45.00414,0.0],[26.513264,45.004729,0.0],[26.513017,45.005259,0.0],[26.512448,45.006493,0.0],[26.512308,45.006818,0.0],[26.512089,45.007431,0.0],[26.511851,45.008011,0.0],[26.511539,45.008677,0.0],[26.511355,45.008947,0.0],[26.511251,45.009351,0.0],[26.510932,45.009972,0.0],[26.510482,45.011198,0.0],[26.510193,45.011872,0.0],[26.510036,45.012534,0.0],[26.510016,45.012713,0.0],[26.510026,45.01287,0.0],[26.511348,45.013152,0.0],[26.512769,45.013462,0.0],[26.513775,45.013696,0.0],[26.515434,45.014086,0.0],[26.517828,45.014684,0.0],[26.519345,45.012757,0.0],[26.52789,45.014536,0.0],[26.529566,45.014876,0.0],[26.529988,45.013948,0.0],[26.530573,45.01246,0.0],[26.531442,45.010371,0.0],[26.531661,45.009784,0.0],[26.532158,45.008688,0.0],[26.532477,45.007956,0.0],[26.532956,45.006862,0.0],[26.533147,45.006364,0.0],[26.533618,45.005247,0.0],[26.534422,45.003401,0.0],[26.534591,45.003015,0.0],[26.537646,45.001591,0.0],[26.539983,45.000528,0.0],[26.54072,45.000202,0.0],[26.542152,44.999522,0.0],[26.543575,44.998871,0.0],[26.544595,44.998396,0.0],[26.547007,44.997259,0.0],[26.547149,44.99719,0.0],[26.548033,44.997448,0.0],[26.548994,44.997715,0.0],[26.550333,44.998104,0.0],[26.551312,44.99839,0.0],[26.552116,44.998623,0.0],[26.552462,44.998718,0.0],[26.553522,44.999023,0.0],[26.554928,44.999419,0.0],[26.554946,44.999402,0.0],[26.555484,44.998914,0.0],[26.555668,44.998747,0.0],[26.556841,44.997683,0.0],[26.557678,44.996923,0.0],[26.559282,44.995525,0.0],[26.559267,44.995497,0.0],[26.559506,44.995271,0.0],[26.559954,44.994918,0.0],[26.560258,44.994671,0.0],[26.560613,44.994414,0.0],[26.560811,44.994268,0.0],[26.560927,44.994175,0.0],[26.559231,44.99338,0.0],[26.559986,44.992532,0.0],[26.561197,44.990985,0.0],[26.561238,44.990936,0.0],[26.561378,44.990979,0.0],[26.561874,44.990368,0.0],[26.561925,44.990305,0.0],[26.561951,44.990274,0.0],[26.561976,44.990242,0.0],[26.562015,44.990195,0.0],[26.56204,44.990163,0.0],[26.562066,44.990132,0.0],[26.562092,44.9901,0.0],[26.562117,44.990069,0.0],[26.562143,44.990037,0.0],[26.562168,44.990006,0.0],[26.562194,44.989974,0.0],[26.562272,44.98988,0.0],[26.562297,44.989849,0.0],[26.562323,44.989817,0.0],[26.562362,44.98977,0.0],[26.562388,44.989738,0.0],[26.562414,44.989707,0.0],[26.562439,44.989675,0.0],[26.562465,44.989644,0.0],[26.562479,44.989628,0.0],[26.562518,44.98958,0.0],[26.562543,44.989549,0.0],[26.562698,44.98936,0.0],[26.562737,44.989313,0.0],[26.56275,44.989297,0.0],[26.562776,44.989265,0.0],[26.562802,44.989234,0.0],[26.562828,44.989202,0.0],[26.562879,44.989139,0.0],[26.562918,44.989092,0.0],[26.56297,44.989029,0.0],[26.563021,44.988966,0.0],[26.563047,44.988935,0.0],[26.563073,44.988903,0.0],[26.563086,44.988888,0.0],[26.563105,44.988864,0.0],[26.563157,44.988801,0.0],[26.563175,44.988779,0.0],[26.563188,44.988763,0.0],[26.5632,44.988748,0.0],[26.563213,44.988733,0.0],[26.563233,44.988708,0.0],[26.563246,44.988693,0.0],[26.56331,44.988615,0.0],[26.563336,44.988583,0.0],[26.563348,44.988568,0.0],[26.563389,44.988519,0.0],[26.563492,44.988393,0.0],[26.563543,44.98833,0.0],[26.563633,44.988221,0.0],[26.563685,44.988158,0.0],[26.563724,44.98811,0.0],[26.563776,44.988047,0.0],[26.563827,44.987984,0.0],[26.563862,44.987942,0.0],[26.563914,44.987879,0.0],[26.563953,44.987831,0.0],[26.563979,44.9878,0.0],[26.564005,44.987768,0.0],[26.56403,44.987737,0.0],[26.564094,44.987659,0.0],[26.564172,44.987564,0.0],[26.564198,44.987533,0.0],[26.564223,44.987501,0.0],[26.564249,44.98747,0.0],[26.564275,44.987439,0.0],[26.564301,44.987407,0.0],[26.564327,44.987376,0.0],[26.564352,44.987344,0.0],[26.564378,44.987313,0.0],[26.564404,44.987281,0.0],[26.564468,44.987203,0.0],[26.56452,44.98714,0.0],[26.564545,44.987109,0.0],[26.564571,44.987077,0.0],[26.564649,44.986983,0.0],[26.564674,44.986952,0.0],[26.5647,44.98692,0.0],[26.564726,44.986889,0.0],[26.564752,44.986857,0.0],[26.564803,44.986794,0.0],[26.564843,44.986747,0.0],[26.564868,44.986715,0.0],[26.564894,44.986684,0.0],[26.56492,44.986652,0.0],[26.564946,44.986621,0.0],[26.564972,44.986589,0.0],[26.565023,44.986527,0.0],[26.565049,44.986495,0.0],[26.565101,44.986432,0.0],[26.565191,44.986323,0.0],[26.565242,44.98626,0.0],[26.565345,44.986134,0.0],[26.565385,44.986086,0.0],[26.565436,44.986023,0.0],[26.565462,44.985992,0.0],[26.565488,44.98596,0.0],[26.565514,44.985929,0.0],[26.565553,44.985881,0.0],[26.565578,44.98585,0.0],[26.565604,44.985818,0.0],[26.56563,44.985787,0.0],[26.565733,44.985661,0.0],[26.565816,44.985561,0.0],[26.565841,44.985529,0.0],[26.56588,44.985482,0.0],[26.565932,44.985419,0.0],[26.566061,44.985261,0.0],[26.56619,44.985104,0.0],[26.566216,44.985073,0.0],[26.566268,44.98501,0.0],[26.566294,44.984978,0.0],[26.566319,44.984947,0.0],[26.566371,44.984884,0.0],[26.566423,44.984821,0.0],[26.566448,44.984789,0.0],[26.566474,44.984758,0.0],[26.566526,44.984695,0.0],[26.566552,44.984663,0.0],[26.566574,44.984636,0.0],[26.566601,44.984599,0.0],[26.566647,44.984535,0.0],[26.56667,44.984503,0.0],[26.566717,44.984438,0.0],[26.566741,44.984406,0.0],[26.566764,44.984373,0.0],[26.566836,44.984273,0.0],[26.566871,44.984238,0.0],[26.5669,44.984201,0.0],[26.566912,44.984185,0.0],[26.566943,44.984146,0.0],[26.566992,44.984082,0.0],[26.567042,44.984018,0.0],[26.567092,44.983954,0.0],[26.567142,44.98389,0.0],[26.567179,44.983842,0.0],[26.567229,44.983778,0.0],[26.567279,44.983714,0.0],[26.567329,44.98365,0.0],[26.567379,44.983585,0.0],[26.567403,44.983553,0.0],[26.567465,44.983474,0.0],[26.56749,44.983442,0.0],[26.56754,44.983378,0.0],[26.567558,44.983354,0.0],[26.567608,44.98329,0.0],[26.567633,44.983258,0.0],[26.567658,44.983226,0.0],[26.567683,44.983194,0.0],[26.567732,44.983131,0.0],[26.567777,44.983074,0.0],[26.567854,44.982978,0.0],[26.567905,44.982915,0.0],[26.567956,44.982851,0.0],[26.568007,44.982787,0.0],[26.568058,44.982723,0.0],[26.568135,44.982627,0.0],[26.56816,44.982596,0.0],[26.568199,44.982547,0.0],[26.56825,44.982483,0.0],[26.568326,44.982388,0.0],[26.568352,44.982356,0.0],[26.568403,44.982292,0.0],[26.568429,44.98226,0.0],[26.568454,44.982228,0.0],[26.56848,44.982196,0.0],[26.568505,44.982164,0.0],[26.568531,44.982131,0.0],[26.568685,44.98194,0.0],[26.568748,44.98186,0.0],[26.568787,44.981812,0.0],[26.568889,44.981684,0.0],[26.569017,44.981524,0.0],[26.569094,44.981428,0.0],[26.569119,44.981396,0.0],[26.56917,44.981332,0.0],[26.569196,44.9813,0.0],[26.569208,44.981285,0.0],[26.56926,44.981221,0.0],[26.569285,44.981189,0.0],[26.569311,44.981157,0.0],[26.5694,44.981045,0.0],[26.569465,44.980967,0.0],[26.569492,44.980935,0.0],[26.569545,44.980872,0.0],[26.569571,44.98084,0.0],[26.569598,44.980809,0.0],[26.569624,44.980777,0.0],[26.569717,44.980667,0.0],[26.569849,44.980509,0.0],[26.569876,44.980478,0.0],[26.569928,44.980414,0.0],[26.569955,44.980383,0.0],[26.570008,44.98032,0.0],[26.570034,44.980288,0.0],[26.570087,44.980225,0.0],[26.570114,44.980194,0.0],[26.570154,44.980146,0.0],[26.570207,44.980083,0.0],[26.570233,44.980051,0.0],[26.570435,44.979836,0.0],[26.571337,44.978726,0.0],[26.572225,44.977671,0.0],[26.572539,44.977322,0.0],[26.573724,44.975878,0.0],[26.574161,44.975362,0.0],[26.575995,44.973195,0.0],[26.576559,44.972494,0.0],[26.577071,44.971806,0.0],[26.57724,44.971541,0.0],[26.577431,44.971072,0.0],[26.577634,44.970258,0.0],[26.577903,44.969031,0.0],[26.578112,44.967865,0.0],[26.579337,44.961055,0.0],[26.579396,44.961078,0.0],[26.585312,44.962317,0.0],[26.586398,44.962544,0.0],[26.587441,44.962762,0.0],[26.588062,44.962892,0.0],[26.591415,44.963695,0.0],[26.592791,44.964025,0.0],[26.593278,44.963464,0.0],[26.593753,44.962916,0.0],[26.594027,44.9626,0.0],[26.594182,44.962425,0.0],[26.594959,44.961547,0.0],[26.595378,44.961072,0.0],[26.595685,44.960745,0.0],[26.595904,44.960513,0.0],[26.596141,44.960253,0.0],[26.596393,44.959948,0.0],[26.596582,44.959721,0.0],[26.596764,44.959497,0.0],[26.597135,44.959078,0.0],[26.597518,44.958639,0.0],[26.59776,44.958372,0.0],[26.598226,44.95783,0.0],[26.599685,44.95615,0.0],[26.599935,44.955848,0.0],[26.593046,44.954569,0.0],[26.589008,44.953875,0.0],[26.587566,44.953653,0.0],[26.579535,44.952416,0.0],[26.579438,44.952407,0.0],[26.579431,44.951647,0.0],[26.579449,44.950796,0.0],[26.570982,44.948886,0.0],[26.560985,44.946629,0.0],[26.560142,44.946431,0.0],[26.55985,44.946366,0.0],[26.553069,44.944819,0.0],[26.55135,44.944383,0.0],[26.548768,44.943716,0.0],[26.546185,44.943048,0.0],[26.544178,44.942548,0.0],[26.53981,44.941373,0.0],[26.531576,44.939159,0.0],[26.531377,44.938846,0.0],[26.530546,44.937536,0.0],[26.530608,44.937245,0.0],[26.531096,44.935512,0.0],[26.531417,44.93437,0.0],[26.531476,44.934161,0.0],[26.531864,44.932783,0.0],[26.531923,44.932566,0.0],[26.532031,44.93217,0.0],[26.532242,44.931399,0.0],[26.533075,44.928001,0.0],[26.533605,44.926076,0.0],[26.534511,44.922787,0.0],[26.535337,44.919786,0.0],[26.535847,44.917933,0.0],[26.53627,44.9164,0.0],[26.536213,44.913465,0.0],[26.536221,44.912962,0.0],[26.536259,44.910754,0.0],[26.53627,44.9101,0.0],[26.53631,44.910074,0.0],[26.536357,44.910043,0.0],[26.537156,44.910452,0.0],[26.539486,44.911643,0.0],[26.540208,44.91198,0.0],[26.542372,44.912988,0.0],[26.544858,44.914188,0.0],[26.54765,44.915443,0.0],[26.54826,44.91571,0.0],[26.548422,44.915218,0.0],[26.548631,44.914583,0.0],[26.54873,44.914277,0.0],[26.548776,44.914121,0.0],[26.548931,44.914034,0.0],[26.549126,44.914052,0.0],[26.549357,44.914094,0.0],[26.549677,44.914164,0.0],[26.54993,44.914234,0.0],[26.550664,44.914401,0.0],[26.551003,44.914494,0.0],[26.551586,44.914649,0.0],[26.552185,44.914789,0.0],[26.552632,44.914925,0.0],[26.553067,44.915041,0.0],[26.553762,44.915232,0.0],[26.556141,44.913097,0.0],[26.556948,44.912371,0.0],[26.557829,44.911591,0.0],[26.559501,44.910108,0.0],[26.560344,44.909328,0.0],[26.560768,44.908952,0.0],[26.560995,44.908683,0.0],[26.561381,44.90824,0.0],[26.561598,44.908012,0.0],[26.561907,44.907635,0.0],[26.562691,44.906696,0.0],[26.564042,44.905216,0.0],[26.565012,44.904159,0.0],[26.566924,44.902136,0.0],[26.570032,44.898845,0.0],[26.571898,44.896869,0.0],[26.572882,44.895827,0.0],[26.573986,44.894659,0.0],[26.576068,44.892265,0.0],[26.577918,44.890208,0.0],[26.578694,44.88937,0.0],[26.57943,44.888553,0.0],[26.583582,44.883909,0.0],[26.584991,44.882333,0.0],[26.587126,44.883314,0.0],[26.589503,44.884415,0.0],[26.592268,44.885696,0.0],[26.593079,44.886104,0.0],[26.594496,44.884469,0.0],[26.596446,44.882137,0.0],[26.59645,44.882084,0.0],[26.596531,44.881975,0.0],[26.596715,44.881804,0.0],[26.596945,44.881504,0.0],[26.597562,44.880879,0.0],[26.598002,44.880449,0.0],[26.598855,44.879633,0.0],[26.599014,44.879493,0.0],[26.599705,44.878881,0.0],[26.601766,44.877058,0.0],[26.605269,44.874462,0.0],[26.60799,44.872445,0.0],[26.608372,44.872162,0.0],[26.608295,44.872114,0.0],[26.608063,44.871972,0.0],[26.607928,44.871897,0.0],[26.60752,44.871671,0.0],[26.605756,44.870641,0.0],[26.60533,44.870393,0.0],[26.600902,44.867817,0.0],[26.600953,44.867771,0.0],[26.600971,44.867754,0.0],[26.601438,44.867344,0.0],[26.601808,44.866996,0.0],[26.602428,44.866414,0.0],[26.603212,44.865678,0.0],[26.604328,44.864606,0.0],[26.605125,44.863846,0.0],[26.605953,44.863065,0.0],[26.606318,44.862722,0.0],[26.606861,44.862212,0.0],[26.607695,44.86141,0.0],[26.607978,44.861108,0.0],[26.609765,44.859326,0.0],[26.609964,44.859129,0.0],[26.609985,44.859091,0.0],[26.609979,44.85903,0.0],[26.609936,44.858955,0.0],[26.60989,44.858915,0.0],[26.609611,44.858748,0.0],[26.609503,44.858695,0.0],[26.60946,44.858666,0.0],[26.609111,44.858493,0.0],[26.609035,44.858466,0.0],[26.608906,44.858432,0.0],[26.60882,44.858422,0.0],[26.608767,44.858403,0.0],[26.608735,44.858401,0.0],[26.608305,44.858238,0.0],[26.606778,44.857535,0.0],[26.606223,44.857285,0.0],[26.605667,44.857035,0.0],[26.605622,44.857016,0.0],[26.605576,44.856997,0.0],[26.605574,44.856999,0.0],[26.605572,44.857002,0.0],[26.60557,44.857001,0.0],[26.605567,44.856999,0.0],[26.60199,44.855451,0.0],[26.600351,44.854733,0.0],[26.600075,44.854611,0.0],[26.59784,44.853625,0.0],[26.5956,44.852636,0.0],[26.593444,44.851763,0.0],[26.593349,44.851724,0.0],[26.592507,44.8514,0.0],[26.58948,44.850119,0.0],[26.585152,44.848305,0.0],[26.585106,44.848285,0.0],[26.581287,44.846712,0.0],[26.580403,44.846348,0.0],[26.580097,44.846232,0.0],[26.579513,44.846013,0.0],[26.57832,44.84549,0.0],[26.571831,44.842646,0.0],[26.57099,44.84225,0.0],[26.570505,44.84201,0.0],[26.570319,44.841918,0.0],[26.569294,44.841498,0.0],[26.568184,44.841111,0.0],[26.567054,44.840715,0.0],[26.566415,44.840489,0.0],[26.566145,44.840394,0.0],[26.565219,44.840069,0.0],[26.563431,44.83944,0.0],[26.560962,44.838591,0.0],[26.558405,44.837813,0.0],[26.556928,44.837364,0.0],[26.554982,44.836717,0.0],[26.546048,44.833769,0.0],[26.54402,44.833087,0.0],[26.542361,44.832529,0.0],[26.539632,44.831648,0.0],[26.539616,44.831673,0.0],[26.536448,44.830629,0.0],[26.534489,44.829984,0.0],[26.533326,44.829617,0.0],[26.531266,44.828933,0.0],[26.530213,44.82859,0.0],[26.52767,44.82774,0.0],[26.527165,44.827572,0.0],[26.526264,44.827259,0.0],[26.525337,44.826925,0.0],[26.525251,44.826868,0.0],[26.524377,44.826312,0.0],[26.524006,44.826053,0.0],[26.523864,44.825885,0.0],[26.524002,44.825702,0.0],[26.524245,44.825714,0.0],[26.525098,44.825863,0.0],[26.525706,44.825956,0.0],[26.525844,44.825977,0.0],[26.525943,44.825914,0.0],[26.526603,44.825492,0.0],[26.527119,44.82515,0.0],[26.527491,44.824878,0.0],[26.527721,44.824614,0.0],[26.528008,44.824453,0.0],[26.528417,44.824323,0.0],[26.528676,44.82427,0.0],[26.528735,44.824272,0.0],[26.528851,44.824274,0.0],[26.529001,44.824298,0.0],[26.529301,44.824347,0.0],[26.529492,44.824435,0.0],[26.529712,44.824459,0.0],[26.529757,44.82437,0.0],[26.529503,44.824232,0.0],[26.529177,44.824074,0.0],[26.529078,44.823859,0.0],[26.52904,44.823776,0.0],[26.528925,44.823285,0.0],[26.528852,44.822976,0.0],[26.528808,44.822788,0.0],[26.528873,44.822662,0.0],[26.52901,44.822576,0.0],[26.529678,44.822379,0.0],[26.530199,44.822157,0.0],[26.530534,44.822015,0.0],[26.530931,44.821917,0.0],[26.531332,44.821905,0.0],[26.531514,44.821966,0.0],[26.531616,44.822113,0.0],[26.531726,44.822226,0.0],[26.531892,44.822237,0.0],[26.533175,44.821481,0.0],[26.53344,44.821353,0.0],[26.533736,44.821329,0.0],[26.53345,44.820861,0.0],[26.533218,44.820483,0.0],[26.533066,44.820447,0.0],[26.532935,44.820379,0.0],[26.532924,44.820373,0.0],[26.532775,44.820241,0.0],[26.532657,44.820196,0.0],[26.532101,44.819648,0.0],[26.531164,44.81876,0.0],[26.529758,44.81748,0.0],[26.527461,44.815328,0.0],[26.526476,44.814425,0.0],[26.525742,44.813767,0.0],[26.525207,44.813266,0.0],[26.525076,44.8131,0.0],[26.524514,44.812577,0.0],[26.524023,44.812112,0.0],[26.524015,44.812105,0.0],[26.524,44.812091,0.0],[26.5235,44.81163,0.0],[26.523471,44.811602,0.0],[26.522453,44.810629,0.0],[26.521962,44.810173,0.0],[26.521566,44.809791,0.0],[26.521334,44.809537,0.0],[26.521299,44.809448,0.0],[26.52088,44.809047,0.0],[26.519737,44.807981,0.0],[26.518526,44.806864,0.0],[26.518139,44.80651,0.0],[26.517416,44.805777,0.0],[26.516512,44.804956,0.0],[26.515093,44.803634,0.0],[26.513518,44.802196,0.0],[26.512417,44.801166,0.0],[26.512021,44.800754,0.0],[26.511521,44.800257,0.0],[26.510738,44.799528,0.0],[26.509898,44.798758,0.0],[26.50966,44.798534,0.0],[26.509514,44.798506,0.0],[26.508489,44.797541,0.0],[26.507857,44.796993,0.0],[26.50744,44.79661,0.0],[26.50731,44.796683,0.0],[26.506828,44.796851,0.0],[26.506287,44.797041,0.0],[26.505975,44.797094,0.0],[26.505632,44.797168,0.0],[26.505226,44.79727,0.0],[26.504842,44.797362,0.0],[26.504475,44.797443,0.0],[26.504359,44.797465,0.0],[26.504262,44.797479,0.0],[26.504164,44.797481,0.0],[26.504131,44.797454,0.0],[26.503801,44.797194,0.0],[26.502292,44.796218,0.0],[26.498802,44.794112,0.0],[26.494362,44.79135,0.0],[26.493647,44.790906,0.0],[26.493645,44.790904,0.0],[26.493534,44.790835,0.0],[26.492686,44.791265,0.0],[26.492359,44.79143,0.0],[26.490515,44.792329,0.0],[26.477178,44.798876,0.0],[26.476197,44.799373,0.0],[26.471233,44.801886,0.0],[26.469942,44.802532,0.0],[26.468123,44.803443,0.0],[26.467703,44.803653,0.0],[26.46717,44.80392,0.0],[26.467161,44.803925,0.0],[26.465326,44.804803,0.0],[26.461583,44.806683,0.0],[26.458461,44.80825,0.0],[26.456221,44.809374,0.0],[26.453159,44.810911,0.0],[26.453125,44.810885,0.0],[26.450404,44.808779,0.0],[26.444423,44.804334,0.0],[26.442288,44.802898,0.0],[26.441685,44.802511,0.0],[26.441116,44.802146,0.0],[26.440942,44.802028,0.0],[26.435733,44.79851,0.0],[26.429102,44.794049,0.0],[26.426243,44.791968,0.0],[26.425183,44.791219,0.0],[26.424977,44.791024,0.0],[26.424684,44.790842,0.0],[26.423061,44.789646,0.0],[26.422045,44.788902,0.0],[26.420687,44.787916,0.0],[26.420225,44.787562,0.0],[26.418198,44.786087,0.0],[26.416262,44.784694,0.0],[26.414055,44.783071,0.0],[26.412674,44.782009,0.0],[26.410843,44.780657,0.0],[26.410821,44.78064,0.0],[26.410399,44.780373,0.0],[26.404996,44.775866,0.0],[26.4044,44.775377,0.0],[26.402124,44.77348,0.0],[26.400337,44.772004,0.0],[26.400195,44.771886,0.0],[26.39863,44.770551,0.0],[26.398489,44.770392,0.0],[26.398488,44.770391,0.0],[26.398204,44.770073,0.0],[26.397686,44.769632,0.0],[26.397309,44.769313,0.0],[26.397082,44.769124,0.0],[26.396629,44.76875,0.0],[26.396602,44.76869,0.0],[26.39656,44.768598,0.0],[26.396397,44.768455,0.0],[26.394183,44.766427,0.0],[26.393951,44.766274,0.0],[26.393879,44.766277,0.0],[26.39383,44.766279,0.0],[26.393429,44.766502,0.0],[26.393195,44.766632,0.0],[26.392534,44.766759,0.0],[26.391746,44.766707,0.0],[26.391135,44.766524,0.0],[26.390916,44.76641,0.0],[26.39039,44.766138,0.0],[26.389539,44.765544,0.0],[26.388709,44.764686,0.0],[26.387191,44.763069,0.0],[26.386869,44.762803,0.0],[26.385984,44.762156,0.0],[26.385232,44.761714,0.0],[26.384515,44.761521,0.0],[26.384315,44.761506,0.0],[26.383879,44.761474,0.0],[26.383749,44.761464,0.0],[26.383589,44.761452,0.0],[26.38296,44.761454,0.0],[26.382825,44.761478,0.0],[26.382538,44.761529,0.0],[26.381774,44.761695,0.0],[26.381358,44.76178,0.0],[26.380768,44.761899,0.0],[26.380456,44.761929,0.0],[26.380235,44.76195,0.0],[26.37976,44.761943,0.0],[26.379203,44.761877,0.0],[26.378219,44.761731,0.0],[26.377703,44.761629,0.0],[26.377357,44.761561,0.0],[26.376556,44.761402,0.0],[26.375745,44.761186,0.0],[26.374455,44.761047,0.0],[26.373899,44.761059,0.0],[26.373717,44.761109,0.0],[26.373621,44.761136,0.0],[26.373449,44.761222,0.0],[26.373277,44.761307,0.0],[26.372825,44.76153,0.0],[26.372418,44.76173,0.0],[26.371702,44.762057,0.0],[26.371259,44.762261,0.0],[26.370781,44.762522,0.0],[26.370645,44.762595,0.0],[26.370175,44.762974,0.0],[26.368727,44.764009,0.0],[26.368289,44.764394,0.0],[26.368012,44.764685,0.0],[26.367747,44.764991,0.0],[26.367579,44.765167,0.0],[26.367534,44.765214,0.0],[26.367491,44.765258,0.0],[26.367302,44.765564,0.0],[26.36718,44.765756,0.0],[26.367133,44.765892,0.0],[26.367086,44.766028,0.0],[26.367075,44.766154,0.0],[26.367072,44.766188,0.0],[26.367068,44.766228,0.0],[26.367177,44.766554,0.0],[26.36749,44.766973,0.0],[26.367798,44.767217,0.0],[26.368273,44.767395,0.0],[26.368559,44.767521,0.0],[26.368817,44.767635,0.0],[26.36918,44.767831,0.0],[26.369544,44.76805,0.0],[26.369875,44.768277,0.0],[26.370184,44.768537,0.0],[26.370459,44.768797,0.0],[26.370617,44.769008,0.0],[26.370725,44.769153,0.0],[26.370877,44.769414,0.0],[26.371055,44.769795,0.0],[26.371173,44.770065,0.0],[26.371202,44.770328,0.0],[26.371118,44.77055,0.0],[26.370712,44.770859,0.0],[26.369975,44.771155,0.0],[26.368494,44.771394,0.0],[26.367752,44.771329,0.0],[26.366943,44.771258,0.0],[26.365682,44.770998,0.0],[26.365316,44.770857,0.0],[26.36452,44.770551,0.0],[26.364149,44.770392,0.0],[26.363996,44.770312,0.0],[26.363814,44.770218,0.0],[26.363406,44.770014,0.0],[26.363197,44.76986,0.0],[26.362958,44.76969,0.0],[26.36283,44.76958,0.0],[26.362718,44.769484,0.0],[26.362661,44.769429,0.0],[26.362619,44.769389,0.0],[26.36244,44.769216,0.0],[26.362208,44.769025,0.0],[26.362067,44.768933,0.0],[26.361892,44.76885,0.0],[26.361658,44.768739,0.0],[26.361482,44.768635,0.0],[26.361234,44.768489,0.0],[26.360981,44.768314,0.0],[26.360698,44.76815,0.0],[26.360594,44.768088,0.0],[26.36038,44.767961,0.0],[26.360176,44.767859,0.0],[26.360074,44.767809,0.0],[26.359791,44.767716,0.0],[26.359529,44.767659,0.0],[26.359414,44.767651,0.0],[26.359196,44.767634,0.0],[26.3591,44.767631,0.0],[26.358998,44.767629,0.0],[26.358541,44.767686,0.0],[26.358306,44.767729,0.0],[26.358147,44.767758,0.0],[26.357816,44.767865,0.0],[26.357559,44.767987,0.0],[26.357199,44.768162,0.0],[26.356839,44.768337,0.0],[26.356573,44.768547,0.0],[26.35633,44.768817,0.0],[26.356205,44.768985,0.0],[26.356168,44.769034,0.0],[26.356112,44.769316,0.0],[26.356078,44.769621,0.0],[26.356136,44.769865,0.0],[26.356172,44.770153,0.0],[26.356174,44.770168,0.0],[26.356203,44.770551,0.0],[26.356181,44.771723,0.0],[26.356352,44.771972,0.0],[26.356655,44.772418,0.0],[26.357339,44.773215,0.0],[26.357678,44.773608,0.0],[26.35814,44.774004,0.0],[26.358743,44.774521,0.0],[26.36052,44.775709,0.0],[26.361084,44.776126,0.0],[26.361843,44.776714,0.0],[26.362111,44.776975,0.0],[26.362438,44.777295,0.0],[26.362821,44.777914,0.0],[26.363003,44.77866,0.0],[26.36307,44.779348,0.0],[26.363058,44.779407,0.0],[26.362925,44.780031,0.0],[26.362531,44.780577,0.0],[26.362482,44.780645,0.0],[26.361822,44.781151,0.0],[26.360912,44.7816,0.0],[26.359919,44.781947,0.0],[26.358881,44.782221,0.0],[26.357776,44.78227,0.0],[26.356503,44.782183,0.0],[26.355635,44.782062,0.0],[26.355187,44.781936,0.0],[26.35499,44.781881,0.0],[26.35449,44.78174,0.0],[26.354159,44.781596,0.0],[26.353924,44.78149,0.0],[26.352462,44.780832,0.0],[26.350394,44.779695,0.0],[26.350129,44.779579,0.0],[26.349119,44.779054,0.0],[26.347866,44.778374,0.0],[26.347475,44.778163,0.0],[26.346286,44.777746,0.0],[26.345259,44.777539,0.0],[26.344635,44.777551,0.0],[26.344177,44.777645,0.0],[26.344733,44.778281,0.0],[26.345214,44.77887,0.0],[26.345605,44.779326,0.0],[26.346018,44.779824,0.0],[26.347703,44.780606,0.0],[26.348184,44.7811,0.0],[26.348441,44.781365,0.0],[26.348543,44.78202,0.0],[26.348438,44.783335,0.0],[26.348495,44.783972,0.0],[26.342591,44.782611,0.0],[26.342626,44.782691,0.0],[26.342748,44.783455,0.0],[26.342581,44.784351,0.0],[26.342307,44.784843,0.0],[26.342069,44.785244,0.0],[26.341847,44.78569,0.0],[26.341322,44.786902,0.0],[26.341172,44.787521,0.0],[26.341058,44.788332,0.0],[26.340979,44.78967,0.0],[26.341068,44.790588,0.0],[26.341025,44.790875,0.0],[26.340981,44.791017,0.0],[26.340692,44.791637,0.0],[26.339832,44.792657,0.0],[26.339416,44.793008,0.0],[26.338888,44.793162,0.0],[26.337549,44.793293,0.0],[26.336614,44.793195,0.0],[26.33599,44.793024,0.0],[26.335575,44.792738,0.0],[26.335158,44.792386,0.0],[26.334768,44.791847,0.0],[26.334581,44.791437,0.0],[26.334508,44.789975,0.0],[26.334469,44.789284,0.0],[26.334321,44.788572,0.0],[26.334399,44.788264,0.0],[26.334636,44.787775,0.0],[26.335051,44.787084,0.0],[26.33577,44.786175,0.0],[26.335862,44.785817,0.0],[26.335736,44.785385,0.0],[26.335493,44.785023,0.0],[26.335023,44.784721,0.0],[26.334326,44.784576,0.0],[26.333616,44.784529,0.0],[26.332549,44.784634,0.0],[26.331397,44.784906,0.0],[26.330145,44.785189,0.0],[26.3293,44.785354,0.0],[26.32867,44.785397,0.0],[26.328413,44.78536,0.0],[26.328216,44.785285,0.0],[26.328009,44.785177,0.0],[26.327146,44.78461,0.0],[26.325754,44.7838,0.0],[26.32503,44.783664,0.0],[26.324277,44.78372,0.0],[26.323468,44.783969,0.0],[26.322759,44.784286,0.0],[26.322131,44.784716,0.0],[26.321699,44.785188,0.0],[26.321589,44.785775,0.0],[26.321735,44.786347,0.0],[26.322049,44.786755,0.0],[26.322514,44.787186,0.0],[26.32339,44.787757,0.0],[26.323653,44.787962,0.0],[26.324013,44.788159,0.0],[26.324541,44.788354,0.0],[26.325555,44.788672,0.0],[26.326818,44.788866,0.0],[26.327809,44.789123,0.0],[26.328076,44.789307,0.0],[26.328342,44.78949,0.0],[26.328436,44.789751,0.0],[26.328531,44.790012,0.0],[26.328547,44.790255,0.0],[26.328426,44.790409,0.0],[26.327921,44.790436,0.0],[26.327778,44.790463,0.0],[26.327635,44.79049,0.0],[26.327182,44.790571,0.0],[26.327148,44.790577,0.0],[26.327023,44.790627,0.0],[26.326681,44.790668,0.0],[26.326338,44.79071,0.0],[26.325926,44.79076,0.0],[26.325652,44.790794,0.0],[26.325555,44.7908,0.0],[26.324518,44.790866,0.0],[26.324295,44.79088,0.0],[26.324195,44.790881,0.0],[26.322976,44.790895,0.0],[26.322727,44.790938,0.0],[26.322433,44.79099,0.0],[26.32203,44.790913,0.0],[26.321925,44.790686,0.0],[26.321709,44.790384,0.0],[26.321581,44.790155,0.0],[26.321424,44.789874,0.0],[26.321276,44.789599,0.0],[26.319652,44.786576,0.0],[26.319623,44.786476,0.0],[26.319587,44.786348,0.0],[26.319362,44.785869,0.0],[26.319138,44.785391,0.0],[26.318775,44.784737,0.0],[26.318063,44.783416,0.0],[26.317893,44.783093,0.0],[26.317911,44.783088,0.0],[26.316871,44.781206,0.0],[26.316842,44.781211,0.0],[26.316805,44.781156,0.0],[26.316798,44.781131,0.0],[26.315462,44.778616,0.0],[26.314644,44.777074,0.0],[26.313816,44.777343,0.0],[26.313495,44.776967,0.0],[26.310664,44.773644,0.0],[26.310512,44.773472,0.0],[26.306821,44.77496,0.0],[26.303697,44.771131,0.0],[26.303846,44.771066,0.0],[26.303346,44.77052,0.0],[26.302184,44.769251,0.0],[26.301959,44.769006,0.0],[26.301842,44.768877,0.0],[26.30178,44.768928,0.0],[26.301757,44.768862,0.0],[26.301734,44.768796,0.0],[26.301714,44.768692,0.0],[26.301678,44.768509,0.0],[26.301639,44.768304,0.0],[26.301593,44.767997,0.0],[26.301593,44.767996,0.0],[26.301592,44.767994,0.0],[26.301592,44.767991,0.0],[26.301592,44.76799,0.0],[26.301591,44.767988,0.0],[26.301591,44.767986,0.0],[26.301591,44.767984,0.0],[26.301589,44.767971,0.0],[26.301588,44.767967,0.0],[26.301587,44.767962,0.0],[26.301583,44.767936,0.0],[26.301582,44.767933,0.0],[26.301582,44.767931,0.0],[26.301581,44.767929,0.0],[26.301581,44.767927,0.0],[26.301581,44.767924,0.0],[26.30158,44.767921,0.0],[26.30158,44.76792,0.0],[26.301579,44.767916,0.0],[26.301579,44.767914,0.0],[26.301579,44.767912,0.0],[26.301578,44.767911,0.0],[26.301578,44.767909,0.0],[26.301578,44.767907,0.0],[26.301577,44.767905,0.0],[26.301577,44.767904,0.0],[26.301577,44.767904,0.0],[26.301577,44.767902,0.0],[26.301577,44.767901,0.0],[26.301576,44.767898,0.0],[26.301576,44.767897,0.0],[26.301576,44.767896,0.0],[26.301576,44.767895,0.0],[26.301575,44.767894,0.0],[26.301575,44.767893,0.0],[26.301575,44.767892,0.0],[26.301575,44.76789,0.0],[26.301574,44.767888,0.0],[26.301574,44.767884,0.0],[26.301573,44.767877,0.0],[26.301571,44.767869,0.0],[26.301569,44.767857,0.0],[26.301568,44.767849,0.0],[26.301567,44.767841,0.0],[26.301566,44.767838,0.0],[26.301565,44.767835,0.0],[26.301562,44.767816,0.0],[26.301559,44.767799,0.0],[26.301556,44.767777,0.0],[26.301554,44.767765,0.0],[26.301549,44.767738,0.0],[26.30154,44.767684,0.0],[26.301532,44.767638,0.0],[26.301525,44.767598,0.0],[26.301517,44.76755,0.0],[26.301506,44.767484,0.0],[26.301497,44.767428,0.0],[26.301489,44.767384,0.0],[26.301484,44.767353,0.0],[26.301475,44.767302,0.0],[26.301457,44.767195,0.0],[26.30145,44.767151,0.0],[26.30144,44.767092,0.0],[26.301428,44.76702,0.0],[26.301423,44.766993,0.0],[26.301417,44.766956,0.0],[26.301414,44.766941,0.0],[26.301412,44.76693,0.0],[26.301411,44.766919,0.0],[26.301409,44.766909,0.0],[26.301407,44.7669,0.0],[26.301406,44.76689,0.0],[26.301404,44.766882,0.0],[26.301404,44.766878,0.0],[26.301401,44.766865,0.0],[26.301399,44.766852,0.0],[26.301395,44.766828,0.0],[26.301391,44.766805,0.0],[26.301389,44.766791,0.0],[26.301306,44.766715,0.0],[26.301158,44.766671,0.0],[26.300576,44.766677,0.0],[26.299602,44.766769,0.0],[26.298375,44.766856,0.0],[26.297546,44.766917,0.0],[26.297495,44.766918,0.0],[26.297077,44.766954,0.0],[26.293436,44.767267,0.0],[26.293393,44.767265,0.0],[26.288946,44.767655,0.0],[26.286536,44.767867,0.0],[26.286394,44.767944,0.0],[26.282783,44.76822,0.0],[26.273838,44.768902,0.0],[26.273817,44.768595,0.0],[26.273802,44.768367,0.0],[26.273786,44.768127,0.0],[26.273774,44.767958,0.0],[26.27377,44.767894,0.0],[26.273746,44.76776,0.0],[26.273703,44.767515,0.0],[26.273657,44.767273,0.0],[26.273609,44.767015,0.0],[26.273582,44.766834,0.0],[26.273543,44.766656,0.0],[26.273506,44.766411,0.0],[26.273471,44.766211,0.0],[26.273394,44.766172,0.0],[26.273384,44.766106,0.0],[26.273364,44.765963,0.0],[26.273304,44.76554,0.0],[26.273284,44.7654,0.0],[26.273249,44.765153,0.0],[26.27323,44.765012,0.0],[26.27321,44.764872,0.0],[26.2732,44.764802,0.0],[26.273184,44.764692,0.0],[26.273145,44.764413,0.0],[26.273105,44.764133,0.0],[26.273066,44.763857,0.0],[26.273016,44.763499,0.0],[26.272986,44.76329,0.0],[26.272973,44.763198,0.0],[26.272919,44.762814,0.0],[26.272864,44.762424,0.0],[26.27286,44.762396,0.0],[26.272851,44.762335,0.0],[26.272812,44.762057,0.0],[26.272693,44.761211,0.0],[26.272671,44.76106,0.0],[26.272624,44.760722,0.0],[26.272604,44.760584,0.0],[26.272594,44.760511,0.0],[26.272574,44.760373,0.0],[26.272504,44.759878,0.0],[26.272485,44.75974,0.0],[26.272462,44.759577,0.0],[26.272389,44.759064,0.0],[26.27235,44.758789,0.0],[26.272334,44.758674,0.0],[26.272325,44.758605,0.0],[26.272299,44.758443,0.0],[26.272282,44.758305,0.0],[26.272243,44.75803,0.0],[26.272223,44.757886,0.0],[26.272204,44.757749,0.0],[26.272184,44.757611,0.0],[26.272179,44.757578,0.0],[26.272165,44.757474,0.0],[26.272145,44.757336,0.0],[26.272129,44.757222,0.0],[26.27209,44.756947,0.0],[26.272071,44.75681,0.0],[26.272032,44.756534,0.0],[26.272013,44.756397,0.0],[26.271983,44.75619,0.0],[26.271959,44.756016,0.0],[26.271792,44.755995,0.0],[26.271603,44.756009,0.0],[26.271104,44.756049,0.0],[26.270196,44.756121,0.0],[26.269526,44.756174,0.0],[26.268599,44.756247,0.0],[26.267467,44.756337,0.0],[26.267041,44.756371,0.0],[26.266648,44.756402,0.0],[26.266563,44.756409,0.0],[26.266465,44.756417,0.0],[26.266452,44.756418,0.0],[26.266295,44.75643,0.0],[26.265756,44.75647,0.0],[26.265627,44.75648,0.0],[26.265498,44.75649,0.0],[26.265151,44.756518,0.0],[26.265023,44.756528,0.0],[26.264854,44.756539,0.0],[26.26448,44.756567,0.0],[26.264423,44.756571,0.0],[26.264225,44.756586,0.0],[26.264056,44.756599,0.0],[26.264011,44.756604,0.0],[26.263953,44.756609,0.0],[26.263847,44.756615,0.0],[26.263777,44.75662,0.0],[26.263758,44.756623,0.0],[26.263589,44.756636,0.0],[26.263501,44.756642,0.0],[26.263381,44.756651,0.0],[26.263249,44.756661,0.0],[26.26306,44.756675,0.0],[26.262944,44.756683,0.0],[26.262809,44.756694,0.0],[26.262512,44.756716,0.0],[26.262359,44.756728,0.0],[26.262218,44.756739,0.0],[26.260739,44.756855,0.0],[26.260368,44.756884,0.0],[26.260237,44.756894,0.0],[26.259742,44.756929,0.0],[26.258532,44.757017,0.0],[26.258313,44.757033,0.0],[26.258171,44.757043,0.0],[26.258029,44.757054,0.0],[26.257978,44.756728,0.0],[26.257502,44.75366,0.0],[26.257456,44.753364,0.0],[26.257537,44.753265,0.0],[26.257527,44.753198,0.0],[26.257521,44.753161,0.0],[26.257515,44.753122,0.0],[26.257495,44.752989,0.0],[26.257434,44.752586,0.0],[26.257342,44.751974,0.0],[26.25723,44.751234,0.0],[26.257195,44.750999,0.0],[26.25718,44.7509,0.0],[26.257114,44.750464,0.0],[26.257087,44.750285,0.0],[26.25704,44.74998,0.0],[26.257011,44.749786,0.0],[26.257001,44.749716,0.0],[26.256958,44.749436,0.0],[26.256914,44.749141,0.0],[26.256879,44.748909,0.0],[26.256833,44.748605,0.0],[26.256818,44.748507,0.0],[26.256788,44.748307,0.0],[26.256747,44.748036,0.0],[26.256755,44.748036,0.0],[26.256755,44.748033,0.0],[26.256743,44.747956,0.0],[26.25673,44.747875,0.0],[26.256715,44.74777,0.0],[26.256711,44.747723,0.0],[26.256706,44.747669,0.0],[26.256698,44.747583,0.0],[26.256675,44.747336,0.0],[26.25667,44.747276,0.0],[26.256667,44.747244,0.0],[26.25642,44.744561,0.0],[26.25641,44.744561,0.0],[26.256346,44.744542,0.0],[26.256346,44.744537,0.0],[26.256339,44.744494,0.0],[26.256336,44.744475,0.0],[26.256259,44.743965,0.0],[26.256265,44.743637,0.0],[26.256272,44.743308,0.0],[26.256292,44.742296,0.0],[26.256222,44.742254,0.0],[26.25588,44.742047,0.0],[26.25573,44.741959,0.0],[26.255595,44.741879,0.0],[26.254162,44.741031,0.0],[26.253864,44.740854,0.0],[26.25256,44.740177,0.0],[26.250397,44.739053,0.0],[26.248882,44.738266,0.0],[26.248463,44.73809,0.0],[26.248345,44.738024,0.0],[26.248316,44.738051,0.0],[26.248272,44.738151,0.0],[26.248032,44.738318,0.0],[26.247953,44.738371,0.0],[26.247503,44.73848,0.0],[26.247119,44.738497,0.0],[26.246532,44.738532,0.0],[26.246073,44.73864,0.0],[26.245775,44.738706,0.0],[26.245476,44.738772,0.0],[26.244768,44.739003,0.0],[26.243635,44.73943,0.0],[26.243213,44.739519,0.0],[26.242686,44.739384,0.0],[26.242057,44.739081,0.0],[26.241312,44.738872,0.0],[26.2408,44.738848,0.0],[26.24038,44.738938,0.0],[26.24026,44.739101,0.0],[26.240074,44.739389,0.0],[26.239984,44.739684,0.0],[26.239972,44.739897,0.0],[26.239928,44.740462,0.0],[26.240218,44.741091,0.0],[26.240287,44.741471,0.0],[26.240261,44.741775,0.0],[26.240158,44.742197,0.0],[26.239715,44.743125,0.0],[26.239181,44.743592,0.0],[26.238641,44.743892,0.0],[26.237131,44.744593,0.0],[26.235572,44.745142,0.0],[26.23514,44.74526,0.0],[26.234708,44.745378,0.0],[26.233995,44.745417,0.0],[26.233123,44.745292,0.0],[26.232578,44.745177,0.0],[26.232257,44.74508,0.0],[26.231745,44.744807,0.0],[26.231438,44.74473,0.0],[26.231127,44.744737,0.0],[26.230756,44.744864,0.0],[26.230507,44.74502,0.0],[26.230208,44.745281,0.0],[26.230071,44.745488,0.0],[26.229911,44.745822,0.0],[26.229702,44.746284,0.0],[26.229294,44.746751,0.0],[26.228846,44.74697,0.0],[26.228214,44.747071,0.0],[26.226089,44.747036,0.0],[26.225664,44.747087,0.0],[26.225238,44.747138,0.0],[26.224688,44.747192,0.0],[26.224158,44.747321,0.0],[26.223662,44.747449,0.0],[26.222943,44.747416,0.0],[26.22248,44.74727,0.0],[26.222188,44.747263,0.0],[26.221557,44.747339,0.0],[26.221231,44.747447,0.0],[26.220906,44.747813,0.0],[26.220677,44.74823,0.0],[26.220429,44.748781,0.0],[26.220187,44.749102,0.0],[26.219964,44.749275,0.0],[26.219354,44.749562,0.0],[26.218752,44.749594,0.0],[26.217817,44.74957,0.0],[26.217273,44.749524,0.0],[26.216681,44.749562,0.0],[26.216111,44.749637,0.0],[26.214945,44.749795,0.0],[26.214048,44.749942,0.0],[26.213191,44.750023,0.0],[26.212466,44.750075,0.0],[26.212125,44.750099,0.0],[26.211292,44.750031,0.0],[26.210481,44.749989,0.0],[26.209322,44.749849,0.0],[26.208765,44.749792,0.0],[26.208138,44.749787,0.0],[26.20754,44.7498,0.0],[26.206941,44.749812,0.0],[26.205029,44.750022,0.0],[26.204744,44.750038,0.0],[26.203916,44.750086,0.0],[26.203433,44.75026,0.0],[26.202967,44.750547,0.0],[26.202895,44.750592,0.0],[26.202324,44.750982,0.0],[26.202162,44.751093,0.0],[26.201982,44.751139,0.0],[26.201602,44.751238,0.0],[26.201021,44.751378,0.0],[26.20009,44.751351,0.0],[26.199842,44.751344,0.0],[26.199564,44.751287,0.0],[26.199286,44.751229,0.0],[26.198963,44.751235,0.0],[26.198675,44.751241,0.0],[26.198325,44.751247,0.0],[26.197953,44.751324,0.0],[26.19758,44.751401,0.0],[26.196401,44.751469,0.0],[26.195409,44.751262,0.0],[26.194321,44.751177,0.0],[26.193957,44.751288,0.0],[26.193671,44.7514,0.0],[26.193386,44.751513,0.0],[26.193027,44.751669,0.0],[26.191008,44.752521,0.0],[26.190528,44.752966,0.0],[26.189566,44.753576,0.0],[26.189167,44.753938,0.0],[26.188954,44.754848,0.0],[26.18854,44.755359,0.0],[26.187925,44.755877,0.0],[26.186782,44.756739,0.0],[26.18624,44.757023,0.0],[26.185737,44.757314,0.0],[26.185023,44.757572,0.0],[26.184456,44.757708,0.0],[26.183888,44.757845,0.0],[26.183588,44.757824,0.0],[26.183082,44.757676,0.0],[26.182474,44.757513,0.0],[26.181884,44.757404,0.0],[26.181294,44.757294,0.0],[26.180501,44.757131,0.0],[26.179953,44.757004,0.0],[26.179106,44.756757,0.0],[26.178382,44.756492,0.0],[26.177842,44.756211,0.0],[26.177518,44.75597,0.0],[26.177405,44.755701,0.0],[26.177488,44.755358,0.0],[26.17772,44.755102,0.0],[26.178385,44.754728,0.0],[26.178693,44.754707,0.0],[26.179001,44.754685,0.0],[26.179825,44.754612,0.0],[26.180288,44.754338,0.0],[26.180751,44.753745,0.0],[26.180957,44.753056,0.0],[26.180898,44.752672,0.0],[26.180802,44.752097,0.0],[26.180562,44.751455,0.0],[26.180493,44.751085,0.0],[26.18037,44.750885,0.0],[26.180029,44.750816,0.0],[26.178399,44.750978,0.0],[26.177685,44.750888,0.0],[26.177075,44.750693,0.0],[26.176768,44.750552,0.0],[26.176289,44.750371,0.0],[26.175871,44.750118,0.0],[26.175361,44.749761,0.0],[26.17492,44.749471,0.0],[26.174467,44.74919,0.0],[26.173934,44.749043,0.0],[26.173474,44.749007,0.0],[26.172983,44.749032,0.0],[26.17251,44.749105,0.0],[26.172237,44.749302,0.0],[26.171835,44.749552,0.0],[26.171607,44.750037,0.0],[26.171579,44.750625,0.0],[26.171396,44.751328,0.0],[26.170889,44.75193,0.0],[26.170081,44.752382,0.0],[26.169555,44.752599,0.0],[26.16885,44.752853,0.0],[26.167949,44.75304,0.0],[26.16715,44.75296,0.0],[26.16641,44.752709,0.0],[26.16579,44.75251,0.0],[26.164933,44.752318,0.0],[26.164182,44.752366,0.0],[26.163517,44.752485,0.0],[26.163007,44.75268,0.0],[26.162799,44.753019,0.0],[26.162704,44.753384,0.0],[26.162569,44.75426,0.0],[26.162424,44.754733,0.0],[26.162131,44.755247,0.0],[26.161847,44.755572,0.0],[26.161735,44.755676,0.0],[26.161349,44.755948,0.0],[26.160765,44.756179,0.0],[26.160196,44.756242,0.0],[26.159622,44.756111,0.0],[26.159187,44.755861,0.0],[26.158342,44.755463,0.0],[26.157265,44.755309,0.0],[26.156549,44.755298,0.0],[26.155993,44.755317,0.0],[26.15561,44.755424,0.0],[26.155199,44.755721,0.0],[26.155004,44.756228,0.0],[26.154899,44.75655,0.0],[26.154603,44.757016,0.0],[26.154482,44.757207,0.0],[26.154381,44.757403,0.0],[26.15427,44.757555,0.0],[26.154159,44.757707,0.0],[26.153844,44.75803,0.0],[26.153496,44.758339,0.0],[26.152968,44.75864,0.0],[26.1524,44.758779,0.0],[26.151768,44.758788,0.0],[26.151313,44.758698,0.0],[26.151005,44.758655,0.0],[26.150697,44.758611,0.0],[26.14998,44.758505,0.0],[26.14907,44.758232,0.0],[26.14792,44.757827,0.0],[26.147087,44.757468,0.0],[26.146602,44.757191,0.0],[26.146285,44.756953,0.0],[26.145662,44.756447,0.0],[26.145039,44.755941,0.0],[26.14449,44.75575,0.0],[26.143921,44.755763,0.0],[26.142963,44.755894,0.0],[26.141946,44.756242,0.0],[26.141799,44.756415,0.0],[26.141909,44.756992,0.0],[26.142008,44.757366,0.0],[26.141915,44.758075,0.0],[26.141663,44.758489,0.0],[26.141318,44.758758,0.0],[26.140889,44.759057,0.0],[26.140653,44.759168,0.0],[26.140243,44.759277,0.0],[26.14002,44.759314,0.0],[26.139819,44.759353,0.0],[26.139171,44.759363,0.0],[26.1388,44.759281,0.0],[26.138528,44.759138,0.0],[26.138064,44.758698,0.0],[26.137936,44.758486,0.0],[26.137854,44.758098,0.0],[26.137737,44.757402,0.0],[26.137753,44.757225,0.0],[26.137807,44.75692,0.0],[26.13784,44.756616,0.0],[26.137799,44.756389,0.0],[26.137758,44.756161,0.0],[26.137792,44.755915,0.0],[26.137825,44.755669,0.0],[26.13785,44.755434,0.0],[26.137952,44.755132,0.0],[26.13818,44.754917,0.0],[26.138357,44.754829,0.0],[26.138535,44.754742,0.0],[26.138921,44.754644,0.0],[26.13938,44.754529,0.0],[26.139839,44.754414,0.0],[26.140507,44.754372,0.0],[26.141139,44.754406,0.0],[26.141871,44.754358,0.0],[26.142321,44.754199,0.0],[26.142473,44.754145,0.0],[26.142561,44.754084,0.0],[26.142828,44.753899,0.0],[26.142828,44.753898,0.0],[26.142824,44.753862,0.0],[26.142819,44.753807,0.0],[26.142808,44.753702,0.0],[26.142807,44.753694,0.0],[26.142814,44.75347,0.0],[26.142818,44.75331,0.0],[26.142731,44.753194,0.0],[26.142643,44.753079,0.0],[26.142327,44.75285,0.0],[26.141992,44.752718,0.0],[26.141617,44.752701,0.0],[26.141405,44.752721,0.0],[26.141194,44.752741,0.0],[26.140601,44.752782,0.0],[26.14036,44.752772,0.0],[26.140119,44.752762,0.0],[26.139786,44.752695,0.0],[26.139309,44.752569,0.0],[26.138875,44.752397,0.0],[26.138386,44.752101,0.0],[26.137635,44.75152,0.0],[26.136962,44.751068,0.0],[26.136742,44.750856,0.0],[26.136522,44.750644,0.0],[26.136051,44.750438,0.0],[26.134625,44.750175,0.0],[26.133419,44.750016,0.0],[26.132532,44.749849,0.0],[26.13203,44.749936,0.0],[26.131771,44.749975,0.0],[26.131444,44.750037,0.0],[26.131049,44.750132,0.0],[26.130868,44.750186,0.0],[26.130708,44.750215,0.0],[26.130334,44.750296,0.0],[26.129832,44.750392,0.0],[26.129254,44.750473,0.0],[26.128433,44.750604,0.0],[26.12805,44.750678,0.0],[26.127563,44.750737,0.0],[26.127007,44.750822,0.0],[26.126536,44.750887,0.0],[26.126175,44.750941,0.0],[26.125755,44.751009,0.0],[26.125485,44.751044,0.0],[26.12518,44.751124,0.0],[26.124971,44.751179,0.0],[26.124665,44.751291,0.0],[26.124326,44.751345,0.0],[26.12348,44.751512,0.0],[26.122817,44.751647,0.0],[26.122353,44.751734,0.0],[26.122048,44.751796,0.0],[26.121501,44.751945,0.0],[26.121284,44.752001,0.0],[26.12118,44.752022,0.0],[26.121045,44.752052,0.0],[26.120911,44.752102,0.0],[26.120791,44.75216,0.0],[26.120614,44.752237,0.0],[26.120558,44.752288,0.0],[26.120145,44.752403,0.0],[26.119375,44.752623,0.0],[26.118965,44.752747,0.0],[26.11874,44.752807,0.0],[26.116714,44.753435,0.0],[26.115657,44.75367,0.0],[26.115643,44.753674,0.0],[26.115319,44.753788,0.0],[26.115184,44.753824,0.0],[26.11485,44.753929,0.0],[26.114342,44.754079,0.0],[26.114008,44.754149,0.0],[26.113765,44.754215,0.0],[26.113569,44.75426,0.0],[26.113413,44.754286,0.0],[26.113236,44.754328,0.0],[26.113106,44.754352,0.0],[26.112988,44.754371,0.0],[26.112837,44.754381,0.0],[26.112771,44.754391,0.0],[26.112672,44.754507,0.0],[26.112062,44.755208,0.0],[26.111554,44.755792,0.0],[26.11142,44.755961,0.0],[26.111088,44.756336,0.0],[26.110662,44.756835,0.0],[26.109927,44.757674,0.0],[26.109002,44.758738,0.0],[26.108738,44.759042,0.0],[26.108587,44.759225,0.0],[26.107721,44.760243,0.0],[26.107229,44.760824,0.0],[26.106867,44.761244,0.0],[26.106651,44.761485,0.0],[26.106457,44.761709,0.0],[26.105358,44.763003,0.0],[26.105021,44.7634,0.0],[26.104135,44.764455,0.0],[26.103801,44.764677,0.0],[26.103763,44.764818,0.0],[26.103685,44.765124,0.0],[26.103607,44.76543,0.0],[26.103276,44.765421,0.0],[26.103211,44.765422,0.0],[26.103211,44.765422,0.0],[26.10318,44.765426,0.0],[26.10317,44.765455,0.0],[26.103167,44.765458,0.0],[26.103051,44.765583,0.0],[26.102956,44.765693,0.0],[26.102944,44.765723,0.0],[26.102912,44.765831,0.0],[26.102894,44.765865,0.0],[26.10284,44.765956,0.0],[26.102673,44.766151,0.0],[26.10259,44.766236,0.0],[26.102507,44.76632,0.0],[26.102191,44.766592,0.0],[26.102162,44.766632,0.0],[26.102042,44.766798,0.0],[26.102017,44.766833,0.0],[26.101949,44.766911,0.0],[26.101934,44.766933,0.0],[26.101891,44.766902,0.0],[26.101847,44.766871,0.0],[26.101784,44.766825,0.0],[26.101721,44.76678,0.0],[26.101675,44.766707,0.0],[26.101629,44.766633,0.0],[26.101547,44.766409,0.0],[26.101463,44.766175,0.0],[26.101399,44.766003,0.0],[26.10125,44.765776,0.0],[26.101021,44.765463,0.0],[26.100884,44.765074,0.0],[26.10084,44.764948,0.0],[26.101249,44.764868,0.0],[26.100542,44.764135,0.0],[26.100259,44.763848,0.0],[26.099985,44.763558,0.0],[26.099495,44.763077,0.0],[26.099025,44.76259,0.0],[26.098886,44.762397,0.0],[26.098221,44.762454,0.0],[26.098116,44.762492,0.0],[26.098024,44.762527,0.0],[26.097855,44.762591,0.0],[26.097703,44.762647,0.0],[26.097492,44.762725,0.0],[26.097358,44.762775,0.0],[26.097171,44.762844,0.0],[26.097152,44.762908,0.0],[26.097066,44.762876,0.0],[26.096592,44.762746,0.0],[26.09571,44.762452,0.0],[26.094358,44.761996,0.0],[26.092676,44.761434,0.0],[26.090607,44.76075,0.0],[26.089601,44.760424,0.0],[26.088802,44.760229,0.0],[26.088917,44.759957,0.0],[26.089065,44.759661,0.0],[26.089227,44.759344,0.0],[26.090077,44.757679,0.0],[26.090764,44.756289,0.0],[26.091449,44.75496,0.0],[26.092002,44.753906,0.0],[26.092751,44.752439,0.0],[26.093232,44.751497,0.0],[26.094077,44.749828,0.0],[26.094401,44.74914,0.0],[26.094573,44.748762,0.0],[26.09464,44.748568,0.0],[26.094678,44.748447,0.0],[26.094748,44.748368,0.0],[26.094811,44.748228,0.0],[26.095003,44.747936,0.0],[26.09613,44.745581,0.0],[26.096517,44.744714,0.0],[26.097146,44.743443,0.0],[26.097153,44.743425,0.0],[26.097319,44.743095,0.0],[26.097552,44.742604,0.0],[26.097853,44.742252,0.0],[26.09844,44.741693,0.0],[26.098689,44.741264,0.0],[26.098809,44.740407,0.0],[26.098931,44.739874,0.0],[26.097526,44.740432,0.0],[26.096495,44.74075,0.0],[26.096122,44.740991,0.0],[26.095325,44.741276,0.0],[26.094241,44.741326,0.0],[26.093298,44.741256,0.0],[26.092541,44.741187,0.0],[26.091853,44.741181,0.0],[26.090357,44.741202,0.0],[26.088024,44.740805,0.0],[26.08661,44.741056,0.0],[26.085604,44.741443,0.0],[26.085295,44.741817,0.0],[26.085261,44.743135,0.0],[26.084887,44.744356,0.0],[26.084639,44.74496,0.0],[26.083941,44.745571,0.0],[26.083604,44.745908,0.0],[26.083257,44.746038,0.0],[26.082794,44.745944,0.0],[26.082056,44.745675,0.0],[26.081147,44.745215,0.0],[26.079628,44.74441,0.0],[26.078852,44.744331,0.0],[26.078238,44.744479,0.0],[26.077748,44.744824,0.0],[26.077345,44.745099,0.0],[26.076971,44.745909,0.0],[26.076434,44.747395,0.0],[26.076323,44.747702,0.0],[26.076249,44.747936,0.0],[26.076038,44.748605,0.0],[26.075599,44.749139,0.0],[26.075547,44.749201,0.0],[26.075375,44.74938,0.0],[26.074512,44.75013,0.0],[26.074293,44.750323,0.0],[26.073804,44.750688,0.0],[26.072923,44.750951,0.0],[26.072222,44.751159,0.0],[26.071042,44.751341,0.0],[26.070224,44.75133,0.0],[26.069518,44.751223,0.0],[26.068932,44.750994,0.0],[26.068688,44.750821,0.0],[26.068257,44.750571,0.0],[26.06744,44.75039,0.0],[26.06659,44.750061,0.0],[26.0653,44.749805,0.0],[26.063897,44.749667,0.0],[26.063168,44.749621,0.0],[26.062648,44.749582,0.0],[26.061859,44.749322,0.0],[26.061433,44.748981,0.0],[26.061167,44.748399,0.0],[26.061366,44.747871,0.0],[26.06183,44.747371,0.0],[26.062609,44.746627,0.0],[26.063122,44.745856,0.0],[26.063254,44.745508,0.0],[26.063379,44.744687,0.0],[26.063438,44.74417,0.0],[26.063303,44.742677,0.0],[26.062781,44.741618,0.0],[26.062248,44.740903,0.0],[26.062049,44.74064,0.0],[26.061624,44.740261,0.0],[26.060768,44.739608,0.0],[26.060168,44.73923,0.0],[26.058633,44.738733,0.0],[26.058068,44.73855,0.0],[26.057212,44.738342,0.0],[26.055947,44.738166,0.0],[26.054867,44.738414,0.0],[26.054355,44.738802,0.0],[26.053979,44.73905,0.0],[26.053343,44.739248,0.0],[26.052607,44.73929,0.0],[26.05147,44.739153,0.0],[26.050946,44.739006,0.0],[26.050514,44.738699,0.0],[26.05042,44.738091,0.0],[26.050456,44.737722,0.0],[26.050627,44.737413,0.0],[26.050719,44.737124,0.0],[26.050769,44.73684,0.0],[26.050877,44.736516,0.0],[26.051486,44.735951,0.0],[26.051913,44.735501,0.0],[26.051955,44.735199,0.0],[26.051507,44.734753,0.0],[26.050696,44.734196,0.0],[26.050105,44.733976,0.0],[26.049428,44.733942,0.0],[26.048779,44.733988,0.0],[26.048138,44.734134,0.0],[26.047594,44.734445,0.0],[26.047268,44.73468,0.0],[26.047006,44.735089,0.0],[26.046938,44.735986,0.0],[26.046999,44.736548,0.0],[26.047184,44.737247,0.0],[26.047571,44.738387,0.0],[26.047721,44.738615,0.0],[26.047837,44.738749,0.0],[26.048439,44.73899,0.0],[26.049452,44.739337,0.0],[26.049764,44.739675,0.0],[26.049787,44.740177,0.0],[26.049746,44.740445,0.0],[26.049598,44.741239,0.0],[26.049482,44.741763,0.0],[26.049287,44.74226,0.0],[26.048813,44.742417,0.0],[26.048314,44.742253,0.0],[26.047629,44.741849,0.0],[26.04689,44.741811,0.0],[26.046006,44.741885,0.0],[26.045332,44.742029,0.0],[26.045002,44.742224,0.0],[26.04472,44.742517,0.0],[26.044518,44.742893,0.0],[26.044236,44.743421,0.0],[26.043936,44.743911,0.0],[26.043553,44.744243,0.0],[26.043055,44.744311,0.0],[26.042562,44.744198,0.0],[26.042096,44.743958,0.0],[26.041925,44.743874,0.0],[26.041356,44.743596,0.0],[26.040734,44.743293,0.0],[26.040439,44.743239,0.0],[26.040343,44.743221,0.0],[26.039333,44.742908,0.0],[26.039098,44.742835,0.0],[26.038922,44.742792,0.0],[26.038132,44.742598,0.0],[26.037137,44.742318,0.0],[26.036666,44.742186,0.0],[26.036283,44.741899,0.0],[26.036123,44.741779,0.0],[26.035745,44.741325,0.0],[26.035211,44.740963,0.0],[26.034721,44.74085,0.0],[26.034498,44.740799,0.0],[26.033927,44.740876,0.0],[26.033404,44.741097,0.0],[26.032855,44.741382,0.0],[26.032261,44.741899,0.0],[26.031939,44.742135,0.0],[26.031387,44.742539,0.0],[26.030778,44.742925,0.0],[26.03024,44.743175,0.0],[26.029855,44.743354,0.0],[26.029187,44.743611,0.0],[26.028487,44.743828,0.0],[26.028058,44.74394,0.0],[26.02738,44.744116,0.0],[26.026817,44.744269,0.0],[26.026305,44.744448,0.0],[26.025588,44.744544,0.0],[26.025212,44.744595,0.0],[26.024759,44.744656,0.0],[26.024322,44.744716,0.0],[26.02414,44.744741,0.0],[26.023737,44.744726,0.0],[26.02329,44.744579,0.0],[26.02301,44.744375,0.0],[26.022616,44.74381,0.0],[26.022383,44.743564,0.0],[26.022245,44.743419,0.0],[26.021202,44.743097,0.0],[26.020817,44.742989,0.0],[26.020463,44.742889,0.0],[26.019863,44.742628,0.0],[26.019198,44.742354,0.0],[26.0186,44.742041,0.0],[26.018376,44.741979,0.0],[26.018063,44.741894,0.0],[26.017291,44.741932,0.0],[26.016132,44.741968,0.0],[26.015056,44.742109,0.0],[26.014256,44.742371,0.0],[26.012974,44.743086,0.0],[26.012205,44.743321,0.0],[26.011705,44.743478,0.0],[26.011191,44.743568,0.0],[26.011085,44.743536,0.0],[26.010762,44.743437,0.0],[26.010483,44.742974,0.0],[26.010494,44.742338,0.0],[26.010342,44.742031,0.0],[26.010324,44.741921,0.0],[26.01028,44.741643,0.0],[26.010373,44.741367,0.0],[26.010435,44.740923,0.0],[26.009996,44.740264,0.0],[26.009876,44.74013,0.0],[26.009669,44.739899,0.0],[26.009383,44.739683,0.0],[26.008833,44.739325,0.0],[26.008174,44.738896,0.0],[26.00759,44.738543,0.0],[26.006769,44.73832,0.0],[26.005779,44.738151,0.0],[26.004924,44.737765,0.0],[26.004542,44.737339,0.0],[26.004312,44.736897,0.0],[26.004051,44.736588,0.0],[26.003843,44.736341,0.0],[26.003411,44.735937,0.0],[26.003236,44.735773,0.0],[26.002986,44.735654,0.0],[26.002374,44.735364,0.0],[26.001844,44.735246,0.0],[26.001308,44.735127,0.0],[26.000947,44.735128,0.0],[26.000466,44.73513,0.0],[26.000178,44.735259,0.0],[26.000017,44.735331,0.0],[26.00001,44.735505,0.0],[26.000001,44.73571,0.0],[26.000096,44.736121,0.0],[25.999876,44.736499,0.0],[25.999356,44.736699,0.0],[25.998827,44.736898,0.0],[25.998531,44.737387,0.0],[25.998422,44.73793,0.0],[25.998409,44.738638,0.0],[25.99828,44.738914,0.0],[25.998118,44.739258,0.0],[25.997593,44.739691,0.0],[25.997272,44.739956,0.0],[25.996634,44.74044,0.0],[25.996181,44.74112,0.0],[25.995717,44.741514,0.0],[25.995191,44.741708,0.0],[25.99493,44.741805,0.0],[25.994797,44.741851,0.0],[25.994524,44.741945,0.0],[25.993425,44.742376,0.0],[25.993049,44.742555,0.0],[25.99224,44.742942,0.0],[25.991499,44.743327,0.0],[25.991013,44.74358,0.0],[25.990384,44.744409,0.0],[25.990061,44.744878,0.0],[25.989822,44.745225,0.0],[25.989624,44.745534,0.0],[25.989522,44.745694,0.0],[25.989014,44.746128,0.0],[25.988428,44.746389,0.0],[25.987701,44.746525,0.0],[25.98711,44.746508,0.0],[25.986707,44.746456,0.0],[25.986524,44.746432,0.0],[25.985935,44.74616,0.0],[25.985733,44.745767,0.0],[25.985797,44.745467,0.0],[25.985802,44.745293,0.0],[25.985805,44.745193,0.0],[25.985828,44.745109,0.0],[25.985894,44.744865,0.0],[25.985924,44.744426,0.0],[25.98592,44.743848,0.0],[25.985596,44.743282,0.0],[25.984989,44.743046,0.0],[25.98445,44.742737,0.0],[25.983928,44.742432,0.0],[25.983688,44.742291,0.0],[25.983258,44.741933,0.0],[25.983018,44.741732,0.0],[25.982288,44.74169,0.0],[25.981407,44.741957,0.0],[25.980954,44.742019,0.0],[25.980679,44.742057,0.0],[25.980465,44.742032,0.0],[25.980037,44.741982,0.0],[25.979824,44.741848,0.0],[25.979653,44.741741,0.0],[25.979428,44.741636,0.0],[25.979187,44.741524,0.0],[25.97899,44.741437,0.0],[25.978699,44.741309,0.0],[25.978478,44.741227,0.0],[25.97825,44.741142,0.0],[25.977763,44.740963,0.0],[25.977138,44.74078,0.0],[25.976881,44.740563,0.0],[25.97663,44.740351,0.0],[25.976691,44.739982,0.0],[25.976822,44.739744,0.0],[25.97694,44.739528,0.0],[25.977145,44.739015,0.0],[25.977,44.738233,0.0],[25.976646,44.737743,0.0],[25.976288,44.737406,0.0],[25.975754,44.737043,0.0],[25.975291,44.736765,0.0],[25.974655,44.736538,0.0],[25.973788,44.736715,0.0],[25.973106,44.736904,0.0],[25.972486,44.737044,0.0],[25.970233,44.737369,0.0],[25.968477,44.737562,0.0],[25.967446,44.737822,0.0],[25.966645,44.737781,0.0],[25.96606,44.737965,0.0],[25.966123,44.741718,0.0],[25.966141,44.742808,0.0],[25.967516,44.744247,0.0],[25.96754,44.744346,0.0],[25.967586,44.744537,0.0],[25.968239,44.745147,0.0],[25.969578,44.746911,0.0],[25.969641,44.747796,0.0],[25.969351,44.748402,0.0],[25.968598,44.748935,0.0],[25.967975,44.749234,0.0],[25.967351,44.749533,0.0],[25.967268,44.749532,0.0],[25.967165,44.749496,0.0],[25.966967,44.749447,0.0],[25.9668,44.749422,0.0],[25.966385,44.749372,0.0],[25.965966,44.749341,0.0],[25.965692,44.74927,0.0],[25.965343,44.749152,0.0],[25.964994,44.74906,0.0],[25.964644,44.749015,0.0],[25.96435,44.749014,0.0],[25.963803,44.749095,0.0],[25.963328,44.749191,0.0],[25.963105,44.749203,0.0],[25.962329,44.749187,0.0],[25.962034,44.749107,0.0],[25.961384,44.748859,0.0],[25.961026,44.748635,0.0],[25.96089,44.748468,0.0],[25.960715,44.748148,0.0],[25.960609,44.747911,0.0],[25.960574,44.747715,0.0],[25.960558,44.747556,0.0],[25.96063,44.747302,0.0],[25.960701,44.747049,0.0],[25.960788,44.746622,0.0],[25.960785,44.746171,0.0],[25.960803,44.745897,0.0],[25.960852,44.745665,0.0],[25.961057,44.745365,0.0],[25.961353,44.744806,0.0],[25.961649,44.744247,0.0],[25.962037,44.743485,0.0],[25.962216,44.742997,0.0],[25.962708,44.742362,0.0],[25.962968,44.741989,0.0],[25.963048,44.741875,0.0],[25.963274,44.741499,0.0],[25.963366,44.74105,0.0],[25.963378,44.740149,0.0],[25.963886,44.739879,0.0],[25.963377,44.739552,0.0],[25.962869,44.739225,0.0],[25.961712,44.73939,0.0],[25.961314,44.739382,0.0],[25.960562,44.739376,0.0],[25.960219,44.739094,0.0],[25.959875,44.738812,0.0],[25.960285,44.73867,0.0],[25.961054,44.738275,0.0],[25.961823,44.73788,0.0],[25.962114,44.737897,0.0],[25.962768,44.737533,0.0],[25.963802,44.736956,0.0],[25.964217,44.736952,0.0],[25.964695,44.737149,0.0],[25.96458,44.733831,0.0],[25.964532,44.732447,0.0],[25.965868,44.731512,0.0],[25.969137,44.732318,0.0],[25.969738,44.731748,0.0],[25.970054,44.731421,0.0],[25.970366,44.731057,0.0],[25.970525,44.730852,0.0],[25.971088,44.73007,0.0],[25.971745,44.729219,0.0],[25.972403,44.728368,0.0],[25.973008,44.72784,0.0],[25.972954,44.727745,0.0],[25.972844,44.727548,0.0],[25.972728,44.727341,0.0],[25.972604,44.727121,0.0],[25.97233,44.726634,0.0],[25.972206,44.726418,0.0],[25.971998,44.72606,0.0],[25.971836,44.725782,0.0],[25.971449,44.725117,0.0],[25.970688,44.723811,0.0],[25.970664,44.723771,0.0],[25.970575,44.723619,0.0],[25.970172,44.722931,0.0],[25.969788,44.722275,0.0],[25.969574,44.721879,0.0],[25.969391,44.721539,0.0],[25.96916,44.721112,0.0],[25.968962,44.720746,0.0],[25.968895,44.720431,0.0],[25.96888,44.719822,0.0],[25.968879,44.719785,0.0],[25.968859,44.71935,0.0],[25.968849,44.719292,0.0],[25.968698,44.71847,0.0],[25.968863,44.717643,0.0],[25.969229,44.716122,0.0],[25.969393,44.71533,0.0],[25.969558,44.714537,0.0],[25.969928,44.712987,0.0],[25.97009,44.712541,0.0],[25.97004,44.712532,0.0],[25.97025,44.711917,0.0],[25.970765,44.71041,0.0],[25.967227,44.709686,0.0],[25.966081,44.709452,0.0],[25.953987,44.707351,0.0],[25.953655,44.707978,0.0],[25.953496,44.708351,0.0],[25.953332,44.708704,0.0],[25.953277,44.708931,0.0],[25.953296,44.709293,0.0],[25.953109,44.709512,0.0],[25.952749,44.709949,0.0],[25.953162,44.710416,0.0],[25.95289,44.710816,0.0],[25.952838,44.711038,0.0],[25.953003,44.711511,0.0],[25.953264,44.71197,0.0],[25.953655,44.712555,0.0],[25.954276,44.713309,0.0],[25.954414,44.713593,0.0],[25.954488,44.71402,0.0],[25.954647,44.714256,0.0],[25.955056,44.714424,0.0],[25.955402,44.714639,0.0],[25.955784,44.714753,0.0],[25.956435,44.714812,0.0],[25.956973,44.715093,0.0],[25.957585,44.715507,0.0],[25.958253,44.715891,0.0],[25.958826,44.716138,0.0],[25.959259,44.716215,0.0],[25.959531,44.716498,0.0],[25.959726,44.716863,0.0],[25.960008,44.717112,0.0],[25.96021,44.717253,0.0],[25.960679,44.717344,0.0],[25.961016,44.717579,0.0],[25.961222,44.717958,0.0],[25.961229,44.718338,0.0],[25.961416,44.718558,0.0],[25.961504,44.718859,0.0],[25.961551,44.719033,0.0],[25.961774,44.719215,0.0],[25.962181,44.719424,0.0],[25.963111,44.71949,0.0],[25.964359,44.719687,0.0],[25.966934,44.720095,0.0],[25.967482,44.720182,0.0],[25.967848,44.720304,0.0],[25.966762,44.721457,0.0],[25.965303,44.722872,0.0],[25.963115,44.725015,0.0],[25.962662,44.724548,0.0],[25.961534,44.723202,0.0],[25.961032,44.723005,0.0],[25.960177,44.722666,0.0],[25.95894,44.722023,0.0],[25.957897,44.721724,0.0],[25.957425,44.721709,0.0],[25.956873,44.721133,0.0],[25.954291,44.722149,0.0],[25.9503,44.717082,0.0],[25.95166,44.716469,0.0],[25.951659,44.716374,0.0],[25.948745,44.712892,0.0],[25.945927,44.709441,0.0],[25.94389,44.706893,0.0],[25.943227,44.706138,0.0],[25.942605,44.704968,0.0],[25.941745,44.703453,0.0],[25.94015,44.70383,0.0],[25.938465,44.700745,0.0],[25.936602,44.69867,0.0],[25.933169,44.694845,0.0],[25.931962,44.695694,0.0],[25.930668,44.696558,0.0],[25.930628,44.696523,0.0],[25.929754,44.697197,0.0],[25.928137,44.698251,0.0],[25.92783,44.700369,0.0],[25.927811,44.700397,0.0],[25.927752,44.700918,0.0],[25.92763,44.701821,0.0],[25.927469,44.702662,0.0],[25.927389,44.703176,0.0],[25.92731,44.70369,0.0],[25.92702,44.70501,0.0],[25.92702,44.705031,0.0],[25.926789,44.706331,0.0],[25.926559,44.707769,0.0],[25.926413,44.708956,0.0],[25.925746,44.709281,0.0],[25.924801,44.709754,0.0],[25.924771,44.709761,0.0],[25.924453,44.709923,0.0],[25.923102,44.710607,0.0],[25.921703,44.711361,0.0],[25.92067,44.711883,0.0],[25.919367,44.712504,0.0],[25.918411,44.712949,0.0],[25.918417,44.712968,0.0],[25.916997,44.714112,0.0],[25.915959,44.714961,0.0],[25.915226,44.715653,0.0],[25.914731,44.716294,0.0],[25.914236,44.716998,0.0],[25.913907,44.717517,0.0],[25.913895,44.71753,0.0],[25.913675,44.718012,0.0],[25.913374,44.718731,0.0],[25.913129,44.719429,0.0],[25.912737,44.720398,0.0],[25.912603,44.7209,0.0],[25.912474,44.721164,0.0],[25.912227,44.721531,0.0],[25.912113,44.721701,0.0],[25.911959,44.721927,0.0],[25.911928,44.721973,0.0],[25.911697,44.722366,0.0],[25.91153,44.722577,0.0],[25.911463,44.722531,0.0],[25.911391,44.722479,0.0],[25.911367,44.722516,0.0],[25.91109,44.723542,0.0],[25.910995,44.723826,0.0],[25.910126,44.726891,0.0],[25.910129,44.726953,0.0],[25.910107,44.726964,0.0],[25.909967,44.727469,0.0],[25.909939,44.727499,0.0],[25.909948,44.727529,0.0],[25.909728,44.728304,0.0],[25.909738,44.728331,0.0],[25.909722,44.728342,0.0],[25.90965,44.728539,0.0],[25.909649,44.728585,0.0],[25.90944,44.729307,0.0],[25.909399,44.729428,0.0],[25.909408,44.72949,0.0],[25.909386,44.729504,0.0],[25.909359,44.729664,0.0],[25.909324,44.72974,0.0],[25.909334,44.729771,0.0],[25.909242,44.730082,0.0],[25.908941,44.731336,0.0],[25.908431,44.733335,0.0],[25.908406,44.733415,0.0],[25.90875,44.733702,0.0],[25.908893,44.733949,0.0],[25.908902,44.734546,0.0],[25.909185,44.734792,0.0],[25.909744,44.734887,0.0],[25.910505,44.734533,0.0],[25.911195,44.73408,0.0],[25.911615,44.734176,0.0],[25.912111,44.734669,0.0],[25.912331,44.735363,0.0],[25.912685,44.735708,0.0],[25.913109,44.736052,0.0],[25.914442,44.736588,0.0],[25.915214,44.736929,0.0],[25.915356,44.737077,0.0],[25.915637,44.737224,0.0],[25.916478,44.737466,0.0],[25.917312,44.73731,0.0],[25.917865,44.737007,0.0],[25.918136,44.736558,0.0],[25.917782,44.736213,0.0],[25.916805,44.736122,0.0],[25.915965,44.73593,0.0],[25.916027,44.735432,0.0],[25.916088,44.734885,0.0],[25.916152,44.734537,0.0],[25.916706,44.734334,0.0],[25.917819,44.734175,0.0],[25.918166,44.734073,0.0],[25.918862,44.734018,0.0],[25.919914,44.734407,0.0],[25.920758,44.734847,0.0],[25.921946,44.735036,0.0],[25.922716,44.735229,0.0],[25.923145,44.735921,0.0],[25.923085,44.736518,0.0],[25.922886,44.737115,0.0],[25.922136,44.738215,0.0],[25.921382,44.738966,0.0],[25.921111,44.739465,0.0],[25.921326,44.739861,0.0],[25.922306,44.740102,0.0],[25.922929,44.739798,0.0],[25.923478,44.739297,0.0],[25.923821,44.738946,0.0],[25.924375,44.738693,0.0],[25.924583,44.738642,0.0],[25.924938,44.739037,0.0],[25.925018,44.739632,0.0],[25.924752,44.740429,0.0],[25.924199,44.740782,0.0],[25.923796,44.741679,0.0],[25.923465,44.742825,0.0],[25.923553,44.743917,0.0],[25.923909,44.744362,0.0],[25.924748,44.744554,0.0],[25.925651,44.744347,0.0],[25.926762,44.74404,0.0],[25.927885,44.744528,0.0],[25.928592,44.745118,0.0],[25.929299,44.745709,0.0],[25.930075,44.746299,0.0],[25.930782,44.746889,0.0],[25.931423,44.747728,0.0],[25.932267,44.748169,0.0],[25.933389,44.748557,0.0],[25.93451,44.748846,0.0],[25.935346,44.748839,0.0],[25.936457,44.748532,0.0],[25.936684,44.748421,0.0],[25.93684,44.748652,0.0],[25.937477,44.749623,0.0],[25.937525,44.749654,0.0],[25.938052,44.749706,0.0],[25.938078,44.749751,0.0],[25.93819,44.749896,0.0],[25.938602,44.750402,0.0],[25.938716,44.750555,0.0],[25.939683,44.751765,0.0],[25.939888,44.752033,0.0],[25.939925,44.752072,0.0],[25.940047,44.752233,0.0],[25.940202,44.752417,0.0],[25.940255,44.752493,0.0],[25.940348,44.7526,0.0],[25.940463,44.752753,0.0],[25.940646,44.752976,0.0],[25.940747,44.753113,0.0],[25.940787,44.753159,0.0],[25.940811,44.753173,0.0],[25.940811,44.753182,0.0],[25.940849,44.753228,0.0],[25.940945,44.753305,0.0],[25.940993,44.753334,0.0],[25.941086,44.753363,0.0],[25.941167,44.753398,0.0],[25.941183,44.753413,0.0],[25.941181,44.753421,0.0],[25.941171,44.753476,0.0],[25.941147,44.753554,0.0],[25.941101,44.753649,0.0],[25.941036,44.753749,0.0],[25.940963,44.753832,0.0],[25.940813,44.753976,0.0],[25.940561,44.754147,0.0],[25.940428,44.754269,0.0],[25.94038,44.754343,0.0],[25.940242,44.754559,0.0],[25.94019,44.754693,0.0],[25.940141,44.754882,0.0],[25.940137,44.755094,0.0],[25.94015,44.755185,0.0],[25.940213,44.755415,0.0],[25.940298,44.755579,0.0],[25.940362,44.755671,0.0],[25.940465,44.755855,0.0],[25.940684,44.756259,0.0],[25.940705,44.756283,0.0],[25.940705,44.756299,0.0],[25.94075,44.756391,0.0],[25.940747,44.75641,0.0],[25.940781,44.756498,0.0],[25.940789,44.756582,0.0],[25.94077,44.756658,0.0],[25.940699,44.756807,0.0],[25.940621,44.75689,0.0],[25.9405,44.756989,0.0],[25.940479,44.756997,0.0],[25.940298,44.757122,0.0],[25.94011,44.757227,0.0],[25.939963,44.757272,0.0],[25.939762,44.757313,0.0],[25.939665,44.757323,0.0],[25.939579,44.757322,0.0],[25.938862,44.757247,0.0],[25.938444,44.757248,0.0],[25.938369,44.757244,0.0],[25.93823,44.757222,0.0],[25.938176,44.757226,0.0],[25.938133,44.75722,0.0],[25.938005,44.75722,0.0],[25.93794,44.757225,0.0],[25.93783,44.757246,0.0],[25.93764,44.757256,0.0],[25.93757,44.757268,0.0],[25.937506,44.757267,0.0],[25.936965,44.757319,0.0],[25.936729,44.757332,0.0],[25.936472,44.757362,0.0],[25.936214,44.757395,0.0],[25.936128,44.757425,0.0],[25.936026,44.75743,0.0],[25.936016,44.757436,0.0],[25.936001,44.757426,0.0],[25.935966,44.757434,0.0],[25.935916,44.757461,0.0],[25.935848,44.757483,0.0],[25.935809,44.757503,0.0],[25.935792,44.757512,0.0],[25.935704,44.757537,0.0],[25.935667,44.757559,0.0],[25.935538,44.757647,0.0],[25.935327,44.757832,0.0],[25.935258,44.75792,0.0],[25.935155,44.75803,0.0],[25.935134,44.758062,0.0],[25.935128,44.758088,0.0],[25.9351,44.758127,0.0],[25.935041,44.758269,0.0],[25.934895,44.758541,0.0],[25.934866,44.758584,0.0],[25.934805,44.758643,0.0],[25.934672,44.758845,0.0],[25.934464,44.759095,0.0],[25.93427,44.759406,0.0],[25.934208,44.759545,0.0],[25.934121,44.759804,0.0],[25.933972,44.760053,0.0],[25.93384,44.760215,0.0],[25.933695,44.760332,0.0],[25.933618,44.760381,0.0],[25.933538,44.760444,0.0],[25.933435,44.760542,0.0],[25.933353,44.760598,0.0],[25.933261,44.760704,0.0],[25.93324,44.760784,0.0],[25.933258,44.760868,0.0],[25.933274,44.760899,0.0],[25.933349,44.761021,0.0],[25.93343,44.761119,0.0],[25.933504,44.761226,0.0],[25.933602,44.76134,0.0],[25.933746,44.761552,0.0],[25.933794,44.761621,0.0],[25.933921,44.761865,0.0],[25.93403,44.762147,0.0],[25.934081,44.762361,0.0],[25.934085,44.762441,0.0],[25.93406,44.762563,0.0],[25.934034,44.762632,0.0],[25.934003,44.762682,0.0],[25.933928,44.762772,0.0],[25.933895,44.762809,0.0],[25.933816,44.762865,0.0],[25.933805,44.762886,0.0],[25.933768,44.762917,0.0],[25.933601,44.763017,0.0],[25.933438,44.763093,0.0],[25.933302,44.76314,0.0],[25.933246,44.76315,0.0],[25.933182,44.763156,0.0],[25.933,44.763153,0.0],[25.932699,44.763106,0.0],[25.932376,44.763035,0.0],[25.932258,44.763002,0.0],[25.931838,44.762865,0.0],[25.931461,44.762711,0.0],[25.93117,44.762614,0.0],[25.930965,44.762537,0.0],[25.930577,44.762428,0.0],[25.93047,44.76241,0.0],[25.930223,44.762353,0.0],[25.930018,44.762316,0.0],[25.929868,44.762279,0.0],[25.929685,44.762253,0.0],[25.929224,44.76222,0.0],[25.928956,44.762218,0.0],[25.928747,44.762231,0.0],[25.928619,44.762239,0.0],[25.927929,44.762322,0.0],[25.927286,44.762377,0.0],[25.926798,44.762366,0.0],[25.926165,44.762306,0.0],[25.926058,44.762308,0.0],[25.925865,44.762298,0.0],[25.925758,44.762301,0.0],[25.925512,44.762329,0.0],[25.925426,44.762347,0.0],[25.925127,44.762441,0.0],[25.925056,44.762474,0.0],[25.92496,44.762534,0.0],[25.924809,44.762676,0.0],[25.924783,44.762726,0.0],[25.924758,44.76281,0.0],[25.924749,44.762913,0.0],[25.924785,44.763005,0.0],[25.924829,44.763066,0.0],[25.924913,44.763145,0.0],[25.925159,44.763308,0.0],[25.925378,44.763487,0.0],[25.925487,44.763577,0.0],[25.925585,44.763672,0.0],[25.925792,44.7639,0.0],[25.925918,44.764059,0.0],[25.925932,44.764082,0.0],[25.925929,44.764098,0.0],[25.925948,44.76412,0.0],[25.925964,44.764128,0.0],[25.926071,44.764284,0.0],[25.926179,44.764528,0.0],[25.92621,44.764642,0.0],[25.926224,44.764655,0.0],[25.926253,44.764806,0.0],[25.926287,44.764905,0.0],[25.926296,44.764997,0.0],[25.926313,44.765058,0.0],[25.926399,44.765271,0.0],[25.926427,44.765325,0.0],[25.926533,44.765469,0.0],[25.926651,44.765606,0.0],[25.926729,44.765682,0.0],[25.926803,44.765742,0.0],[25.926982,44.765867,0.0],[25.927182,44.766,0.0],[25.927341,44.76609,0.0],[25.927721,44.766241,0.0],[25.927988,44.766332,0.0],[25.928163,44.766381,0.0],[25.928295,44.766407,0.0],[25.928628,44.766504,0.0],[25.928766,44.76656,0.0],[25.928928,44.766641,0.0],[25.928945,44.766656,0.0],[25.929112,44.766753,0.0],[25.929269,44.766866,0.0],[25.929413,44.766993,0.0],[25.929513,44.767099,0.0],[25.929601,44.767213,0.0],[25.929733,44.76745,0.0],[25.929784,44.767655,0.0],[25.929789,44.767808,0.0],[25.929757,44.767965,0.0],[25.929759,44.768095,0.0],[25.929744,44.768214,0.0],[25.929696,44.768367,0.0],[25.929639,44.768509,0.0],[25.929542,44.768677,0.0],[25.929426,44.76881,0.0],[25.929411,44.768846,0.0],[25.92934,44.768944,0.0],[25.929292,44.768983,0.0],[25.929204,44.769037,0.0],[25.929101,44.76908,0.0],[25.928996,44.769107,0.0],[25.928839,44.769131,0.0],[25.928529,44.769193,0.0],[25.92787,44.769245,0.0],[25.927774,44.769238,0.0],[25.927506,44.769238,0.0],[25.927388,44.769237,0.0],[25.927087,44.769208,0.0],[25.92683,44.769193,0.0],[25.926476,44.769186,0.0],[25.926229,44.769162,0.0],[25.926014,44.769154,0.0],[25.925822,44.769159,0.0],[25.925436,44.769152,0.0],[25.925136,44.769172,0.0],[25.924756,44.769228,0.0],[25.924548,44.769271,0.0],[25.924467,44.769281,0.0],[25.924318,44.769319,0.0],[25.923645,44.769512,0.0],[25.92356,44.769543,0.0],[25.923326,44.769652,0.0],[25.922981,44.769872,0.0],[25.922888,44.769944,0.0],[25.922793,44.770055,0.0],[25.922745,44.770153,0.0],[25.922653,44.770342,0.0],[25.922582,44.770478,0.0],[25.922532,44.770536,0.0],[25.922524,44.770557,0.0],[25.922543,44.770588,0.0],[25.922664,44.770664,0.0],[25.922727,44.770721,0.0],[25.922961,44.770842,0.0],[25.923227,44.770953,0.0],[25.923367,44.770989,0.0],[25.923442,44.771,0.0],[25.923635,44.771013,0.0],[25.923785,44.771014,0.0],[25.923913,44.771008,0.0],[25.924073,44.770984,0.0],[25.924159,44.770961,0.0],[25.924394,44.770876,0.0],[25.924543,44.770793,0.0],[25.924705,44.770639,0.0],[25.924784,44.770587,0.0],[25.92484,44.770566,0.0],[25.924871,44.770539,0.0],[25.92501,44.770481,0.0],[25.925064,44.77045,0.0],[25.925202,44.770396,0.0],[25.925309,44.770361,0.0],[25.925416,44.770341,0.0],[25.925587,44.77033,0.0],[25.925769,44.770346,0.0],[25.925823,44.770359,0.0],[25.925959,44.770376,0.0],[25.9263,44.77049,0.0],[25.926367,44.770526,0.0],[25.926459,44.77054,0.0],[25.926531,44.770635,0.0],[25.926528,44.770643,0.0],[25.926561,44.770669,0.0],[25.92668,44.770806,0.0],[25.926756,44.770921,0.0],[25.926805,44.771004,0.0],[25.926824,44.771065,0.0],[25.926865,44.771134,0.0],[25.926926,44.771317,0.0],[25.926935,44.771443,0.0],[25.926914,44.771489,0.0],[25.926848,44.771562,0.0],[25.926758,44.771625,0.0],[25.926742,44.771641,0.0],[25.926646,44.771698,0.0],[25.926588,44.771721,0.0],[25.926542,44.771752,0.0],[25.926367,44.771843,0.0],[25.92634,44.771864,0.0],[25.926236,44.771922,0.0],[25.926079,44.772033,0.0],[25.92605,44.772045,0.0],[25.925547,44.772337,0.0],[25.924588,44.772845,0.0],[25.92433,44.772963,0.0],[25.92405,44.773108,0.0],[25.923925,44.773165,0.0],[25.923658,44.773252,0.0],[25.923305,44.773328,0.0],[25.923176,44.773329,0.0],[25.923123,44.773339,0.0],[25.922791,44.773336,0.0],[25.922673,44.773329,0.0],[25.922341,44.773292,0.0],[25.922298,44.773291,0.0],[25.922158,44.773269,0.0],[25.921943,44.77321,0.0],[25.921448,44.773001,0.0],[25.921244,44.77294,0.0],[25.921116,44.772916,0.0],[25.920697,44.772868,0.0],[25.920526,44.772857,0.0],[25.920386,44.772852,0.0],[25.919974,44.772858,0.0],[25.91976,44.772872,0.0],[25.919477,44.77291,0.0],[25.919225,44.772959,0.0],[25.919105,44.773011,0.0],[25.91906,44.773036,0.0],[25.919023,44.773066,0.0],[25.918956,44.773099,0.0],[25.918911,44.773117,0.0],[25.918852,44.773126,0.0],[25.918707,44.773087,0.0],[25.918519,44.773009,0.0],[25.918309,44.772909,0.0],[25.918174,44.772828,0.0],[25.918099,44.772794,0.0],[25.9179,44.77268,0.0],[25.917658,44.772574,0.0],[25.917432,44.772483,0.0],[25.917292,44.772442,0.0],[25.917184,44.772421,0.0],[25.916927,44.772371,0.0],[25.916648,44.772292,0.0],[25.916497,44.772228,0.0],[25.916443,44.772192,0.0],[25.916341,44.772098,0.0],[25.916298,44.772076,0.0],[25.916212,44.772051,0.0],[25.916126,44.772036,0.0],[25.916019,44.772033,0.0],[25.915901,44.77202,0.0],[25.91582,44.772036,0.0],[25.915759,44.772084,0.0],[25.915685,44.772159,0.0],[25.915617,44.772258,0.0],[25.915596,44.77231,0.0],[25.91558,44.772386,0.0],[25.915581,44.772478,0.0],[25.915593,44.772539,0.0],[25.915648,44.772699,0.0],[25.91576,44.77292,0.0],[25.915909,44.773164,0.0],[25.916034,44.773339,0.0],[25.916129,44.773453,0.0],[25.916235,44.773575,0.0],[25.916554,44.773856,0.0],[25.916651,44.773963,0.0],[25.916673,44.773993,0.0],[25.916681,44.774024,0.0],[25.916666,44.774096,0.0],[25.916642,44.774125,0.0],[25.91657,44.774175,0.0],[25.916427,44.774252,0.0],[25.916331,44.774317,0.0],[25.916097,44.774527,0.0],[25.916038,44.774589,0.0],[25.915933,44.774699,0.0],[25.915854,44.774822,0.0],[25.915799,44.77495,0.0],[25.915784,44.775021,0.0],[25.915782,44.775093,0.0],[25.915799,44.775208,0.0],[25.915843,44.77533,0.0],[25.915889,44.775421,0.0],[25.915952,44.775505,0.0],[25.91602,44.775573,0.0],[25.916181,44.775682,0.0],[25.916309,44.775728,0.0],[25.916426,44.775766,0.0],[25.916447,44.775762,0.0],[25.916745,44.775803,0.0],[25.917056,44.775825,0.0],[25.917155,44.775824,0.0],[25.917294,44.775812,0.0],[25.917422,44.775783,0.0],[25.917572,44.775727,0.0],[25.917817,44.775613,0.0],[25.917998,44.77554,0.0],[25.918116,44.775505,0.0],[25.918276,44.775485,0.0],[25.918641,44.775486,0.0],[25.91938,44.775544,0.0],[25.919734,44.775544,0.0],[25.919809,44.775551,0.0],[25.919846,44.775566,0.0],[25.919865,44.775582,0.0],[25.919914,44.775644,0.0],[25.919963,44.775736,0.0],[25.919991,44.77582,0.0],[25.919997,44.77585,0.0],[25.919992,44.775957,0.0],[25.919977,44.776034,0.0],[25.919951,44.776099,0.0],[25.919924,44.776129,0.0],[25.919853,44.776187,0.0],[25.919821,44.776202,0.0],[25.919805,44.776225,0.0],[25.919712,44.776277,0.0],[25.9196,44.776329,0.0],[25.919517,44.776362,0.0],[25.919319,44.776426,0.0],[25.919042,44.776506,0.0],[25.918924,44.776542,0.0],[25.918764,44.776581,0.0],[25.918583,44.776643,0.0],[25.918439,44.77672,0.0],[25.918338,44.776789,0.0],[25.918253,44.776857,0.0],[25.918075,44.777027,0.0],[25.918038,44.777052,0.0],[25.917886,44.77712,0.0],[25.917771,44.777183,0.0],[25.91763,44.77723,0.0],[25.917409,44.777338,0.0],[25.917339,44.777393,0.0],[25.91726,44.777478,0.0],[25.917223,44.777545,0.0],[25.917195,44.777635,0.0],[25.917182,44.777734,0.0],[25.917183,44.777803,0.0],[25.917165,44.777902,0.0],[25.917172,44.778265,0.0],[25.917238,44.778486,0.0],[25.91729,44.778577,0.0],[25.917382,44.778707,0.0],[25.917461,44.778775,0.0],[25.917582,44.778863,0.0],[25.917776,44.778961,0.0],[25.91794,44.779027,0.0],[25.918112,44.779088,0.0],[25.91834,44.779157,0.0],[25.918453,44.779201,0.0],[25.918568,44.779248,0.0],[25.918626,44.779279,0.0],[25.918663,44.779291,0.0],[25.918827,44.779384,0.0],[25.918965,44.779443,0.0],[25.919062,44.779509,0.0],[25.919124,44.779585,0.0],[25.919141,44.779647,0.0],[25.919141,44.779708,0.0],[25.919123,44.779796,0.0],[25.919081,44.77988,0.0],[25.919039,44.77992,0.0],[25.919029,44.779941,0.0],[25.918946,44.780016,0.0],[25.91888,44.780054,0.0],[25.918805,44.780081,0.0],[25.91858,44.780126,0.0],[25.918377,44.780127,0.0],[25.918055,44.780106,0.0],[25.917905,44.780106,0.0],[25.917787,44.780097,0.0],[25.917493,44.780112,0.0],[25.91737,44.780143,0.0],[25.917304,44.780187,0.0],[25.917261,44.780239,0.0],[25.917185,44.780392,0.0],[25.917154,44.780491,0.0],[25.917147,44.78056,0.0],[25.917151,44.780744,0.0],[25.917184,44.780827,0.0],[25.91719,44.780866,0.0],[25.917403,44.781292,0.0],[25.917425,44.781353,0.0],[25.917662,44.781765,0.0],[25.917706,44.781895,0.0],[25.917691,44.781956,0.0],[25.917604,44.782094,0.0],[25.917548,44.782147,0.0],[25.917421,44.782234,0.0],[25.917301,44.782284,0.0],[25.917215,44.782302,0.0],[25.916831,44.782404,0.0],[25.916425,44.782525,0.0],[25.916297,44.782556,0.0],[25.916136,44.782616,0.0],[25.916046,44.782633,0.0],[25.915787,44.782745,0.0],[25.915661,44.782784,0.0],[25.915507,44.782859,0.0],[25.915392,44.782926,0.0],[25.915203,44.783065,0.0],[25.915111,44.783153,0.0],[25.915071,44.78322,0.0],[25.915053,44.78327,0.0],[25.915046,44.783357,0.0],[25.915068,44.783464,0.0],[25.915134,44.783609,0.0],[25.91521,44.783708,0.0],[25.915418,44.783921,0.0],[25.915546,44.784073,0.0],[25.915673,44.784203,0.0],[25.915787,44.784347,0.0],[25.91593,44.784499,0.0],[25.915966,44.784554,0.0],[25.916028,44.784644,0.0],[25.916056,44.784705,0.0],[25.91611,44.784789,0.0],[25.916152,44.784941,0.0],[25.916175,44.785094,0.0],[25.916176,44.78517,0.0],[25.916161,44.785277,0.0],[25.91613,44.785392,0.0],[25.916043,44.785595,0.0],[25.915961,44.785695,0.0],[25.915751,44.785856,0.0],[25.915517,44.786,0.0],[25.915085,44.786204,0.0],[25.914941,44.786243,0.0],[25.914823,44.786263,0.0],[25.914406,44.786284,0.0],[25.914101,44.786314,0.0],[25.913827,44.786324,0.0],[25.913613,44.786325,0.0],[25.913174,44.786291,0.0],[25.913109,44.786287,0.0],[25.913088,44.786295,0.0],[25.912584,44.786259,0.0],[25.912477,44.786252,0.0],[25.912091,44.786254,0.0],[25.911813,44.786276,0.0],[25.911609,44.786303,0.0],[25.911107,44.786386,0.0],[25.910171,44.786506,0.0],[25.909914,44.786546,0.0],[25.90955,44.786589,0.0],[25.909357,44.786622,0.0],[25.90925,44.78665,0.0],[25.909149,44.786686,0.0],[25.909035,44.78675,0.0],[25.908851,44.786888,0.0],[25.908689,44.787045,0.0],[25.908562,44.787193,0.0],[25.908517,44.787262,0.0],[25.908439,44.78743,0.0],[25.908418,44.787461,0.0],[25.9084,44.787606,0.0],[25.90841,44.787766,0.0],[25.908418,44.787789,0.0],[25.908435,44.787881,0.0],[25.908517,44.788041,0.0],[25.908604,44.788163,0.0],[25.908645,44.788209,0.0],[25.908709,44.788262,0.0],[25.908833,44.788322,0.0],[25.909107,44.78839,0.0],[25.909172,44.788412,0.0],[25.909231,44.788439,0.0],[25.909266,44.788469,0.0],[25.909288,44.788511,0.0],[25.909288,44.788572,0.0],[25.909263,44.788668,0.0],[25.909244,44.788695,0.0],[25.909167,44.788758,0.0],[25.908957,44.788881,0.0],[25.908861,44.788929,0.0],[25.908728,44.789018,0.0],[25.908565,44.789104,0.0],[25.908533,44.789129,0.0],[25.908312,44.789211,0.0],[25.908189,44.789274,0.0],[25.908024,44.789345,0.0],[25.907637,44.789542,0.0],[25.907411,44.789638,0.0],[25.907246,44.789729,0.0],[25.906684,44.79013,0.0],[25.906332,44.79046,0.0],[25.906215,44.790575,0.0],[25.906148,44.790654,0.0],[25.906059,44.790813,0.0],[25.905935,44.791012,0.0],[25.905911,44.791039,0.0],[25.905835,44.791188,0.0],[25.90579,44.791255,0.0],[25.905777,44.791322,0.0],[25.905756,44.79136,0.0],[25.90573,44.791374,0.0],[25.905688,44.79149,0.0],[25.90568,44.791488,0.0],[25.905656,44.791575,0.0],[25.905622,44.791652,0.0],[25.905559,44.791804,0.0],[25.905546,44.791873,0.0],[25.905503,44.791992,0.0],[25.905444,44.792324,0.0],[25.905422,44.792667,0.0],[25.905387,44.792927,0.0],[25.905386,44.793057,0.0],[25.905373,44.793202,0.0],[25.905338,44.793408,0.0],[25.9053,44.793717,0.0],[25.905284,44.793771,0.0],[25.905273,44.793853,0.0],[25.905268,44.794141,0.0],[25.905267,44.794306,0.0],[25.905283,44.794359,0.0],[25.905278,44.794365,0.0],[25.905267,44.794363,0.0],[25.905265,44.794418,0.0],[25.90527,44.794668,0.0],[25.90528,44.794737,0.0],[25.90528,44.794882,0.0],[25.905296,44.794997,0.0],[25.905288,44.795134,0.0],[25.905298,44.795188,0.0],[25.905296,44.795279,0.0],[25.905282,44.795318,0.0],[25.905271,44.795459,0.0],[25.905262,44.795523,0.0],[25.905272,44.795586,0.0],[25.905279,44.795638,0.0],[25.905317,44.795723,0.0],[25.905343,44.795753,0.0],[25.905392,44.795788,0.0],[25.905515,44.795843,0.0],[25.905673,44.795883,0.0],[25.905769,44.795895,0.0],[25.905951,44.795865,0.0],[25.906069,44.795838,0.0],[25.906177,44.795791,0.0],[25.906273,44.795743,0.0],[25.906359,44.79569,0.0],[25.90663,44.795474,0.0],[25.906804,44.795236,0.0],[25.906834,44.795152,0.0],[25.906839,44.795083,0.0],[25.906828,44.795014,0.0],[25.906745,44.794823,0.0],[25.906507,44.794481,0.0],[25.90647,44.794412,0.0],[25.906454,44.794349,0.0],[25.906459,44.794311,0.0],[25.906497,44.794275,0.0],[25.90654,44.794258,0.0],[25.906623,44.79425,0.0],[25.906751,44.794254,0.0],[25.907159,44.79431,0.0],[25.907544,44.794353,0.0],[25.907726,44.794401,0.0],[25.907855,44.794426,0.0],[25.907994,44.794441,0.0],[25.908292,44.794495,0.0],[25.90838,44.794503,0.0],[25.908583,44.794537,0.0],[25.908668,44.794568,0.0],[25.90875,44.794602,0.0],[25.908964,44.794721,0.0],[25.909057,44.794784,0.0],[25.909167,44.794891,0.0],[25.909229,44.794975,0.0],[25.909288,44.795098,0.0],[25.909333,44.79522,0.0],[25.909333,44.795251,0.0],[25.909365,44.795388,0.0],[25.909357,44.79548,0.0],[25.909338,44.795533,0.0],[25.909335,44.795575,0.0],[25.909316,44.795613,0.0],[25.909292,44.795705,0.0],[25.909271,44.795745,0.0],[25.909241,44.795858,0.0],[25.909134,44.796007,0.0],[25.908799,44.796289,0.0],[25.908687,44.796378,0.0],[25.908567,44.796471,0.0],[25.908462,44.796548,0.0],[25.908372,44.796613,0.0],[25.908137,44.796754,0.0],[25.907837,44.796891,0.0],[25.907581,44.797011,0.0],[25.907381,44.797098,0.0],[25.906746,44.797329,0.0],[25.906695,44.797338,0.0],[25.906582,44.797372,0.0],[25.906545,44.797389,0.0],[25.906373,44.797433,0.0],[25.906212,44.797483,0.0],[25.906068,44.79752,0.0],[25.905987,44.79753,0.0],[25.905877,44.797553,0.0],[25.905741,44.797598,0.0],[25.905617,44.797655,0.0],[25.905532,44.797686,0.0],[25.905205,44.797846,0.0],[25.904985,44.797968,0.0],[25.904876,44.798016,0.0],[25.904789,44.798059,0.0],[25.904748,44.798058,0.0],[25.90469,44.798083,0.0],[25.904597,44.798108,0.0],[25.904458,44.798156,0.0],[25.904367,44.798197,0.0],[25.904189,44.798303,0.0],[25.904025,44.798377,0.0],[25.903685,44.798522,0.0],[25.903642,44.79853,0.0],[25.903583,44.798557,0.0],[25.903428,44.798602,0.0],[25.903156,44.798692,0.0],[25.902899,44.798787,0.0],[25.902499,44.798949,0.0],[25.9022,44.799053,0.0],[25.902051,44.799113,0.0],[25.901763,44.799261,0.0],[25.901661,44.799323,0.0],[25.901497,44.799467,0.0],[25.901468,44.799503,0.0],[25.90146,44.79953,0.0],[25.901438,44.799537,0.0],[25.901327,44.799656,0.0],[25.901285,44.799693,0.0],[25.901181,44.799833,0.0],[25.901158,44.799951,0.0],[25.901132,44.800024,0.0],[25.901108,44.800063,0.0],[25.90108,44.800108,0.0],[25.901074,44.800139,0.0],[25.901019,44.800255,0.0],[25.901017,44.800276,0.0],[25.90094,44.800387,0.0],[25.900816,44.800533,0.0],[25.900749,44.800596,0.0],[25.900704,44.800627,0.0],[25.900387,44.800798,0.0],[25.899915,44.801008,0.0],[25.899738,44.801074,0.0],[25.899573,44.801124,0.0],[25.899337,44.801175,0.0],[25.899126,44.801202,0.0],[25.899064,44.801206,0.0],[25.898904,44.801203,0.0],[25.89885,44.801215,0.0],[25.898807,44.801211,0.0],[25.898791,44.801217,0.0],[25.898668,44.801219,0.0],[25.898628,44.801225,0.0],[25.898427,44.801226,0.0],[25.898084,44.801212,0.0],[25.897923,44.801216,0.0],[25.897613,44.80121,0.0],[25.897387,44.801213,0.0],[25.897216,44.801204,0.0],[25.89713,44.801189,0.0],[25.897039,44.801157,0.0],[25.896915,44.801102,0.0],[25.89685,44.80106,0.0],[25.896683,44.800986,0.0],[25.896616,44.800942,0.0],[25.896567,44.800885,0.0],[25.896536,44.800824,0.0],[25.896496,44.800759,0.0],[25.896458,44.800653,0.0],[25.896438,44.800569,0.0],[25.896373,44.800426,0.0],[25.89631,44.800325,0.0],[25.896235,44.800252,0.0],[25.896084,44.800154,0.0],[25.896062,44.800133,0.0],[25.895984,44.800101,0.0],[25.895791,44.800044,0.0],[25.895511,44.799972,0.0],[25.895372,44.799927,0.0],[25.895227,44.799901,0.0],[25.895168,44.799892,0.0],[25.895109,44.799894,0.0],[25.89498,44.799931,0.0],[25.894834,44.800006,0.0],[25.89477,44.800057,0.0],[25.894666,44.800127,0.0],[25.89452,44.800259,0.0],[25.894448,44.800315,0.0],[25.894379,44.800401,0.0],[25.894332,44.800502,0.0],[25.894313,44.800569,0.0],[25.894301,44.800623,0.0],[25.89428,44.800661,0.0],[25.894265,44.800737,0.0],[25.894228,44.800818,0.0],[25.894178,44.800887,0.0],[25.894095,44.80095,0.0],[25.893853,44.801069,0.0],[25.893732,44.801119,0.0],[25.893583,44.80116,0.0],[25.893253,44.80122,0.0],[25.892909,44.801279,0.0],[25.892724,44.801327,0.0],[25.892401,44.801455,0.0],[25.892313,44.801503,0.0],[25.89226,44.801541,0.0],[25.892202,44.801601,0.0],[25.892048,44.801718,0.0],[25.891971,44.801804,0.0],[25.891942,44.801848,0.0],[25.89191,44.801921,0.0],[25.891905,44.801995,0.0],[25.891892,44.802011,0.0],[25.891894,44.802031,0.0],[25.891954,44.802152,0.0],[25.891996,44.802239,0.0],[25.892043,44.8024,0.0],[25.892044,44.802766,0.0],[25.892028,44.802837,0.0],[25.892029,44.802896,0.0],[25.892014,44.803011,0.0],[25.891993,44.803083,0.0],[25.891935,44.803195,0.0],[25.891864,44.80329,0.0],[25.891813,44.803338,0.0],[25.891742,44.803436,0.0],[25.891519,44.803677,0.0],[25.891262,44.803927,0.0],[25.891198,44.803999,0.0],[25.89114,44.804084,0.0],[25.890965,44.804275,0.0],[25.890837,44.804387,0.0],[25.890816,44.804417,0.0],[25.890382,44.804721,0.0],[25.890267,44.804775,0.0],[25.890057,44.804898,0.0],[25.88983,44.805015,0.0],[25.889721,44.805082,0.0],[25.889569,44.805153,0.0],[25.88947,44.805213,0.0],[25.889353,44.805269,0.0],[25.889302,44.805286,0.0],[25.88926,44.805312,0.0],[25.888955,44.805457,0.0],[25.888599,44.805703,0.0],[25.888444,44.805784,0.0],[25.88838,44.805803,0.0],[25.888348,44.805805,0.0],[25.888252,44.805829,0.0],[25.887736,44.805985,0.0],[25.88768,44.805989,0.0],[25.887466,44.806032,0.0],[25.887257,44.806104,0.0],[25.886959,44.806252,0.0],[25.886676,44.806419,0.0],[25.886277,44.806676,0.0],[25.886146,44.806772,0.0],[25.886088,44.806824,0.0],[25.88586,44.807075,0.0],[25.885767,44.8072,0.0],[25.885637,44.807326,0.0],[25.885542,44.807447,0.0],[25.885486,44.807535,0.0],[25.885401,44.807638,0.0],[25.885336,44.807733,0.0],[25.885166,44.807964,0.0],[25.885105,44.808079,0.0],[25.885039,44.808182,0.0],[25.884843,44.808458,0.0],[25.88472,44.808676,0.0],[25.884704,44.808722,0.0],[25.884689,44.808829,0.0],[25.884708,44.808905,0.0],[25.884709,44.808963,0.0],[25.88472,44.809008,0.0],[25.884735,44.80923,0.0],[25.884787,44.809634,0.0],[25.884788,44.809734,0.0],[25.884778,44.809841,0.0],[25.884761,44.809914,0.0],[25.884668,44.810098,0.0],[25.884577,44.810305,0.0],[25.884563,44.810335,0.0],[25.884414,44.810544,0.0],[25.884283,44.810728,0.0],[25.884085,44.811044,0.0],[25.883887,44.81136,0.0],[25.883763,44.811854,0.0],[25.883555,44.812246,0.0],[25.883191,44.812665,0.0],[25.882934,44.812998,0.0],[25.882857,44.813458,0.0],[25.882864,44.81355,0.0],[25.882902,44.81406,0.0],[25.88324,44.814313,0.0],[25.883951,44.81474,0.0],[25.884292,44.814806,0.0],[25.884633,44.814871,0.0],[25.885616,44.815169,0.0],[25.885919,44.815455,0.0],[25.885851,44.815677,0.0],[25.885593,44.815959,0.0],[25.885442,44.816232,0.0],[25.885377,44.816683,0.0],[25.885501,44.816988,0.0],[25.885832,44.817327,0.0],[25.886095,44.817552,0.0],[25.886254,44.81778,0.0],[25.886269,44.818018,0.0],[25.885945,44.818207,0.0],[25.885582,44.818355,0.0],[25.885164,44.818298,0.0],[25.884685,44.8182,0.0],[25.884219,44.818187,0.0],[25.883766,44.818216,0.0],[25.883339,44.818415,0.0],[25.88307,44.818748,0.0],[25.883148,44.819181,0.0],[25.883237,44.819537,0.0],[25.883209,44.820004,0.0],[25.882821,44.820415,0.0],[25.882432,44.820698,0.0],[25.881994,44.820956,0.0],[25.881603,44.821104,0.0],[25.880794,44.821289,0.0],[25.880003,44.821082,0.0],[25.879202,44.820726,0.0],[25.87853,44.820484,0.0],[25.877336,44.820089,0.0],[25.877015,44.820161,0.0],[25.876893,44.820286,0.0],[25.876875,44.820691,0.0],[25.87681,44.821273,0.0],[25.876594,44.821715,0.0],[25.876523,44.82198,0.0],[25.876548,44.821962,0.0],[25.876427,44.822157,0.0],[25.87635,44.822242,0.0],[25.8762,44.822689,0.0],[25.875814,44.823026,0.0],[25.875545,44.823363,0.0],[25.875311,44.823364,0.0],[25.875232,44.82366,0.0],[25.874879,44.823958,0.0],[25.874527,44.82425,0.0],[25.874038,44.824599,0.0],[25.873536,44.825049,0.0],[25.873385,44.825384,0.0],[25.873552,44.825604,0.0],[25.874058,44.82588,0.0],[25.874104,44.825895,0.0],[25.874432,44.826158,0.0],[25.874812,44.826586,0.0],[25.875032,44.826886,0.0],[25.875104,44.827245,0.0],[25.875095,44.827237,0.0],[25.875117,44.827561,0.0],[25.875081,44.82788,0.0],[25.874978,44.828066,0.0],[25.874843,44.828282,0.0],[25.874773,44.828491,0.0],[25.874748,44.828479,0.0],[25.874768,44.82874,0.0],[25.874959,44.828964,0.0],[25.875044,44.829043,0.0],[25.87525,44.829236,0.0],[25.875298,44.82928,0.0],[25.875383,44.829546,0.0],[25.875372,44.829905,0.0],[25.875263,44.830178,0.0],[25.875113,44.83051,0.0],[25.874923,44.830841,0.0],[25.874733,44.831185,0.0],[25.874459,44.831395,0.0],[25.874143,44.831485,0.0],[25.873566,44.831553,0.0],[25.873362,44.831531,0.0],[25.872883,44.831593,0.0],[25.872298,44.831667,0.0],[25.871623,44.831689,0.0],[25.871346,44.831709,0.0],[25.871322,44.831703,0.0],[25.870964,44.831729,0.0],[25.870647,44.831784,0.0],[25.870493,44.831837,0.0],[25.87034,44.83189,0.0],[25.87004,44.831974,0.0],[25.869858,44.832042,0.0],[25.869674,44.832106,0.0],[25.869197,44.832055,0.0],[25.868795,44.831955,0.0]]]],"type":"MultiPolygon"},"properties":{"fid":1,"area":4714.84,"perimeter":481.21,"_s":{"f":"#3579b1","fo":0.0,"s":"#3579b1","so":1.0,"w":7.56,"r":5.0,"st":[{"s":"#3579b1","so":1.0,"w":7.56,"cap":"square","join":"bevel"},{"s":"#b5b4b4","so":1.0,"w":3.78,"d":"18.9,7.6","cap":"square","join":"bevel"}]}}}]}