{"type":"FeatureCollection","features":[{"type":"Feature","geometry":{"coordinates":[[[25.921451,44.966874,0.0],[25.921452,44.966854,0.0],[25.921457,44.966795,0.0],[25.921458,44.966741,0.0],[25.921459,44.966661,0.0],[25.921459,44.96665,0.0]]],"type":"MultiLineString"},"properties":{"tip_retea":"Gaze","stare":"Existent","operator":"Transgaz","adancime":null,"detalii":"Conductă convenție exploatare - E.T. București","_s":{"f":"#dc10a2","fo":0.0,"s":"#dc10a2","so":1.0,"w":3.78,"r":5.0,"cap":"square","join":"bevel"},"_c":0}},{"type":"Feature","geometry":{"coordinates":[[[25.85651,44.932015,0.0],[25.856514,44.93201,0.0],[25.856526,44.931989,0.0],[25.856647,44.931649,0.0],[25.856869,44.930956,0.0],[25.857074,44.930146,0.0],[25.85735,44.929408,0.0],[25.857576,44.928653,0.0],[25.857719,44.928002,0.0],[25.857689,44.927999,0.0],[25.857678,44.927998,0.0]]],"type":"MultiLineString"},"properties":{"tip_retea":"Gaze","stare":"Existent","operator":"Transgaz","adancime":null,"detalii":"Racord - E.T. București","_s":{"f":"#af5800","fo":0.0,"s":"#af5800","so":1.0,"w":3.78,"r":5.0,"cap":"square","join":"bevel"},"_c":5}},{"type":"Feature","geometry":{"coordinates":[[[25.99652,44.981151,0.0],[25.996527,44.981143,0.0],[25.996627,44.981036,0.0],[25.996714,44.980936,0.0],[25.996808,44.980826,0.0],[25.996865,44.98076,0.0],[25.996924,44.98069,0.0],[25.996958,44.980658,0.0],[25.99699,44.980666,0.0]]],"type":"MultiLineString"},"properties":{"tip_retea":"Gaze","stare":"Existent","operator":"Transgaz","adancime":null,"detalii":"Racord - E.T. București","_s":{"f":"#af5800","fo":0.0,"s":"#af5800","so":1.0,"w":3.78,"r":5.0,"cap":"square","join":"bevel"},"_c":5}},{"type":"Feature","geometry":{"coordinates":[[[25.79772,44.957127,0.0],[25.797699,44.957182,0.0],[25.797697,44.957187,0.0]]],"type":"MultiLineString"},"properties":{"tip_retea":"Gaze","stare":"Existent","operator":"Transgaz","adancime":null,"detalii":"Racord - E.T. București","_s":{"f":"#af5800","fo":0.0,"s":"#af5800","so":1.0,"w":3.78,"r":5.0,"cap":"square","join":"bevel"},"_c":5}},{"type":"Feature","geometry":{"coordinates":[[[25.834895,44.956911,0.0],[25.834849,44.956887,0.0],[25.834573,44.95676,0.0],[25.834181,44.956588,0.0],[25.83384,44.956448,0.0],[25.833401,44.956273,0.0],[25.833079,44.956177,0.0],[25.832662,44.95608,0.0],[25.832224,44.955948,0.0],[25.831592,44.955718,0.0],[25.830987,44.955489,0.0],[25.830494,44.955337,0.0],[25.830017,44.955196,0.0],[25.829505,44.955046,0.0],[25.829125,44.954935,0.0],[25.828704,44.954814,0.0],[25.828413,44.954718,0.0],[25.828032,44.954594,0.0],[25.827854,44.954532,0.0],[25.827686,44.954479,0.0],[25.827669,44.954475,0.0],[25.827657,44.954487,0.0],[25.827617,44.954545,0.0],[25.827595,44.954579,0.0],[25.82757,44.95457,0.0],[25.827527,44.954556,0.0],[25.827529,44.954545,0.0],[25.827511,44.954538,0.0]]],"type":"MultiLineString"},"properties":{"tip_retea":"Gaze","stare":"Existent","operator":"Transgaz","adancime":null,"detalii":"Racord - E.T. București","_s":{"f":"#af5800","fo":0.0,"s":"#af5800","so":1.0,"w":3.78,"r":5.0,"cap":"square","join":"bevel"},"_c":5}},{"type":"Feature","geometry":{"coordinates":[[[25.960151,44.938339,0.0],[25.960145,44.938337,0.0],[25.960125,44.93833,0.0],[25.960091,44.938319,0.0],[25.960028,44.938298,0.0],[25.959915,44.938259,0.0],[25.959885,44.938249,0.0],[25.959884,44.938249,0.0],[25.959884,44.938249,0.0],[25.959884,44.938249,0.0],[25.959884,44.938249,0.0],[25.959884,44.938249,0.0],[25.959884,44.938249,0.0],[25.959884,44.938249,0.0],[25.959884,44.938249,0.0],[25.959883,44.938249,0.0],[25.959883,44.938248,0.0],[25.959883,44.938248,0.0],[25.959883,44.938248,0.0],[25.959883,44.938248,0.0],[25.959883,44.938248,0.0],[25.959883,44.938248,0.0],[25.959883,44.938248,0.0],[25.959883,44.938248,0.0],[25.959883,44.938248,0.0],[25.959882,44.938248,0.0],[25.959882,44.938248,0.0],[25.959882,44.938248,0.0],[25.959882,44.938248,0.0],[25.959882,44.938248,0.0],[25.959882,44.938248,0.0],[25.959882,44.938248,0.0],[25.959882,44.938247,0.0],[25.959882,44.938247,0.0],[25.959882,44.938247,0.0],[25.959882,44.938247,0.0],[25.959881,44.938247,0.0],[25.959881,44.938247,0.0],[25.959881,44.938247,0.0],[25.959881,44.938247,0.0],[25.959881,44.938247,0.0],[25.959881,44.938247,0.0],[25.959881,44.938247,0.0],[25.959881,44.938247,0.0],[25.959881,44.938247,0.0],[25.959881,44.938247,0.0],[25.959881,44.938246,0.0],[25.959881,44.938246,0.0],[25.959881,44.938246,0.0],[25.95988,44.938246,0.0],[25.95988,44.938246,0.0],[25.95988,44.938246,0.0],[25.95988,44.938246,0.0],[25.95988,44.938246,0.0],[25.95988,44.938246,0.0],[25.95988,44.938246,0.0],[25.95988,44.938246,0.0],[25.95988,44.938245,0.0],[25.95988,44.938245,0.0],[25.95988,44.938245,0.0],[25.95988,44.938245,0.0],[25.95988,44.938245,0.0],[25.95988,44.938245,0.0],[25.95988,44.938245,0.0],[25.95988,44.938245,0.0],[25.95988,44.938245,0.0],[25.95988,44.938245,0.0],[25.95988,44.938245,0.0],[25.95988,44.938245,0.0],[25.95988,44.938244,0.0],[25.95988,44.938244,0.0],[25.95988,44.938244,0.0],[25.95988,44.938244,0.0],[25.95988,44.938244,0.0],[25.95988,44.938244,0.0],[25.95988,44.938244,0.0],[25.95988,44.938244,0.0],[25.95988,44.938244,0.0],[25.95988,44.938244,0.0],[25.959879,44.938243,0.0],[25.959879,44.938243,0.0],[25.959879,44.938243,0.0],[25.959879,44.938243,0.0],[25.959879,44.938243,0.0],[25.95988,44.938243,0.0],[25.95988,44.938243,0.0],[25.95988,44.938243,0.0],[25.95988,44.938243,0.0],[25.95988,44.938243,0.0],[25.95988,44.938243,0.0],[25.95988,44.938242,0.0],[25.95988,44.938242,0.0],[25.95988,44.938242,0.0],[25.95988,44.938242,0.0],[25.95988,44.938242,0.0],[25.95988,44.938242,0.0],[25.95988,44.938242,0.0],[25.95988,44.938242,0.0],[25.95988,44.938242,0.0],[25.95988,44.938242,0.0],[25.95988,44.938242,0.0],[25.95988,44.938241,0.0],[25.95988,44.938241,0.0],[25.959883,44.938236,0.0],[25.959914,44.938185,0.0],[25.959952,44.938122,0.0],[25.959963,44.938103,0.0],[25.95994,44.938092,0.0],[25.959949,44.93808,0.0],[25.95995,44.938079,0.0]]],"type":"MultiLineString"},"properties":{"tip_retea":"Gaze","stare":"Existent","operator":"Transgaz","adancime":null,"detalii":"Racord - E.T. București","_s":{"f":"#af5800","fo":0.0,"s":"#af5800","so":1.0,"w":3.78,"r":5.0,"cap":"square","join":"bevel"},"_c":5}},{"type":"Feature","geometry":{"coordinates":[[[25.805145,45.040498,0.0],[25.803877,45.039989,0.0],[25.802828,45.039647,0.0],[25.801911,45.039348,0.0],[25.801659,45.039266,0.0],[25.801506,45.039315,0.0],[25.80144,45.039296,0.0],[25.801231,45.039235,0.0],[25.79934,45.038689,0.0],[25.799314,45.03868,0.0],[25.799253,45.038661,0.0],[25.798974,45.038572,0.0],[25.798222,45.038332,0.0],[25.797304,45.038038,0.0],[25.796941,45.037933,0.0],[25.796883,45.037916,0.0],[25.796691,45.03786,0.0],[25.796491,45.037803,0.0],[25.796448,45.03779,0.0],[25.796436,45.037817,0.0],[25.796281,45.038181,0.0],[25.796262,45.038227,0.0],[25.796245,45.038266,0.0],[25.796343,45.038287,0.0]]],"type":"MultiLineString"},"properties":{"tip_retea":"Gaze","stare":"Existent","operator":"Transgaz","adancime":null,"detalii":"Racord - E.T. București","_s":{"f":"#af5800","fo":0.0,"s":"#af5800","so":1.0,"w":3.78,"r":5.0,"cap":"square","join":"bevel"},"_c":5}},{"type":"Feature","geometry":{"coordinates":[[[25.637455,45.134154,0.0],[25.637442,45.134156,0.0],[25.637405,45.134165,0.0],[25.636015,45.134487,0.0],[25.635928,45.13452,0.0],[25.635814,45.134634,0.0],[25.635462,45.134974,0.0],[25.635133,45.135271,0.0],[25.634588,45.136031,0.0],[25.634308,45.136466,0.0],[25.634193,45.136666,0.0],[25.634117,45.136771,0.0],[25.634214,45.136807,0.0],[25.634206,45.136819,0.0],[25.63419,45.136841,0.0]]],"type":"MultiLineString"},"properties":{"tip_retea":"Gaze","stare":"Existent","operator":"Transgaz","adancime":null,"detalii":"Racord - E.T. București","_s":{"f":"#af5800","fo":0.0,"s":"#af5800","so":1.0,"w":3.78,"r":5.0,"cap":"square","join":"bevel"},"_c":5}},{"type":"Feature","geometry":{"coordinates":[[[25.661437,45.119202,0.0],[25.661444,45.119213,0.0],[25.661448,45.119221,0.0],[25.661451,45.119226,0.0],[25.661452,45.119232,0.0],[25.661459,45.119288,0.0],[25.661466,45.119338,0.0],[25.661468,45.11934,0.0],[25.661474,45.11934,0.0],[25.661618,45.119337,0.0],[25.661618,45.119324,0.0]]],"type":"MultiLineString"},"properties":{"tip_retea":"Gaze","stare":"Existent","operator":"Transgaz","adancime":null,"detalii":"Racord - E.T. București","_s":{"f":"#af5800","fo":0.0,"s":"#af5800","so":1.0,"w":3.78,"r":5.0,"cap":"square","join":"bevel"},"_c":5}},{"type":"Feature","geometry":{"coordinates":[[[25.743343,44.971431,0.0],[25.743299,44.971432,0.0],[25.743296,44.97138,0.0],[25.743283,44.971066,0.0],[25.743353,44.971064,0.0],[25.743352,44.97105,0.0],[25.743282,44.971053,0.0],[25.743248,44.970265,0.0],[25.743201,44.969707,0.0],[25.743165,44.968809,0.0],[25.743101,44.968187,0.0],[25.743108,44.96817,0.0],[25.743115,44.968154,0.0]]],"type":"MultiLineString"},"properties":{"tip_retea":"Gaze","stare":"Existent","operator":"Transgaz","adancime":null,"detalii":"Racord - E.T. București","_s":{"f":"#af5800","fo":0.0,"s":"#af5800","so":1.0,"w":3.78,"r":5.0,"cap":"square","join":"bevel"},"_c":5}},{"type":"Feature","geometry":{"coordinates":[[[25.8527,44.852636,0.0],[25.852699,44.852638,0.0],[25.852697,44.852641,0.0],[25.85268,44.852674,0.0],[25.852677,44.852681,0.0],[25.852677,44.852681,0.0],[25.852677,44.852681,0.0],[25.852677,44.852681,0.0],[25.852677,44.852681,0.0],[25.852681,44.852682,0.0],[25.85269,44.852685,0.0]]],"type":"MultiLineString"},"properties":{"tip_retea":"Gaze","stare":"Existent","operator":"Transgaz","adancime":null,"detalii":"Racord - E.T. București","_s":{"f":"#af5800","fo":0.0,"s":"#af5800","so":1.0,"w":3.78,"r":5.0,"cap":"square","join":"bevel"},"_c":5}},{"type":"Feature","geometry":{"coordinates":[[[25.852712,44.852639,0.0],[25.8527,44.852636,0.0],[25.852696,44.852635,0.0],[25.852693,44.852634,0.0],[25.852681,44.852631,0.0],[25.852679,44.852635,0.0],[25.852675,44.852644,0.0]]],"type":"MultiLineString"},"properties":{"tip_retea":"Gaze","stare":"Existent","operator":"Transgaz","adancime":null,"detalii":"Racord - E.T. București","_s":{"f":"#af5800","fo":0.0,"s":"#af5800","so":1.0,"w":3.78,"r":5.0,"cap":"square","join":"bevel"},"_c":5}},{"type":"Feature","geometry":{"coordinates":[[[25.902052,44.965849,0.0],[25.902053,44.965852,0.0],[25.902099,44.965941,0.0],[25.902121,44.965971,0.0],[25.902141,44.965998,0.0],[25.90217,44.966035,0.0],[25.902189,44.96606,0.0],[25.902238,44.966096,0.0],[25.902264,44.966113,0.0]]],"type":"MultiLineString"},"properties":{"tip_retea":"Gaze","stare":"Existent","operator":"Transgaz","adancime":null,"detalii":"Racord - E.T. București","_s":{"f":"#af5800","fo":0.0,"s":"#af5800","so":1.0,"w":3.78,"r":5.0,"cap":"square","join":"bevel"},"_c":5}},{"type":"Feature","geometry":{"coordinates":[[[25.918705,44.964577,0.0],[25.918714,44.964577,0.0],[25.918734,44.964577,0.0],[25.918939,44.964573,0.0],[25.919072,44.964569,0.0],[25.919304,44.96455,0.0],[25.919518,44.964534,0.0],[25.919565,44.964529,0.0],[25.919865,44.964503,0.0],[25.920026,44.964492,0.0],[25.920103,44.964485,0.0],[25.920119,44.964485,0.0],[25.920127,44.964494,0.0],[25.920135,44.964502,0.0],[25.920135,44.964512,0.0],[25.92012,44.964513,0.0],[25.920121,44.964518,0.0]]],"type":"MultiLineString"},"properties":{"tip_retea":"Gaze","stare":"Existent","operator":"Transgaz","adancime":null,"detalii":"Racord - E.T. București","_s":{"f":"#af5800","fo":0.0,"s":"#af5800","so":1.0,"w":3.78,"r":5.0,"cap":"square","join":"bevel"},"_c":5}},{"type":"Feature","geometry":{"coordinates":[[[25.561294,45.319256,0.0],[25.561305,45.319261,0.0],[25.561324,45.319286,0.0],[25.561361,45.319337,0.0],[25.561433,45.319434,0.0],[25.561314,45.319474,0.0]]],"type":"MultiLineString"},"properties":{"tip_retea":"Gaze","stare":"Existent","operator":"Transgaz","adancime":null,"detalii":"Racord - E.T. București","_s":{"f":"#af5800","fo":0.0,"s":"#af5800","so":1.0,"w":3.78,"r":5.0,"cap":"square","join":"bevel"},"_c":5}},{"type":"Feature","geometry":{"coordinates":[[[25.533248,45.301371,0.0],[25.53313,45.301452,0.0],[25.533002,45.301473,0.0],[25.532202,45.301612,0.0],[25.530456,45.302138,0.0],[25.528713,45.302696,0.0],[25.527561,45.303147,0.0],[25.526593,45.303855,0.0],[25.525831,45.3047,0.0],[25.525648,45.305111,0.0],[25.525236,45.305544,0.0],[25.525074,45.305832,0.0],[25.524869,45.306142,0.0],[25.52492,45.306235,0.0],[25.524859,45.306268,0.0],[25.524815,45.306258,0.0],[25.524796,45.306254,0.0]]],"type":"MultiLineString"},"properties":{"tip_retea":"Gaze","stare":"Existent","operator":"Transgaz","adancime":null,"detalii":"Racord - E.T. București","_s":{"f":"#af5800","fo":0.0,"s":"#af5800","so":1.0,"w":3.78,"r":5.0,"cap":"square","join":"bevel"},"_c":5}},{"type":"Feature","geometry":{"coordinates":[[[25.971831,44.958973,0.0],[25.971968,44.958955,0.0],[25.972056,44.958944,0.0],[25.972013,44.958724,0.0],[25.971982,44.958542,0.0],[25.971972,44.958425,0.0],[25.971955,44.958018,0.0]]],"type":"MultiLineString"},"properties":{"tip_retea":"Gaze","stare":"Existent","operator":"Transgaz","adancime":null,"detalii":"Racord - E.T. București","_s":{"f":"#af5800","fo":0.0,"s":"#af5800","so":1.0,"w":3.78,"r":5.0,"cap":"square","join":"bevel"},"_c":5}},{"type":"Feature","geometry":{"coordinates":[[[25.621746,45.279295,0.0],[25.621811,45.279288,0.0],[25.621811,45.279291,0.0],[25.621813,45.279299,0.0],[25.621816,45.279312,0.0],[25.62182,45.279329,0.0],[25.621823,45.279344,0.0],[25.621834,45.279343,0.0],[25.62189,45.279339,0.0]]],"type":"MultiLineString"},"properties":{"tip_retea":"Gaze","stare":"Existent","operator":"Transgaz","adancime":null,"detalii":"Racord - E.T. București","_s":{"f":"#af5800","fo":0.0,"s":"#af5800","so":1.0,"w":3.78,"r":5.0,"cap":"square","join":"bevel"},"_c":5}},{"type":"Feature","geometry":{"coordinates":[[[25.632598,45.237625,0.0],[25.632594,45.237638,0.0],[25.632575,45.237695,0.0],[25.632527,45.237848,0.0],[25.632515,45.237886,0.0],[25.63261,45.237901,0.0],[25.632616,45.237902,0.0],[25.632627,45.237904,0.0]]],"type":"MultiLineString"},"properties":{"tip_retea":"Gaze","stare":"Existent","operator":"Transgaz","adancime":null,"detalii":"Racord - E.T. București","_s":{"f":"#af5800","fo":0.0,"s":"#af5800","so":1.0,"w":3.78,"r":5.0,"cap":"square","join":"bevel"},"_c":5}},{"type":"Feature","geometry":{"coordinates":[[[26.075349,44.951603,0.0],[26.07535,44.95159,0.0],[26.07535,44.951586,0.0]]],"type":"MultiLineString"},"properties":{"tip_retea":"Gaze","stare":"Existent","operator":"Transgaz","adancime":null,"detalii":"Racord - E.T. București","_s":{"f":"#af5800","fo":0.0,"s":"#af5800","so":1.0,"w":3.78,"r":5.0,"cap":"square","join":"bevel"},"_c":5}},{"type":"Feature","geometry":{"coordinates":[[[26.106841,44.935701,0.0],[26.106846,44.935695,0.0],[26.106853,44.935687,0.0],[26.106892,44.935642,0.0],[26.107776,44.934764,0.0],[26.108216,44.93429,0.0],[26.109664,44.932941,0.0],[26.112035,44.930774,0.0],[26.112035,44.93077,0.0],[26.112973,44.929854,0.0],[26.113454,44.929481,0.0]]],"type":"MultiLineString"},"properties":{"tip_retea":"Gaze","stare":"Existent","operator":"Transgaz","adancime":null,"detalii":"Racord - E.T. București","_s":{"f":"#af5800","fo":0.0,"s":"#af5800","so":1.0,"w":3.78,"r":5.0,"cap":"square","join":"bevel"},"_c":5}},{"type":"Feature","geometry":{"coordinates":[[[26.014317,44.885309,0.0],[26.014308,44.885304,0.0],[26.014301,44.885298,0.0],[26.014293,44.885293,0.0],[26.014163,44.885205,0.0],[26.014078,44.885146,0.0],[26.014074,44.885144,0.0],[26.014067,44.885139,0.0],[26.014003,44.885095,0.0],[26.013893,44.885021,0.0],[26.013808,44.884966,0.0],[26.013644,44.884842,0.0],[26.013491,44.884732,0.0],[26.013472,44.884718,0.0],[26.013418,44.88468,0.0],[26.013334,44.884621,0.0]]],"type":"MultiLineString"},"properties":{"tip_retea":"Gaze","stare":"Existent","operator":"Transgaz","adancime":null,"detalii":"Racord - E.T. București","_s":{"f":"#af5800","fo":0.0,"s":"#af5800","so":1.0,"w":3.78,"r":5.0,"cap":"square","join":"bevel"},"_c":5}},{"type":"Feature","geometry":{"coordinates":[[[25.969549,44.921306,0.0],[25.969553,44.921308,0.0],[25.969562,44.921312,0.0],[25.969578,44.92132,0.0],[25.969607,44.921334,0.0],[25.969641,44.921351,0.0],[25.969673,44.921366,0.0],[25.969691,44.921348,0.0]]],"type":"MultiLineString"},"properties":{"tip_retea":"Gaze","stare":"Existent","operator":"Transgaz","adancime":null,"detalii":"Racord - E.T. București","_s":{"f":"#af5800","fo":0.0,"s":"#af5800","so":1.0,"w":3.78,"r":5.0,"cap":"square","join":"bevel"},"_c":5}},{"type":"Feature","geometry":{"coordinates":[[[25.922214,44.925084,0.0],[25.922215,44.925078,0.0],[25.922218,44.925069,0.0],[25.922089,44.925059,0.0],[25.921928,44.925048,0.0],[25.921784,44.925036,0.0],[25.921638,44.925025,0.0],[25.921642,44.925012,0.0],[25.921658,44.925014,0.0]]],"type":"MultiLineString"},"properties":{"tip_retea":"Gaze","stare":"Existent","operator":"Transgaz","adancime":null,"detalii":"Racord - E.T. București","_s":{"f":"#af5800","fo":0.0,"s":"#af5800","so":1.0,"w":3.78,"r":5.0,"cap":"square","join":"bevel"},"_c":5}},{"type":"Feature","geometry":{"coordinates":[[[25.899681,44.965168,0.0],[25.899681,44.965159,0.0],[25.899678,44.965115,0.0],[25.899676,44.965089,0.0]]],"type":"MultiLineString"},"properties":{"tip_retea":"Gaze","stare":"Existent","operator":"Transgaz","adancime":null,"detalii":"Racord - E.T. București","_s":{"f":"#af5800","fo":0.0,"s":"#af5800","so":1.0,"w":3.78,"r":5.0,"cap":"square","join":"bevel"},"_c":5}},{"type":"Feature","geometry":{"coordinates":[[[25.838793,44.864987,0.0],[25.838797,44.864987,0.0],[25.838804,44.864987,0.0],[25.838847,44.864988,0.0],[25.838866,44.864988,0.0],[25.838957,44.86499,0.0],[25.838957,44.864995,0.0],[25.838957,44.864997,0.0],[25.838959,44.865018,0.0],[25.838964,44.865073,0.0]]],"type":"MultiLineString"},"properties":{"tip_retea":"Gaze","stare":"Existent","operator":"Transgaz","adancime":null,"detalii":"Racord - E.T. București","_s":{"f":"#af5800","fo":0.0,"s":"#af5800","so":1.0,"w":3.78,"r":5.0,"cap":"square","join":"bevel"},"_c":5}},{"type":"Feature","geometry":{"coordinates":[[[26.031297,44.963245,0.0],[26.031235,44.963219,0.0],[26.031176,44.963194,0.0],[26.031173,44.963193,0.0],[26.03116,44.963206,0.0],[26.031141,44.963228,0.0],[26.031139,44.963229,0.0],[26.031137,44.96323,0.0],[26.031134,44.96323,0.0],[26.031132,44.963229,0.0],[26.031097,44.963214,0.0],[26.031049,44.963194,0.0],[26.031011,44.963178,0.0],[26.031007,44.963176,0.0],[26.030999,44.963185,0.0],[26.030993,44.963193,0.0],[26.03098,44.963208,0.0]]],"type":"MultiLineString"},"properties":{"tip_retea":"Gaze","stare":"Existent","operator":"Transgaz","adancime":null,"detalii":"Racord - E.T. București","_s":{"f":"#af5800","fo":0.0,"s":"#af5800","so":1.0,"w":3.78,"r":5.0,"cap":"square","join":"bevel"},"_c":5}},{"type":"Feature","geometry":{"coordinates":[[[26.016279,45.01875,0.0],[26.016236,45.01875,0.0],[26.016216,45.01875,0.0],[26.016181,45.01875,0.0],[26.016181,45.018752,0.0],[26.01618,45.018757,0.0],[26.016172,45.018795,0.0],[26.016168,45.018815,0.0],[26.016164,45.018833,0.0],[26.016164,45.018834,0.0],[26.016164,45.018835,0.0],[26.016166,45.018837,0.0],[26.016168,45.018839,0.0],[26.016171,45.018839,0.0],[26.016172,45.01884,0.0],[26.016229,45.018852,0.0],[26.016255,45.018857,0.0],[26.016285,45.018864,0.0]]],"type":"MultiLineString"},"properties":{"tip_retea":"Gaze","stare":"Existent","operator":"Transgaz","adancime":null,"detalii":"Racord - E.T. București","_s":{"f":"#af5800","fo":0.0,"s":"#af5800","so":1.0,"w":3.78,"r":5.0,"cap":"square","join":"bevel"},"_c":5}},{"type":"Feature","geometry":{"coordinates":[[[26.017978,45.018666,0.0],[26.017974,45.018604,0.0],[26.017897,45.018489,0.0]]],"type":"MultiLineString"},"properties":{"tip_retea":"Gaze","stare":"Existent","operator":"Transgaz","adancime":null,"detalii":"Racord - E.T. București","_s":{"f":"#af5800","fo":0.0,"s":"#af5800","so":1.0,"w":3.78,"r":5.0,"cap":"square","join":"bevel"},"_c":5}},{"type":"Feature","geometry":{"coordinates":[[[25.909507,44.836296,0.0],[25.909512,44.83629,0.0],[25.909533,44.83627,0.0],[25.909618,44.836196,0.0],[25.90964,44.836177,0.0],[25.909826,44.83627,0.0],[25.909851,44.836284,0.0],[25.909866,44.836272,0.0],[25.909901,44.83624,0.0],[25.909937,44.836205,0.0],[25.910031,44.836095,0.0],[25.910161,44.836071,0.0],[25.910204,44.836063,0.0],[25.910286,44.836048,0.0],[25.912009,44.835743,0.0],[25.912025,44.835731,0.0],[25.912042,44.835718,0.0]]],"type":"MultiLineString"},"properties":{"tip_retea":"Gaze","stare":"Existent","operator":"Transgaz","adancime":null,"detalii":"Racord - E.T. București","_s":{"f":"#af5800","fo":0.0,"s":"#af5800","so":1.0,"w":3.78,"r":5.0,"cap":"square","join":"bevel"},"_c":5}},{"type":"Feature","geometry":{"coordinates":[[[25.896319,44.862843,0.0],[25.896334,44.86283,0.0],[25.896347,44.862818,0.0],[25.896355,44.862812,0.0],[25.896382,44.862788,0.0],[25.896697,44.862615,0.0],[25.898416,44.861675,0.0],[25.899838,44.860897,0.0],[25.89986,44.860885,0.0],[25.900716,44.860474,0.0],[25.901768,44.860032,0.0],[25.902406,44.859767,0.0],[25.903942,44.859164,0.0],[25.904047,44.859128,0.0],[25.904267,44.859279,0.0],[25.904324,44.859307,0.0],[25.90437,44.85933,0.0],[25.904417,44.859353,0.0],[25.904445,44.859367,0.0],[25.904401,44.859411,0.0],[25.904408,44.859416,0.0],[25.90442,44.859423,0.0]]],"type":"MultiLineString"},"properties":{"tip_retea":"Gaze","stare":"Existent","operator":"Transgaz","adancime":null,"detalii":"Racord - E.T. București","_s":{"f":"#af5800","fo":0.0,"s":"#af5800","so":1.0,"w":3.78,"r":5.0,"cap":"square","join":"bevel"},"_c":5}},{"type":"Feature","geometry":{"coordinates":[[[25.995582,44.922511,0.0],[25.995605,44.922483,0.0],[25.996023,44.921983,0.0],[25.99637,44.921582,0.0],[25.996595,44.921339,0.0],[25.996633,44.921318,0.0],[25.996675,44.921294,0.0],[25.996805,44.921408,0.0],[25.996904,44.921351,0.0]]],"type":"MultiLineString"},"properties":{"tip_retea":"Gaze","stare":"Existent","operator":"Transgaz","adancime":null,"detalii":"Racord - E.T. București","_s":{"f":"#af5800","fo":0.0,"s":"#af5800","so":1.0,"w":3.78,"r":5.0,"cap":"square","join":"bevel"},"_c":5}},{"type":"Feature","geometry":{"coordinates":[[[25.99649,44.882459,0.0],[25.996575,44.882419,0.0],[25.996549,44.882389,0.0]]],"type":"MultiLineString"},"properties":{"tip_retea":"Gaze","stare":"Existent","operator":"Transgaz","adancime":null,"detalii":"Racord - E.T. București","_s":{"f":"#af5800","fo":0.0,"s":"#af5800","so":1.0,"w":3.78,"r":5.0,"cap":"square","join":"bevel"},"_c":5}},{"type":"Feature","geometry":{"coordinates":[[[26.048044,44.988335,0.0],[26.047997,44.988373,0.0],[26.048014,44.988383,0.0],[26.04805,44.988406,0.0],[26.048061,44.988413,0.0],[26.048077,44.988423,0.0],[26.048049,44.988447,0.0],[26.048023,44.988471,0.0],[26.048009,44.98848,0.0],[26.048001,44.988485,0.0]]],"type":"MultiLineString"},"properties":{"tip_retea":"Gaze","stare":"Existent","operator":"Transgaz","adancime":null,"detalii":"Racord - E.T. București","_s":{"f":"#af5800","fo":0.0,"s":"#af5800","so":1.0,"w":3.78,"r":5.0,"cap":"square","join":"bevel"},"_c":5}},{"type":"Feature","geometry":{"coordinates":[[[26.04805,44.988406,0.0],[26.048079,44.988383,0.0],[26.048088,44.988363,0.0],[26.048083,44.98836,0.0],[26.048081,44.988358,0.0],[26.048044,44.988335,0.0]]],"type":"MultiLineString"},"properties":{"tip_retea":"Gaze","stare":"Existent","operator":"Transgaz","adancime":null,"detalii":"Racord - E.T. București","_s":{"f":"#af5800","fo":0.0,"s":"#af5800","so":1.0,"w":3.78,"r":5.0,"cap":"square","join":"bevel"},"_c":5}},{"type":"Feature","geometry":{"coordinates":[[[26.048044,44.988335,0.0],[26.048083,44.98831,0.0],[26.048119,44.988335,0.0],[26.04809,44.988354,0.0],[26.048029,44.988393,0.0]]],"type":"MultiLineString"},"properties":{"tip_retea":"Gaze","stare":"Existent","operator":"Transgaz","adancime":null,"detalii":"Racord - E.T. București","_s":{"f":"#af5800","fo":0.0,"s":"#af5800","so":1.0,"w":3.78,"r":5.0,"cap":"square","join":"bevel"},"_c":5}},{"type":"Feature","geometry":{"coordinates":[[[25.903981,44.820124,0.0],[25.904044,44.820114,0.0],[25.904046,44.820113,0.0],[25.904103,44.820104,0.0],[25.90412,44.820101,0.0],[25.904133,44.820101,0.0],[25.904139,44.820101,0.0],[25.905915,44.820796,0.0],[25.905982,44.820822,0.0],[25.905995,44.820819,0.0],[25.906005,44.820813,0.0],[25.907674,44.819774,0.0],[25.907689,44.819771,0.0],[25.907703,44.819768,0.0],[25.908181,44.819694,0.0],[25.908205,44.81969,0.0],[25.908211,44.819689,0.0],[25.908489,44.819081,0.0],[25.90849,44.819068,0.0],[25.908493,44.819032,0.0],[25.908494,44.819011,0.0],[25.908495,44.819007,0.0],[25.909377,44.818271,0.0],[25.909386,44.818262,0.0],[25.910921,44.816891,0.0],[25.911059,44.816816,0.0],[25.911061,44.816817,0.0],[25.911065,44.816821,0.0],[25.9111,44.816854,0.0]]],"type":"MultiLineString"},"properties":{"tip_retea":"Gaze","stare":"Existent","operator":"Transgaz","adancime":null,"detalii":"Racord - E.T. București","_s":{"f":"#af5800","fo":0.0,"s":"#af5800","so":1.0,"w":3.78,"r":5.0,"cap":"square","join":"bevel"},"_c":5}},{"type":"Feature","geometry":{"coordinates":[[[25.55115,45.334378,0.0],[25.551177,45.334399,0.0],[25.551192,45.334411,0.0],[25.55146,45.33465,0.0]]],"type":"MultiLineString"},"properties":{"tip_retea":"Gaze","stare":"Existent","operator":"Transgaz","adancime":null,"detalii":"Racord - E.T. București","_s":{"f":"#af5800","fo":0.0,"s":"#af5800","so":1.0,"w":3.78,"r":5.0,"cap":"square","join":"bevel"},"_c":5}},{"type":"Feature","geometry":{"coordinates":[[[25.711974,45.135675,0.0],[25.711878,45.135603,0.0],[25.711822,45.135557,0.0],[25.711803,45.135541,0.0],[25.711802,45.135539,0.0],[25.711794,45.135533,0.0],[25.711792,45.135531,0.0]]],"type":"MultiLineString"},"properties":{"tip_retea":"Gaze","stare":"Existent","operator":"Transgaz","adancime":null,"detalii":"Racord - E.T. București","_s":{"f":"#af5800","fo":0.0,"s":"#af5800","so":1.0,"w":3.78,"r":5.0,"cap":"square","join":"bevel"},"_c":5}},{"type":"Feature","geometry":{"coordinates":[[[25.997285,44.980344,0.0],[25.99728,44.980349,0.0],[25.997278,44.980352,0.0],[25.997276,44.980354,0.0],[25.997275,44.980356,0.0],[25.997276,44.980358,0.0],[25.997275,44.98036,0.0],[25.997273,44.980363,0.0],[25.997241,44.9804,0.0],[25.997209,44.980432,0.0],[25.997178,44.980466,0.0],[25.997114,44.980533,0.0],[25.997088,44.980564,0.0],[25.997045,44.980607,0.0],[25.997013,44.98064,0.0],[25.997002,44.98065,0.0],[25.99699,44.980664,0.0],[25.99699,44.980666,0.0],[25.997002,44.980672,0.0],[25.997031,44.980682,0.0],[25.997033,44.98068,0.0]]],"type":"MultiLineString"},"properties":{"tip_retea":"Gaze","stare":"Existent","operator":"Transgaz","adancime":null,"detalii":"Racord - E.T. București","_s":{"f":"#af5800","fo":0.0,"s":"#af5800","so":1.0,"w":3.78,"r":5.0,"cap":"square","join":"bevel"},"_c":5}},{"type":"Feature","geometry":{"coordinates":[[[26.161031,44.952411,0.0],[26.161025,44.952411,0.0],[26.161025,44.952415,0.0],[26.161024,44.95242,0.0],[26.161024,44.952428,0.0],[26.161024,44.952451,0.0],[26.161023,44.952479,0.0],[26.161024,44.952491,0.0],[26.161024,44.952495,0.0],[26.16103,44.952501,0.0],[26.161037,44.952506,0.0],[26.161045,44.952512,0.0],[26.161058,44.952514,0.0],[26.161066,44.952516,0.0],[26.161075,44.952527,0.0]]],"type":"MultiLineString"},"properties":{"tip_retea":"Gaze","stare":"Existent","operator":"Transgaz","adancime":null,"detalii":"Racord - E.T. București","_s":{"f":"#af5800","fo":0.0,"s":"#af5800","so":1.0,"w":3.78,"r":5.0,"cap":"square","join":"bevel"},"_c":5}},{"type":"Feature","geometry":{"coordinates":[[[25.689783,45.162034,0.0],[25.68981,45.162039,0.0],[25.689823,45.162042,0.0],[25.689834,45.162044,0.0],[25.690098,45.162092,0.0],[25.690141,45.162101,0.0],[25.690181,45.162084,0.0],[25.69087,45.161806,0.0]]],"type":"MultiLineString"},"properties":{"tip_retea":"Gaze","stare":"Existent","operator":"Transgaz","adancime":null,"detalii":"Racord - E.T. București","_s":{"f":"#af5800","fo":0.0,"s":"#af5800","so":1.0,"w":3.78,"r":5.0,"cap":"square","join":"bevel"},"_c":5}},{"type":"Feature","geometry":{"coordinates":[[[25.745801,45.100254,0.0],[25.745808,45.100255,0.0],[25.745815,45.100256,0.0],[25.745827,45.100258,0.0],[25.745881,45.100268,0.0],[25.746092,45.10045,0.0],[25.746439,45.100724,0.0],[25.746575,45.100817,0.0],[25.746583,45.100822,0.0],[25.746594,45.10083,0.0],[25.746653,45.100872,0.0],[25.746849,45.101003,0.0],[25.746938,45.101055,0.0],[25.746939,45.101056,0.0]]],"type":"MultiLineString"},"properties":{"tip_retea":"Gaze","stare":"Existent","operator":"Transgaz","adancime":null,"detalii":"Racord - E.T. București","_s":{"f":"#af5800","fo":0.0,"s":"#af5800","so":1.0,"w":3.78,"r":5.0,"cap":"square","join":"bevel"},"_c":5}},{"type":"Feature","geometry":{"coordinates":[[[25.759446,45.086981,0.0],[25.759466,45.087002,0.0],[25.759471,45.087007,0.0],[25.759477,45.087014,0.0],[25.759994,45.087139,0.0],[25.760637,45.08731,0.0],[25.761356,45.087504,0.0],[25.762083,45.087705,0.0],[25.762745,45.087891,0.0],[25.76341,45.088087,0.0],[25.763444,45.088123,0.0],[25.763412,45.088194,0.0],[25.76313,45.088502,0.0],[25.762501,45.089213,0.0],[25.761802,45.089998,0.0],[25.761192,45.090697,0.0],[25.760802,45.091185,0.0],[25.760128,45.092047,0.0],[25.75969,45.092554,0.0],[25.759217,45.093046,0.0],[25.758637,45.093709,0.0],[25.758569,45.093791,0.0],[25.758386,45.094019,0.0],[25.758333,45.094095,0.0],[25.758223,45.094261,0.0],[25.758143,45.094382,0.0]]],"type":"MultiLineString"},"properties":{"tip_retea":"Gaze","stare":"Existent","operator":"Transgaz","adancime":null,"detalii":"Racord - E.T. București","_s":{"f":"#af5800","fo":0.0,"s":"#af5800","so":1.0,"w":3.78,"r":5.0,"cap":"square","join":"bevel"},"_c":5}},{"type":"Feature","geometry":{"coordinates":[[[25.822642,45.02175,0.0],[25.822626,45.021762,0.0],[25.822611,45.021773,0.0],[25.822601,45.021781,0.0],[25.822359,45.021931,0.0],[25.821869,45.022221,0.0],[25.821168,45.022619,0.0],[25.820545,45.02297,0.0],[25.820053,45.023266,0.0],[25.81961,45.023522,0.0],[25.819229,45.02377,0.0],[25.818935,45.023957,0.0],[25.818457,45.024283,0.0],[25.818089,45.024528,0.0],[25.817766,45.02472,0.0],[25.817506,45.024855,0.0],[25.817454,45.02488,0.0],[25.81744,45.024887,0.0],[25.817421,45.024887,0.0],[25.817259,45.024816,0.0],[25.81685,45.024624,0.0],[25.816385,45.024374,0.0],[25.816163,45.024266,0.0],[25.816141,45.02426,0.0],[25.816126,45.024259,0.0],[25.816088,45.024283,0.0],[25.815733,45.024547,0.0],[25.815413,45.024772,0.0],[25.815017,45.025014,0.0],[25.814709,45.025185,0.0],[25.814178,45.025469,0.0],[25.813576,45.025794,0.0],[25.813086,45.026063,0.0],[25.81279,45.026217,0.0],[25.812545,45.026345,0.0],[25.812105,45.026592,0.0],[25.811972,45.026663,0.0],[25.811952,45.026675,0.0],[25.811824,45.026646,0.0],[25.811478,45.026541,0.0],[25.810974,45.026382,0.0],[25.810507,45.026237,0.0],[25.810026,45.026074,0.0],[25.809406,45.025888,0.0],[25.808737,45.025664,0.0],[25.808264,45.025521,0.0],[25.80768,45.025345,0.0],[25.807141,45.025165,0.0],[25.806518,45.024962,0.0],[25.805869,45.02475,0.0],[25.805245,45.024542,0.0],[25.804634,45.024338,0.0],[25.80413,45.024165,0.0],[25.803646,45.024014,0.0],[25.803185,45.023871,0.0],[25.802792,45.023749,0.0],[25.802423,45.023628,0.0],[25.802076,45.023512,0.0],[25.801553,45.023336,0.0],[25.801136,45.023216,0.0],[25.800952,45.023174,0.0],[25.800774,45.023128,0.0],[25.800465,45.023041,0.0],[25.800384,45.023013,0.0],[25.800222,45.022958,0.0],[25.800161,45.022938,0.0],[25.800029,45.022891,0.0],[25.799846,45.02283,0.0],[25.799695,45.022781,0.0],[25.799524,45.022719,0.0],[25.799494,45.022705,0.0],[25.799362,45.022652,0.0],[25.799197,45.022595,0.0],[25.79905,45.022534,0.0],[25.798741,45.022411,0.0],[25.798598,45.022359,0.0],[25.798206,45.02223,0.0],[25.798128,45.022206,0.0],[25.797629,45.022082,0.0],[25.797512,45.022052,0.0],[25.797429,45.022032,0.0],[25.797356,45.022013,0.0]]],"type":"MultiLineString"},"properties":{"tip_retea":"Gaze","stare":"Existent","operator":"Transgaz","adancime":null,"detalii":"Racord - E.T. București","_s":{"f":"#af5800","fo":0.0,"s":"#af5800","so":1.0,"w":3.78,"r":5.0,"cap":"square","join":"bevel"},"_c":5}},{"type":"Feature","geometry":{"coordinates":[[[25.634171,45.20404,0.0],[25.63418,45.204005,0.0],[25.634349,45.20385,0.0],[25.634366,45.203835,0.0],[25.634398,45.203806,0.0],[25.634492,45.203737,0.0]]],"type":"MultiLineString"},"properties":{"tip_retea":"Gaze","stare":"Existent","operator":"Transgaz","adancime":null,"detalii":"Racord - E.T. București","_s":{"f":"#af5800","fo":0.0,"s":"#af5800","so":1.0,"w":3.78,"r":5.0,"cap":"square","join":"bevel"},"_c":5}},{"type":"Feature","geometry":{"coordinates":[[[25.69087,45.161806,0.0],[25.69188,45.162269,0.0]]],"type":"MultiLineString"},"properties":{"tip_retea":"Gaze","stare":"Existent","operator":"Transgaz","adancime":null,"detalii":"Racord - E.T. București","_s":{"f":"#af5800","fo":0.0,"s":"#af5800","so":1.0,"w":3.78,"r":5.0,"cap":"square","join":"bevel"},"_c":5}},{"type":"Feature","geometry":{"coordinates":[[[25.69188,45.162269,0.0],[25.69203,45.162338,0.0],[25.692228,45.162389,0.0],[25.692449,45.162446,0.0],[25.692742,45.162639,0.0],[25.693042,45.162695,0.0],[25.693353,45.162665,0.0],[25.693597,45.162523,0.0],[25.693715,45.162454,0.0],[25.693782,45.16243,0.0],[25.693854,45.162416,0.0],[25.694416,45.162357,0.0],[25.694449,45.162361,0.0],[25.69448,45.162366,0.0],[25.694499,45.162369,0.0],[25.694613,45.162386,0.0],[25.694637,45.162389,0.0],[25.694678,45.162395,0.0],[25.694686,45.162373,0.0],[25.694982,45.161847,0.0],[25.695221,45.161739,0.0],[25.695251,45.161726,0.0],[25.695324,45.161756,0.0],[25.695377,45.161777,0.0],[25.695398,45.161785,0.0],[25.695425,45.161783,0.0],[25.695742,45.161749,0.0],[25.695774,45.161746,0.0]]],"type":"MultiLineString"},"properties":{"tip_retea":"Gaze","stare":"Existent","operator":"Transgaz","adancime":null,"detalii":"Racord - E.T. București","_s":{"f":"#af5800","fo":0.0,"s":"#af5800","so":1.0,"w":3.78,"r":5.0,"cap":"square","join":"bevel"},"_c":5}},{"type":"Feature","geometry":{"coordinates":[[[25.971148,44.959152,0.0],[25.971156,44.959151,0.0],[25.971273,44.959126,0.0],[25.971838,44.959006,0.0],[25.971831,44.958973,0.0]]],"type":"MultiLineString"},"properties":{"tip_retea":"Gaze","stare":"Existent","operator":"Transgaz","adancime":null,"detalii":"Racord - E.T. București","_s":{"f":"#af5800","fo":0.0,"s":"#af5800","so":1.0,"w":3.78,"r":5.0,"cap":"square","join":"bevel"},"_c":5}},{"type":"Feature","geometry":{"coordinates":[[[26.017897,45.018489,0.0],[26.017693,45.018492,0.0],[26.017444,45.018497,0.0],[26.017364,45.018498,0.0],[26.017312,45.018499,0.0],[26.017267,45.018507,0.0],[26.017191,45.01852,0.0],[26.017111,45.018532,0.0],[26.016972,45.018553,0.0],[26.01684,45.018573,0.0],[26.016595,45.01861,0.0],[26.016427,45.018633,0.0],[26.016335,45.018645,0.0],[26.016295,45.018651,0.0],[26.016293,45.018652,0.0],[26.016291,45.018653,0.0],[26.01629,45.018654,0.0],[26.016288,45.018656,0.0],[26.016287,45.018657,0.0],[26.016286,45.018659,0.0],[26.016286,45.01866,0.0],[26.016286,45.018662,0.0],[26.016285,45.018723,0.0],[26.016284,45.018727,0.0],[26.016283,45.018733,0.0],[26.016279,45.01875,0.0]]],"type":"MultiLineString"},"properties":{"tip_retea":"Gaze","stare":"Existent","operator":"Transgaz","adancime":null,"detalii":"Racord - E.T. București","_s":{"f":"#af5800","fo":0.0,"s":"#af5800","so":1.0,"w":3.78,"r":5.0,"cap":"square","join":"bevel"},"_c":5}},{"type":"Feature","geometry":{"coordinates":[[[26.075152,44.954108,0.0],[26.075175,44.953825,0.0],[26.075188,44.953652,0.0],[26.075219,44.953245,0.0],[26.075289,44.952379,0.0],[26.075331,44.951917,0.0],[26.075342,44.951917,0.0],[26.075555,44.951924,0.0],[26.075556,44.951914,0.0],[26.075557,44.951898,0.0],[26.075578,44.951636,0.0],[26.075578,44.951626,0.0],[26.075579,44.951616,0.0],[26.075521,44.951614,0.0],[26.075443,44.951611,0.0],[26.075399,44.951609,0.0],[26.075352,44.951607,0.0],[26.075349,44.951607,0.0],[26.075349,44.951603,0.0]]],"type":"MultiLineString"},"properties":{"tip_retea":"Gaze","stare":"Existent","operator":"Transgaz","adancime":null,"detalii":"Racord - E.T. București","_s":{"f":"#af5800","fo":0.0,"s":"#af5800","so":1.0,"w":3.78,"r":5.0,"cap":"square","join":"bevel"},"_c":5}},{"type":"Feature","geometry":{"coordinates":[[[25.672478,45.193178,0.0],[25.672474,45.193176,0.0],[25.672466,45.193172,0.0],[25.672458,45.193172,0.0],[25.672454,45.193175,0.0],[25.672453,45.19318,0.0],[25.672458,45.193204,0.0],[25.672461,45.193221,0.0],[25.672465,45.193233,0.0]]],"type":"MultiLineString"},"properties":{"tip_retea":"Gaze","stare":"Existent","operator":"Transgaz","adancime":null,"detalii":"Racord - E.T. București","_s":{"f":"#af5800","fo":0.0,"s":"#af5800","so":1.0,"w":3.78,"r":5.0,"cap":"square","join":"bevel"},"_c":5}},{"type":"Feature","geometry":{"coordinates":[[[25.672465,45.193233,0.0],[25.672393,45.193368,0.0],[25.672068,45.19364,0.0],[25.671733,45.193979,0.0],[25.671548,45.194234,0.0],[25.671495,45.194288,0.0],[25.67096,45.194794,0.0],[25.670509,45.195229,0.0],[25.669945,45.195772,0.0],[25.669079,45.196513,0.0],[25.668575,45.196875,0.0],[25.667984,45.197275,0.0],[25.66759,45.197529,0.0],[25.667178,45.19779,0.0],[25.667029,45.19789,0.0],[25.666798,45.198056,0.0],[25.66656,45.198246,0.0],[25.666409,45.198379,0.0],[25.666077,45.19889,0.0],[25.665874,45.199201,0.0],[25.665605,45.199616,0.0],[25.665326,45.20008,0.0],[25.664959,45.200663,0.0],[25.664795,45.200894,0.0],[25.664454,45.201318,0.0],[25.664174,45.201641,0.0],[25.663975,45.201875,0.0],[25.663729,45.202175,0.0],[25.663591,45.202344,0.0],[25.663051,45.20286,0.0],[25.663018,45.202889,0.0],[25.662993,45.202912,0.0],[25.662934,45.202965,0.0],[25.662899,45.202997,0.0],[25.662845,45.203023,0.0],[25.662332,45.20327,0.0],[25.662165,45.203354,0.0],[25.662055,45.203408,0.0],[25.662039,45.203416,0.0],[25.662033,45.203422,0.0],[25.66203,45.203429,0.0],[25.662033,45.203439,0.0],[25.662055,45.203467,0.0],[25.662081,45.203502,0.0],[25.662142,45.203581,0.0],[25.662185,45.203637,0.0],[25.662231,45.203696,0.0],[25.662286,45.203769,0.0],[25.662301,45.203807,0.0],[25.662294,45.203832,0.0],[25.662262,45.203864,0.0],[25.661995,45.204075,0.0],[25.661847,45.204188,0.0],[25.661839,45.204195,0.0],[25.661807,45.204219,0.0],[25.661751,45.204275,0.0],[25.661589,45.20444,0.0],[25.661405,45.204622,0.0],[25.661256,45.204782,0.0],[25.66125,45.204793,0.0],[25.661248,45.204804,0.0],[25.66125,45.204815,0.0],[25.661256,45.204826,0.0],[25.661265,45.204837,0.0],[25.661283,45.204857,0.0],[25.661289,45.204864,0.0],[25.661289,45.204865,0.0],[25.661369,45.204975,0.0],[25.661382,45.205004,0.0],[25.661391,45.205009,0.0],[25.661406,45.205012,0.0]]],"type":"MultiLineString"},"properties":{"tip_retea":"Gaze","stare":"Existent","operator":"Transgaz","adancime":null,"detalii":"Racord - E.T. București","_s":{"f":"#af5800","fo":0.0,"s":"#af5800","so":1.0,"w":3.78,"r":5.0,"cap":"square","join":"bevel"},"_c":5}},{"type":"Feature","geometry":{"coordinates":[[[25.746939,45.101056,0.0],[25.74694,45.101056,0.0],[25.74694,45.101057,0.0],[25.74694,45.101057,0.0],[25.746939,45.101058,0.0],[25.746927,45.10107,0.0],[25.746913,45.101085,0.0],[25.746909,45.101089,0.0],[25.746908,45.10109,0.0],[25.746908,45.101092,0.0],[25.746909,45.101094,0.0],[25.74691,45.101096,0.0],[25.746941,45.101113,0.0],[25.747378,45.101355,0.0],[25.74739,45.101362,0.0],[25.747391,45.101362,0.0],[25.747393,45.101363,0.0],[25.747396,45.101363,0.0],[25.747398,45.101362,0.0],[25.747412,45.101352,0.0],[25.747421,45.101346,0.0],[25.747421,45.101345,0.0],[25.747422,45.101345,0.0],[25.747423,45.101345,0.0],[25.747423,45.101346,0.0],[25.747426,45.101347,0.0]]],"type":"MultiLineString"},"properties":{"tip_retea":"Gaze","stare":"Existent","operator":"Transgaz","adancime":null,"detalii":"Racord - E.T. București","_s":{"f":"#af5800","fo":0.0,"s":"#af5800","so":1.0,"w":3.78,"r":5.0,"cap":"square","join":"bevel"},"_c":5}},{"type":"Feature","geometry":{"coordinates":[[[25.747426,45.101347,0.0],[25.74744,45.101355,0.0],[25.747533,45.101412,0.0],[25.747583,45.101443,0.0],[25.747594,45.10145,0.0],[25.748768,45.102272,0.0],[25.749053,45.102473,0.0],[25.749274,45.102638,0.0],[25.749783,45.103064,0.0],[25.750658,45.10376,0.0],[25.75119,45.104217,0.0],[25.751492,45.104683,0.0],[25.751791,45.105249,0.0],[25.751809,45.105272,0.0],[25.751819,45.105283,0.0],[25.751877,45.105353,0.0]]],"type":"MultiLineString"},"properties":{"tip_retea":"Gaze","stare":"Existent","operator":"Transgaz","adancime":null,"detalii":"Racord - E.T. București","_s":{"f":"#af5800","fo":0.0,"s":"#af5800","so":1.0,"w":3.78,"r":5.0,"cap":"square","join":"bevel"},"_c":5}},{"type":"Feature","geometry":{"coordinates":[[[25.634492,45.203737,0.0],[25.634521,45.203716,0.0],[25.636083,45.203119,0.0],[25.637687,45.203067,0.0],[25.639234,45.202426,0.0],[25.639923,45.202057,0.0],[25.640291,45.201631,0.0],[25.640515,45.200538,0.0],[25.641094,45.200096,0.0],[25.641202,45.199981,0.0],[25.641233,45.199949,0.0],[25.641256,45.199924,0.0],[25.641528,45.199635,0.0],[25.641543,45.199619,0.0],[25.641561,45.1996,0.0]]],"type":"MultiLineString"},"properties":{"tip_retea":"Gaze","stare":"Existent","operator":"Transgaz","adancime":null,"detalii":"Racord - E.T. București","_s":{"f":"#af5800","fo":0.0,"s":"#af5800","so":1.0,"w":3.78,"r":5.0,"cap":"square","join":"bevel"},"_c":5}},{"type":"Feature","geometry":{"coordinates":[[[25.661406,45.205012,0.0],[25.661412,45.205012,0.0],[25.661439,45.205012,0.0],[25.661468,45.205012,0.0],[25.661493,45.205011,0.0],[25.661494,45.205011,0.0],[25.661499,45.205011,0.0],[25.661507,45.205033,0.0],[25.661511,45.205049,0.0],[25.66152,45.205052,0.0]]],"type":"MultiLineString"},"properties":{"tip_retea":"Gaze","stare":"Existent","operator":"Transgaz","adancime":null,"detalii":"Racord - E.T. București","_s":{"f":"#af5800","fo":0.0,"s":"#af5800","so":1.0,"w":3.78,"r":5.0,"cap":"square","join":"bevel"},"_c":5}},{"type":"Feature","geometry":{"coordinates":[[[25.830224,44.97634,0.0],[25.830224,44.976335,0.0],[25.830224,44.976325,0.0],[25.83023,44.976309,0.0],[25.830239,44.976285,0.0],[25.830269,44.976206,0.0],[25.830317,44.976065,0.0],[25.83038,44.975878,0.0],[25.83048,44.97558,0.0],[25.830525,44.97545,0.0],[25.830707,44.974909,0.0],[25.83088,44.974397,0.0],[25.831062,44.97388,0.0],[25.831309,44.973181,0.0],[25.831547,44.972444,0.0],[25.831717,44.971943,0.0],[25.831953,44.971317,0.0],[25.832228,44.970609,0.0],[25.832398,44.970189,0.0],[25.832703,44.969454,0.0],[25.83295,44.968878,0.0],[25.833291,44.96805,0.0],[25.833646,44.966998,0.0],[25.833952,44.966092,0.0],[25.834098,44.965674,0.0],[25.834637,44.964067,0.0],[25.834851,44.963364,0.0],[25.835032,44.962797,0.0],[25.835038,44.96276,0.0],[25.835026,44.962747,0.0],[25.834999,44.962718,0.0],[25.834963,44.96268,0.0],[25.834807,44.962509,0.0],[25.834735,44.962436,0.0],[25.834655,44.962348,0.0],[25.834598,44.962288,0.0],[25.834494,44.962175,0.0],[25.834462,44.962146,0.0],[25.834455,44.962145,0.0],[25.834424,44.962142,0.0],[25.834098,44.962119,0.0],[25.833725,44.962081,0.0],[25.83334,44.962041,0.0],[25.832886,44.96199,0.0],[25.832513,44.961947,0.0],[25.832407,44.961935,0.0],[25.832376,44.961932,0.0],[25.832317,44.961926,0.0],[25.83232,44.96188,0.0],[25.832329,44.961707,0.0],[25.83233,44.961673,0.0],[25.832333,44.961613,0.0],[25.832333,44.961609,0.0],[25.832334,44.961604,0.0],[25.832334,44.961602,0.0],[25.832335,44.9616,0.0],[25.832341,44.961592,0.0],[25.83235,44.961582,0.0],[25.832354,44.961578,0.0],[25.832356,44.961576,0.0],[25.832363,44.961572,0.0],[25.832384,44.96156,0.0],[25.832401,44.961551,0.0],[25.832403,44.96155,0.0],[25.832405,44.961548,0.0],[25.832413,44.961537,0.0],[25.83244,44.961498,0.0],[25.832501,44.961407,0.0],[25.83258,44.961286,0.0],[25.835079,44.957363,0.0],[25.835099,44.957328,0.0],[25.835099,44.957327,0.0],[25.835099,44.957326,0.0],[25.835098,44.957325,0.0],[25.835097,44.957324,0.0],[25.834925,44.957187,0.0],[25.834906,44.957171,0.0],[25.834876,44.957148,0.0],[25.834875,44.957145,0.0],[25.834874,44.957143,0.0],[25.834877,44.957106,0.0],[25.834886,44.957008,0.0],[25.834889,44.95698,0.0],[25.834889,44.956974,0.0],[25.83489,44.956967,0.0],[25.834895,44.956915,0.0],[25.834895,44.956913,0.0],[25.834895,44.956911,0.0]]],"type":"MultiLineString"},"properties":{"tip_retea":"Gaze","stare":"Existent","operator":"Transgaz","adancime":null,"detalii":"Racord - E.T. București","_s":{"f":"#af5800","fo":0.0,"s":"#af5800","so":1.0,"w":3.78,"r":5.0,"cap":"square","join":"bevel"},"_c":5}},{"type":"Feature","geometry":{"coordinates":[[[25.641561,45.1996,0.0],[25.641567,45.199594,0.0],[25.641571,45.199591,0.0],[25.641576,45.199589,0.0],[25.641582,45.199588,0.0],[25.641587,45.199587,0.0],[25.641681,45.199594,0.0],[25.641816,45.199603,0.0],[25.642088,45.199599,0.0],[25.642334,45.199597,0.0],[25.642632,45.199591,0.0],[25.642766,45.199589,0.0],[25.642766,45.199589,0.0],[25.642767,45.199589,0.0],[25.642767,45.199589,0.0],[25.642767,45.199589,0.0],[25.642768,45.199589,0.0],[25.642768,45.199589,0.0],[25.642768,45.199589,0.0],[25.642768,45.199589,0.0],[25.642769,45.199589,0.0],[25.642769,45.199589,0.0],[25.642769,45.199588,0.0],[25.64277,45.199588,0.0],[25.64277,45.199588,0.0],[25.64277,45.199588,0.0],[25.642771,45.199588,0.0],[25.642771,45.199588,0.0],[25.642771,45.199588,0.0],[25.642772,45.199588,0.0],[25.642772,45.199588,0.0],[25.642772,45.199588,0.0],[25.642772,45.199588,0.0],[25.642773,45.199588,0.0],[25.642773,45.199588,0.0],[25.642773,45.199588,0.0],[25.642774,45.199588,0.0],[25.642774,45.199588,0.0],[25.642774,45.199588,0.0],[25.642775,45.199587,0.0],[25.642775,45.199587,0.0],[25.642775,45.199587,0.0],[25.642775,45.199587,0.0],[25.642776,45.199587,0.0],[25.642776,45.199587,0.0],[25.642776,45.199587,0.0],[25.642777,45.199587,0.0],[25.642777,45.199587,0.0],[25.642777,45.199587,0.0],[25.642777,45.199586,0.0],[25.642778,45.199586,0.0],[25.642778,45.199586,0.0],[25.642778,45.199586,0.0],[25.642778,45.199586,0.0],[25.642779,45.199586,0.0],[25.642779,45.199586,0.0],[25.642779,45.199586,0.0],[25.64278,45.199586,0.0],[25.64278,45.199585,0.0],[25.64278,45.199585,0.0],[25.64278,45.199585,0.0],[25.642781,45.199585,0.0],[25.642781,45.199585,0.0],[25.642781,45.199585,0.0],[25.642781,45.199585,0.0],[25.642782,45.199585,0.0],[25.642782,45.199584,0.0],[25.642782,45.199584,0.0],[25.642782,45.199584,0.0],[25.642783,45.199584,0.0],[25.642783,45.199584,0.0],[25.642783,45.199584,0.0],[25.642783,45.199584,0.0],[25.642784,45.199583,0.0],[25.642784,45.199583,0.0],[25.642784,45.199583,0.0],[25.642784,45.199583,0.0],[25.642784,45.199583,0.0],[25.642785,45.199583,0.0],[25.642785,45.199582,0.0],[25.642785,45.199582,0.0],[25.642785,45.199582,0.0],[25.642785,45.199582,0.0],[25.642786,45.199582,0.0],[25.642786,45.199582,0.0],[25.642786,45.199581,0.0],[25.642786,45.199581,0.0],[25.642786,45.199581,0.0],[25.642787,45.199581,0.0],[25.642787,45.199581,0.0],[25.642787,45.19958,0.0],[25.642787,45.19958,0.0],[25.642787,45.19958,0.0],[25.642788,45.19958,0.0],[25.642788,45.19958,0.0],[25.642788,45.19958,0.0],[25.642788,45.199579,0.0],[25.642788,45.199579,0.0],[25.642788,45.199579,0.0],[25.642789,45.199579,0.0],[25.642789,45.199579,0.0],[25.642789,45.199578,0.0],[25.642789,45.199578,0.0],[25.642789,45.199578,0.0],[25.642789,45.199578,0.0],[25.642789,45.199578,0.0],[25.64279,45.199577,0.0],[25.64279,45.199577,0.0],[25.64279,45.199577,0.0],[25.64279,45.199577,0.0],[25.64279,45.199577,0.0],[25.64279,45.199576,0.0],[25.642792,45.19957,0.0],[25.642844,45.19941,0.0],[25.642924,45.198998,0.0],[25.643018,45.198812,0.0],[25.643304,45.198178,0.0],[25.643306,45.198174,0.0],[25.643305,45.19817,0.0],[25.643303,45.198167,0.0],[25.643302,45.198166,0.0],[25.643299,45.198164,0.0],[25.643213,45.198146,0.0],[25.642866,45.198078,0.0],[25.642741,45.198046,0.0],[25.642722,45.198038,0.0],[25.642713,45.198033,0.0],[25.642704,45.198028,0.0],[25.64269,45.198017,0.0],[25.64251,45.19786,0.0],[25.642298,45.197674,0.0],[25.641923,45.197304,0.0],[25.641664,45.196987,0.0],[25.641425,45.196694,0.0],[25.641367,45.196622,0.0],[25.641357,45.196609,0.0],[25.641345,45.196593,0.0],[25.641345,45.196589,0.0],[25.641346,45.196586,0.0],[25.641347,45.196583,0.0],[25.641349,45.19658,0.0],[25.641353,45.196575,0.0]]],"type":"MultiLineString"},"properties":{"tip_retea":"Gaze","stare":"Existent","operator":"Transgaz","adancime":null,"detalii":"Racord - E.T. București","_s":{"f":"#af5800","fo":0.0,"s":"#af5800","so":1.0,"w":3.78,"r":5.0,"cap":"square","join":"bevel"},"_c":5}},{"type":"Feature","geometry":{"coordinates":[[[25.641353,45.196575,0.0],[25.641424,45.196509,0.0],[25.641526,45.196334,0.0],[25.641788,45.195909,0.0],[25.642146,45.195521,0.0],[25.641801,45.195347,0.0],[25.641277,45.195091,0.0],[25.640545,45.194696,0.0],[25.639959,45.194373,0.0],[25.640216,45.193929,0.0],[25.640448,45.193328,0.0],[25.64049,45.193309,0.0],[25.641052,45.193078,0.0],[25.641508,45.192879,0.0],[25.642084,45.192971,0.0],[25.642519,45.192996,0.0],[25.642647,45.193053,0.0],[25.642785,45.193089,0.0],[25.642999,45.193144,0.0],[25.643074,45.193141,0.0],[25.643128,45.193138,0.0],[25.643147,45.193137,0.0],[25.643161,45.193136,0.0],[25.643184,45.193135,0.0],[25.643257,45.193168,0.0],[25.643441,45.19325,0.0],[25.643691,45.193276,0.0],[25.643909,45.193264,0.0],[25.644061,45.193254,0.0],[25.644157,45.193226,0.0],[25.644404,45.193135,0.0],[25.644677,45.193018,0.0],[25.645076,45.192866,0.0],[25.645269,45.192774,0.0],[25.645301,45.192757,0.0],[25.645309,45.192746,0.0],[25.64535,45.192667,0.0],[25.645386,45.192583,0.0],[25.645391,45.192577,0.0],[25.6454,45.192571,0.0],[25.645424,45.19256,0.0],[25.645447,45.192549,0.0],[25.645464,45.192546,0.0],[25.645632,45.192508,0.0],[25.645836,45.192462,0.0],[25.645983,45.192447,0.0],[25.646153,45.192433,0.0],[25.646342,45.19242,0.0],[25.646679,45.192398,0.0],[25.646717,45.192396,0.0],[25.646731,45.192396,0.0],[25.64674,45.1924,0.0],[25.646779,45.192423,0.0],[25.646866,45.192474,0.0],[25.646944,45.19252,0.0],[25.647101,45.192621,0.0],[25.647226,45.192695,0.0],[25.64737,45.192756,0.0],[25.647593,45.192807,0.0],[25.647807,45.192853,0.0],[25.647815,45.192859,0.0],[25.647814,45.192869,0.0],[25.647811,45.192907,0.0],[25.647791,45.193122,0.0],[25.647809,45.19324,0.0],[25.647824,45.193419,0.0],[25.647824,45.193452,0.0],[25.647829,45.193459,0.0],[25.647842,45.193464,0.0],[25.647863,45.193466,0.0],[25.648183,45.193517,0.0],[25.648433,45.193558,0.0],[25.648437,45.193558,0.0],[25.648456,45.193561,0.0],[25.648448,45.193591,0.0],[25.64841,45.193728,0.0],[25.648398,45.193766,0.0],[25.648484,45.193862,0.0],[25.648484,45.193862,0.0],[25.648484,45.193863,0.0],[25.648483,45.193863,0.0],[25.648483,45.193863,0.0],[25.648475,45.193861,0.0],[25.648413,45.193844,0.0],[25.648379,45.193834,0.0],[25.648372,45.19386,0.0]]],"type":"MultiLineString"},"properties":{"tip_retea":"Gaze","stare":"Existent","operator":"Transgaz","adancime":null,"detalii":"Racord - E.T. București","_s":{"f":"#af5800","fo":0.0,"s":"#af5800","so":1.0,"w":3.78,"r":5.0,"cap":"square","join":"bevel"},"_c":5}},{"type":"Feature","geometry":{"coordinates":[[[26.013913,44.98287,0.0],[26.01399,44.982828,0.0],[26.01408,44.982783,0.0],[26.014175,44.982799,0.0],[26.015402,44.982968,0.0],[26.016097,44.983064,0.0],[26.016127,44.983075,0.0],[26.016249,44.983143,0.0],[26.016524,44.983296,0.0],[26.016849,44.983493,0.0],[26.016894,44.983518,0.0],[26.016942,44.983547,0.0],[26.016966,44.983559,0.0],[26.01699,44.983573,0.0],[26.017031,44.983598,0.0],[26.017102,44.983632,0.0],[26.017169,44.98367,0.0],[26.017223,44.983692,0.0],[26.017284,44.983697,0.0],[26.017314,44.983696,0.0],[26.017361,44.983685,0.0],[26.017401,44.983679,0.0],[26.017439,44.98367,0.0],[26.017501,44.983658,0.0],[26.017536,44.983651,0.0],[26.017574,44.983643,0.0],[26.017624,44.983632,0.0],[26.017704,44.983601,0.0],[26.01772,44.983582,0.0],[26.017755,44.983545,0.0],[26.017825,44.983468,0.0],[26.017859,44.983436,0.0],[26.017897,44.983389,0.0],[26.017944,44.98334,0.0],[26.017986,44.983292,0.0],[26.018009,44.983272,0.0],[26.01803,44.983278,0.0],[26.018064,44.983295,0.0],[26.018097,44.983312,0.0],[26.018237,44.983369,0.0],[26.018319,44.983406,0.0],[26.018397,44.983443,0.0],[26.018455,44.98347,0.0],[26.018598,44.983538,0.0],[26.018709,44.983593,0.0],[26.018746,44.983609,0.0],[26.018835,44.983642,0.0],[26.018889,44.983658,0.0],[26.018967,44.983694,0.0],[26.019041,44.983732,0.0],[26.019085,44.983756,0.0],[26.01919,44.983801,0.0],[26.019322,44.98386,0.0],[26.019601,44.983952,0.0],[26.019737,44.983992,0.0],[26.019888,44.984036,0.0],[26.020075,44.984094,0.0],[26.020301,44.98418,0.0],[26.020476,44.984237,0.0],[26.020762,44.984345,0.0],[26.021315,44.984579,0.0],[26.022314,44.984972,0.0],[26.022405,44.985012,0.0],[26.022466,44.985096,0.0],[26.022683,44.985456,0.0],[26.022813,44.985674,0.0],[26.023175,44.986296,0.0],[26.023466,44.986697,0.0],[26.023517,44.986752,0.0],[26.024008,44.98688,0.0],[26.024738,44.987061,0.0],[26.025417,44.987269,0.0],[26.026753,44.988141,0.0],[26.027838,44.988445,0.0],[26.028798,44.98848,0.0],[26.029886,44.98852,0.0],[26.031967,44.988535,0.0],[26.03338,44.988424,0.0],[26.03345,44.988412,0.0],[26.033487,44.988406,0.0],[26.033569,44.988392,0.0],[26.033585,44.988415,0.0],[26.033616,44.988476,0.0],[26.033684,44.988628,0.0],[26.033771,44.98864,0.0],[26.034903,44.988553,0.0],[26.03564,44.988514,0.0],[26.035692,44.988511,0.0],[26.035918,44.988491,0.0],[26.036782,44.988452,0.0],[26.03805,44.988345,0.0],[26.038215,44.98848,0.0],[26.039502,44.988668,0.0],[26.040176,44.988863,0.0],[26.040266,44.988795,0.0],[26.040624,44.9885,0.0],[26.041061,44.988118,0.0],[26.04159,44.988099,0.0],[26.042654,44.988208,0.0],[26.043297,44.988287,0.0],[26.044639,44.988423,0.0],[26.0455,44.988661,0.0],[26.04554,44.988672,0.0],[26.045737,44.988721,0.0],[26.046346,44.988955,0.0],[26.046593,44.988893,0.0],[26.046803,44.988852,0.0],[26.047229,44.988688,0.0],[26.047589,44.988498,0.0],[26.047632,44.988474,0.0],[26.047666,44.988455,0.0],[26.047695,44.988433,0.0],[26.047732,44.988405,0.0],[26.047753,44.988389,0.0],[26.047755,44.988388,0.0],[26.047758,44.988387,0.0],[26.047761,44.988387,0.0],[26.047764,44.988388,0.0],[26.047814,44.988419,0.0],[26.04789,44.988467,0.0],[26.047949,44.988503,0.0],[26.047956,44.988508,0.0],[26.04796,44.98851,0.0],[26.047966,44.988506,0.0],[26.04798,44.988497,0.0],[26.048001,44.988485,0.0]]],"type":"MultiLineString"},"properties":{"tip_retea":"Gaze","stare":"Existent","operator":"Transgaz","adancime":null,"detalii":"Racord - E.T. București","_s":{"f":"#af5800","fo":0.0,"s":"#af5800","so":1.0,"w":3.78,"r":5.0,"cap":"square","join":"bevel"},"_c":5}},{"type":"Feature","geometry":{"coordinates":[[[25.996555,44.979268,0.0],[25.996562,44.979275,0.0],[25.996562,44.97928,0.0],[25.996518,44.97931,0.0],[25.996458,44.979347,0.0],[25.996398,44.979384,0.0],[25.996276,44.979453,0.0],[25.996161,44.979523,0.0],[25.996055,44.979589,0.0],[25.996001,44.979632,0.0],[25.995978,44.979647,0.0],[25.99598,44.979673,0.0],[25.995987,44.979684,0.0],[25.996023,44.9797,0.0],[25.996093,44.979737,0.0],[25.996222,44.979802,0.0],[25.996362,44.979875,0.0],[25.996558,44.979969,0.0],[25.996782,44.980078,0.0],[25.997047,44.980208,0.0],[25.997203,44.98028,0.0],[25.99726,44.980308,0.0],[25.997294,44.980325,0.0],[25.997296,44.980328,0.0],[25.997295,44.980332,0.0],[25.997285,44.980344,0.0]]],"type":"MultiLineString"},"properties":{"tip_retea":"Gaze","stare":"Existent","operator":"Transgaz","adancime":null,"detalii":"Racord - E.T. București","_s":{"f":"#af5800","fo":0.0,"s":"#af5800","so":1.0,"w":3.78,"r":5.0,"cap":"square","join":"bevel"},"_c":5}},{"type":"Feature","geometry":{"coordinates":[[[25.741207,45.047057,0.0],[25.741209,45.047058,0.0],[25.741247,45.047008,0.0],[25.741259,45.047013,0.0],[25.741267,45.047016,0.0],[25.741458,45.0471,0.0],[25.741552,45.047143,0.0],[25.741682,45.047196,0.0],[25.741861,45.047269,0.0],[25.741927,45.047294,0.0],[25.74225,45.047429,0.0],[25.742534,45.047528,0.0],[25.742645,45.04756,0.0],[25.742712,45.047588,0.0],[25.742827,45.047629,0.0],[25.742913,45.047658,0.0],[25.74317,45.04772,0.0],[25.743416,45.047784,0.0],[25.743801,45.047885,0.0],[25.744231,45.047985,0.0],[25.744477,45.048061,0.0],[25.744613,45.048103,0.0],[25.74468,45.048123,0.0],[25.744728,45.04814,0.0],[25.744754,45.048148,0.0],[25.744763,45.04815,0.0],[25.744873,45.048172,0.0],[25.744914,45.048181,0.0],[25.744939,45.048185,0.0]]],"type":"MultiLineString"},"properties":{"tip_retea":"Gaze","stare":"Existent","operator":"Transgaz","adancime":null,"detalii":"Racord - E.T. București","_s":{"f":"#af5800","fo":0.0,"s":"#af5800","so":1.0,"w":3.78,"r":5.0,"cap":"square","join":"bevel"},"_c":5}},{"type":"Feature","geometry":{"coordinates":[[[25.744939,45.048185,0.0],[25.74494,45.048182,0.0]]],"type":"MultiLineString"},"properties":{"tip_retea":"Gaze","stare":"Existent","operator":"Transgaz","adancime":null,"detalii":"Racord - E.T. București","_s":{"f":"#af5800","fo":0.0,"s":"#af5800","so":1.0,"w":3.78,"r":5.0,"cap":"square","join":"bevel"},"_c":5}},{"type":"Feature","geometry":{"coordinates":[[[25.74494,45.048182,0.0],[25.744993,45.048193,0.0],[25.744996,45.048195,0.0],[25.744999,45.04819,0.0],[25.745004,45.048183,0.0],[25.745008,45.048168,0.0],[25.745021,45.048127,0.0]]],"type":"MultiLineString"},"properties":{"tip_retea":"Gaze","stare":"Existent","operator":"Transgaz","adancime":null,"detalii":"Racord - E.T. București","_s":{"f":"#af5800","fo":0.0,"s":"#af5800","so":1.0,"w":3.78,"r":5.0,"cap":"square","join":"bevel"},"_c":5}},{"type":"Feature","geometry":{"coordinates":[[[25.741201,45.047055,0.0],[25.741207,45.047057,0.0]]],"type":"MultiLineString"},"properties":{"tip_retea":"Gaze","stare":"Existent","operator":"Transgaz","adancime":null,"detalii":"Racord - E.T. București","_s":{"f":"#af5800","fo":0.0,"s":"#af5800","so":1.0,"w":3.78,"r":5.0,"cap":"square","join":"bevel"},"_c":5}},{"type":"Feature","geometry":{"coordinates":[[[25.550988,45.334198,0.0],[25.550991,45.3342,0.0],[25.551012,45.334217,0.0],[25.551057,45.334244,0.0],[25.551075,45.334257,0.0],[25.551144,45.33431,0.0],[25.55122,45.334369,0.0],[25.551351,45.334472,0.0],[25.551466,45.334562,0.0],[25.551536,45.334616,0.0],[25.551607,45.334673,0.0],[25.551608,45.334674,0.0],[25.551608,45.334675,0.0],[25.551578,45.334694,0.0],[25.551551,45.334709,0.0],[25.551542,45.334715,0.0]]],"type":"MultiLineString"},"properties":{"tip_retea":"Gaze","stare":"Existent","operator":"Transgaz","adancime":null,"detalii":"Racord - E.T. București","_s":{"f":"#af5800","fo":0.0,"s":"#af5800","so":1.0,"w":3.78,"r":5.0,"cap":"square","join":"bevel"},"_c":5}},{"type":"Feature","geometry":{"coordinates":[[[25.551542,45.334715,0.0],[25.551532,45.33472,0.0],[25.55146,45.33465,0.0]]],"type":"MultiLineString"},"properties":{"tip_retea":"Gaze","stare":"Existent","operator":"Transgaz","adancime":null,"detalii":"Racord - E.T. București","_s":{"f":"#af5800","fo":0.0,"s":"#af5800","so":1.0,"w":3.78,"r":5.0,"cap":"square","join":"bevel"},"_c":5}},{"type":"Feature","geometry":{"coordinates":[[[26.017897,45.018489,0.0],[26.017693,45.018492,0.0],[26.017444,45.018497,0.0],[26.017364,45.018498,0.0],[26.017312,45.018499,0.0],[26.017267,45.018507,0.0],[26.017191,45.01852,0.0],[26.017111,45.018532,0.0],[26.016972,45.018553,0.0],[26.01684,45.018573,0.0],[26.016595,45.01861,0.0],[26.016427,45.018633,0.0],[26.016335,45.018645,0.0],[26.016295,45.018651,0.0],[26.016293,45.018652,0.0],[26.016291,45.018653,0.0],[26.01629,45.018654,0.0],[26.016288,45.018656,0.0],[26.016287,45.018657,0.0],[26.016286,45.018659,0.0],[26.016286,45.01866,0.0],[26.016286,45.018662,0.0],[26.016285,45.018723,0.0],[26.016284,45.018727,0.0],[26.016283,45.018733,0.0],[26.016279,45.01875,0.0]]],"type":"MultiLineString"},"properties":{"tip_retea":"Gaze","stare":"Existent","operator":"Transgaz","adancime":null,"detalii":"Racord - E.T. București","_s":{"f":"#af5800","fo":0.0,"s":"#af5800","so":1.0,"w":3.78,"r":5.0,"cap":"square","join":"bevel"},"_c":5}},{"type":"Feature","geometry":{"coordinates":[[[25.520084,45.449367,0.0],[25.519963,45.449273,0.0]]],"type":"MultiLineString"},"properties":{"tip_retea":"Gaze","stare":"Existent","operator":"Transgaz","adancime":null,"detalii":"Racord - E.T. Brașov","_s":{"f":"#af5800","fo":0.0,"s":"#af5800","so":1.0,"w":3.78,"r":5.0,"cap":"square","join":"bevel"},"_c":4}},{"type":"Feature","geometry":{"coordinates":[[[25.563185,45.451675,0.0],[25.563197,45.451667,0.0],[25.563212,45.451657,0.0],[25.563227,45.451647,0.0],[25.563203,45.451629,0.0],[25.56313,45.451576,0.0],[25.562866,45.451419,0.0],[25.562521,45.451097,0.0],[25.561932,45.450737,0.0],[25.561882,45.450695,0.0],[25.561547,45.450089,0.0],[25.561381,45.449771,0.0],[25.561325,45.449551,0.0],[25.560991,45.449132,0.0],[25.561054,45.449001,0.0],[25.560751,45.448517,0.0],[25.560297,45.447953,0.0],[25.560251,45.447875,0.0],[25.559904,45.447726,0.0],[25.559618,45.447749,0.0],[25.559179,45.447696,0.0],[25.55901,45.447673,0.0],[25.558906,45.447628,0.0],[25.558277,45.447278,0.0],[25.558073,45.447284,0.0],[25.557536,45.44701,0.0],[25.557123,45.446787,0.0],[25.55708,45.446764,0.0],[25.556677,45.44655,0.0],[25.556251,45.446211,0.0],[25.556037,45.446007,0.0],[25.556012,45.445983,0.0]]],"type":"MultiLineString"},"properties":{"tip_retea":"Gaze","stare":"Existent","operator":"Transgaz","adancime":null,"detalii":"Racord - E.T. Brașov","_s":{"f":"#af5800","fo":0.0,"s":"#af5800","so":1.0,"w":3.78,"r":5.0,"cap":"square","join":"bevel"},"_c":4}},{"type":"Feature","geometry":{"coordinates":[[[25.522959,45.409779,0.0],[25.523006,45.409741,0.0],[25.523011,45.409737,0.0],[25.523054,45.409702,0.0],[25.523371,45.409442,0.0],[25.523615,45.409243,0.0],[25.523996,45.409173,0.0],[25.524111,45.409157,0.0],[25.524265,45.409197,0.0]]],"type":"MultiLineString"},"properties":{"tip_retea":"Gaze","stare":"Existent","operator":"Transgaz","adancime":null,"detalii":"Racord - E.T. Brașov","_s":{"f":"#af5800","fo":0.0,"s":"#af5800","so":1.0,"w":3.78,"r":5.0,"cap":"square","join":"bevel"},"_c":4}},{"type":"Feature","geometry":{"coordinates":[[[25.556012,45.445983,0.0],[25.555948,45.445922,0.0]]],"type":"MultiLineString"},"properties":{"tip_retea":"Gaze","stare":"Existent","operator":"Transgaz","adancime":null,"detalii":"Racord - E.T. Brașov","_s":{"f":"#af5800","fo":0.0,"s":"#af5800","so":1.0,"w":3.78,"r":5.0,"cap":"square","join":"bevel"},"_c":4}},{"type":"Feature","geometry":{"coordinates":[[[25.55114,45.334341,0.0],[25.551158,45.334355,0.0],[25.551212,45.3344,0.0],[25.551192,45.334411,0.0]]],"type":"MultiLineString"},"properties":{"tip_retea":"Gaze","stare":"Existent","operator":"Transgaz","adancime":null,"detalii":"Tehnologic - E.T. București","_s":{"f":"#ffc84f","fo":0.0,"s":"#ffc84f","so":1.0,"w":3.78,"r":5.0,"cap":"square","join":"bevel"},"_c":7}},{"type":"Feature","geometry":{"coordinates":[[[25.627677,45.211202,0.0],[25.627671,45.211198,0.0],[25.6276,45.211158,0.0]]],"type":"MultiLineString"},"properties":{"tip_retea":"Gaze","stare":"Existent","operator":"Transgaz","adancime":null,"detalii":"Tehnologic - E.T. București","_s":{"f":"#ffc84f","fo":0.0,"s":"#ffc84f","so":1.0,"w":3.78,"r":5.0,"cap":"square","join":"bevel"},"_c":7}},{"type":"Feature","geometry":{"coordinates":[[[25.745751,45.100248,0.0],[25.745761,45.10025,0.0],[25.745807,45.100257,0.0],[25.745813,45.100258,0.0],[25.745815,45.100256,0.0]]],"type":"MultiLineString"},"properties":{"tip_retea":"Gaze","stare":"Existent","operator":"Transgaz","adancime":null,"detalii":"Tehnologic - E.T. București","_s":{"f":"#ffc84f","fo":0.0,"s":"#ffc84f","so":1.0,"w":3.78,"r":5.0,"cap":"square","join":"bevel"},"_c":7}},{"type":"Feature","geometry":{"coordinates":[[[25.896301,44.862881,0.0],[25.896352,44.862829,0.0],[25.896357,44.862824,0.0],[25.896347,44.862818,0.0]]],"type":"MultiLineString"},"properties":{"tip_retea":"Gaze","stare":"Existent","operator":"Transgaz","adancime":null,"detalii":"Tehnologic - E.T. București","_s":{"f":"#ffc84f","fo":0.0,"s":"#ffc84f","so":1.0,"w":3.78,"r":5.0,"cap":"square","join":"bevel"},"_c":7}},{"type":"Feature","geometry":{"coordinates":[[[25.875938,44.862187,0.0],[25.875939,44.862164,0.0],[25.87594,44.862139,0.0],[25.875942,44.862129,0.0],[25.875949,44.862119,0.0],[25.875961,44.862112,0.0],[25.875975,44.862109,0.0],[25.880064,44.862032,0.0],[25.880078,44.862033,0.0],[25.88009,44.862037,0.0],[25.880098,44.862045,0.0],[25.880102,44.862054,0.0],[25.880105,44.862112,0.0]]],"type":"MultiLineString"},"properties":{"tip_retea":"Gaze","stare":"Existent","operator":"Transgaz","adancime":null,"detalii":"Tehnologic - E.T. București","_s":{"f":"#ffc84f","fo":0.0,"s":"#ffc84f","so":1.0,"w":3.78,"r":5.0,"cap":"square","join":"bevel"},"_c":7}},{"type":"Feature","geometry":{"coordinates":[[[25.875918,44.862001,0.0],[25.875945,44.862077,0.0],[25.875949,44.862081,0.0],[25.875954,44.862084,0.0],[25.87596,44.862086,0.0],[25.875966,44.862087,0.0],[25.875981,44.862087,0.0],[25.878393,44.862056,0.0],[25.880067,44.862012,0.0],[25.880079,44.86201,0.0],[25.88009,44.862005,0.0],[25.880097,44.861998,0.0],[25.880101,44.861989,0.0],[25.880106,44.86196,0.0]]],"type":"MultiLineString"},"properties":{"tip_retea":"Gaze","stare":"Existent","operator":"Transgaz","adancime":null,"detalii":"Tehnologic - E.T. București","_s":{"f":"#ffc84f","fo":0.0,"s":"#ffc84f","so":1.0,"w":3.78,"r":5.0,"cap":"square","join":"bevel"},"_c":7}},{"type":"Feature","geometry":{"coordinates":[[[25.996904,44.921351,0.0],[25.996977,44.92131,0.0],[25.996844,44.921193,0.0],[25.996835,44.921185,0.0]]],"type":"MultiLineString"},"properties":{"tip_retea":"Gaze","stare":"Existent","operator":"Transgaz","adancime":null,"detalii":"Tehnologic - E.T. București","_s":{"f":"#ffc84f","fo":0.0,"s":"#ffc84f","so":1.0,"w":3.78,"r":5.0,"cap":"square","join":"bevel"},"_c":7}},{"type":"Feature","geometry":{"coordinates":[[[25.711945,45.135691,0.0],[25.711905,45.135657,0.0],[25.711863,45.135621,0.0],[25.711827,45.13559,0.0],[25.711814,45.13558,0.0],[25.711804,45.135571,0.0],[25.711795,45.135563,0.0],[25.711781,45.135553,0.0],[25.711771,45.135544,0.0]]],"type":"MultiLineString"},"properties":{"tip_retea":"Gaze","stare":"Existent","operator":"Transgaz","adancime":null,"detalii":"Tehnologic - E.T. București","_s":{"f":"#ffc84f","fo":0.0,"s":"#ffc84f","so":1.0,"w":3.78,"r":5.0,"cap":"square","join":"bevel"},"_c":7}},{"type":"Feature","geometry":{"coordinates":[[[25.737522,45.116212,0.0],[25.737501,45.116254,0.0]]],"type":"MultiLineString"},"properties":{"tip_retea":"Gaze","stare":"Existent","operator":"Transgaz","adancime":null,"detalii":"Tehnologic - E.T. București","_s":{"f":"#ffc84f","fo":0.0,"s":"#ffc84f","so":1.0,"w":3.78,"r":5.0,"cap":"square","join":"bevel"},"_c":7}},{"type":"Feature","geometry":{"coordinates":[[[25.864122,44.833432,0.0],[25.864114,44.833438,0.0],[25.864098,44.833428,0.0],[25.864086,44.83342,0.0],[25.864019,44.833377,0.0],[25.863964,44.833342,0.0],[25.86208,44.832141,0.0],[25.861802,44.831964,0.0],[25.861788,44.831955,0.0],[25.861763,44.831939,0.0]]],"type":"MultiLineString"},"properties":{"tip_retea":"Gaze","stare":"Existent","operator":"Transgaz","adancime":null,"detalii":"Tehnologic - E.T. București","_s":{"f":"#ffc84f","fo":0.0,"s":"#ffc84f","so":1.0,"w":3.78,"r":5.0,"cap":"square","join":"bevel"},"_c":7}},{"type":"Feature","geometry":{"coordinates":[[[25.822329,44.921913,0.0],[25.822337,44.921894,0.0],[25.822348,44.921896,0.0],[25.822383,44.921901,0.0],[25.822504,44.921917,0.0],[25.822592,44.921928,0.0],[25.822927,44.921717,0.0],[25.823036,44.921644,0.0],[25.824345,44.921874,0.0],[25.825146,44.922031,0.0],[25.825442,44.922094,0.0],[25.825884,44.922178,0.0],[25.826724,44.922355,0.0],[25.829196,44.923149,0.0],[25.829254,44.923168,0.0],[25.829251,44.923176,0.0]]],"type":"MultiLineString"},"properties":{"tip_retea":"Gaze","stare":"Existent","operator":"Transgaz","adancime":null,"detalii":"Tehnologic - E.T. București","_s":{"f":"#ffc84f","fo":0.0,"s":"#ffc84f","so":1.0,"w":3.78,"r":5.0,"cap":"square","join":"bevel"},"_c":7}},{"type":"Feature","geometry":{"coordinates":[[[25.779186,44.978782,0.0],[25.779186,44.978779,0.0],[25.779189,44.978769,0.0]]],"type":"MultiLineString"},"properties":{"tip_retea":"Gaze","stare":"Existent","operator":"Transgaz","adancime":null,"detalii":"Tehnologic - E.T. București","_s":{"f":"#ffc84f","fo":0.0,"s":"#ffc84f","so":1.0,"w":3.78,"r":5.0,"cap":"square","join":"bevel"},"_c":7}},{"type":"Feature","geometry":{"coordinates":[[[25.983795,44.884604,0.0],[25.983803,44.884598,0.0],[25.983811,44.884592,0.0],[25.983792,44.884579,0.0],[25.983772,44.884566,0.0],[25.983765,44.884572,0.0],[25.983756,44.884578,0.0]]],"type":"MultiLineString"},"properties":{"tip_retea":"Gaze","stare":"Existent","operator":"Transgaz","adancime":null,"detalii":"Tehnologic - E.T. București","_s":{"f":"#ffc84f","fo":0.0,"s":"#ffc84f","so":1.0,"w":3.78,"r":5.0,"cap":"square","join":"bevel"},"_c":7}},{"type":"Feature","geometry":{"coordinates":[[[25.811509,44.955202,0.0],[25.814872,44.954751,0.0]]],"type":"MultiLineString"},"properties":{"tip_retea":"Gaze","stare":"Existent","operator":"Transgaz","adancime":null,"detalii":"Tehnologic - E.T. București","_s":{"f":"#ffc84f","fo":0.0,"s":"#ffc84f","so":1.0,"w":3.78,"r":5.0,"cap":"square","join":"bevel"},"_c":7}},{"type":"Feature","geometry":{"coordinates":[[[26.075413,44.954103,0.0],[26.075333,44.954105,0.0],[26.075194,44.954107,0.0],[26.075152,44.954108,0.0]]],"type":"MultiLineString"},"properties":{"tip_retea":"Gaze","stare":"Existent","operator":"Transgaz","adancime":null,"detalii":"Tehnologic - E.T. București","_s":{"f":"#ffc84f","fo":0.0,"s":"#ffc84f","so":1.0,"w":3.78,"r":5.0,"cap":"square","join":"bevel"},"_c":7}},{"type":"Feature","geometry":{"coordinates":[[[26.061703,44.954363,0.0],[26.061719,44.954352,0.0],[26.061738,44.954339,0.0]]],"type":"MultiLineString"},"properties":{"tip_retea":"Gaze","stare":"Existent","operator":"Transgaz","adancime":null,"detalii":"Tehnologic - E.T. București","_s":{"f":"#ffc84f","fo":0.0,"s":"#ffc84f","so":1.0,"w":3.78,"r":5.0,"cap":"square","join":"bevel"},"_c":7}},{"type":"Feature","geometry":{"coordinates":[[[25.621361,45.28008,0.0],[25.621369,45.280056,0.0],[25.621387,45.280006,0.0],[25.621565,45.279827,0.0],[25.621568,45.279819,0.0],[25.621569,45.279815,0.0]]],"type":"MultiLineString"},"properties":{"tip_retea":"Gaze","stare":"Existent","operator":"Transgaz","adancime":null,"detalii":"Tehnologic - E.T. București","_s":{"f":"#ffc84f","fo":0.0,"s":"#ffc84f","so":1.0,"w":3.78,"r":5.0,"cap":"square","join":"bevel"},"_c":7}},{"type":"Feature","geometry":{"coordinates":[[[25.555778,45.325743,0.0],[25.555782,45.325735,0.0],[25.555785,45.325728,0.0],[25.555789,45.32572,0.0],[25.555806,45.325683,0.0],[25.555834,45.325623,0.0],[25.555876,45.325473,0.0],[25.555912,45.325366,0.0],[25.555942,45.325328,0.0],[25.555966,45.325316,0.0],[25.556124,45.325301,0.0],[25.556172,45.325297,0.0],[25.556231,45.325291,0.0],[25.556324,45.325279,0.0],[25.556496,45.325268,0.0],[25.556886,45.325253,0.0],[25.557001,45.325253,0.0],[25.557038,45.325253,0.0],[25.557109,45.325262,0.0],[25.557166,45.325278,0.0]]],"type":"MultiLineString"},"properties":{"tip_retea":"Gaze","stare":"Existent","operator":"Transgaz","adancime":null,"detalii":"Tehnologic - E.T. București","_s":{"f":"#ffc84f","fo":0.0,"s":"#ffc84f","so":1.0,"w":3.78,"r":5.0,"cap":"square","join":"bevel"},"_c":7}},{"type":"Feature","geometry":{"coordinates":[[[25.555793,45.32571,0.0],[25.555701,45.325693,0.0]]],"type":"MultiLineString"},"properties":{"tip_retea":"Gaze","stare":"Existent","operator":"Transgaz","adancime":null,"detalii":"Tehnologic - E.T. București","_s":{"f":"#ffc84f","fo":0.0,"s":"#ffc84f","so":1.0,"w":3.78,"r":5.0,"cap":"square","join":"bevel"},"_c":7}},{"type":"Feature","geometry":{"coordinates":[[[25.561207,45.319301,0.0],[25.561218,45.319306,0.0],[25.561261,45.319261,0.0],[25.561275,45.319246,0.0]]],"type":"MultiLineString"},"properties":{"tip_retea":"Gaze","stare":"Existent","operator":"Transgaz","adancime":null,"detalii":"Tehnologic - E.T. București","_s":{"f":"#ffc84f","fo":0.0,"s":"#ffc84f","so":1.0,"w":3.78,"r":5.0,"cap":"square","join":"bevel"},"_c":7}},{"type":"Feature","geometry":{"coordinates":[[[25.561297,45.319311,0.0],[25.561278,45.319302,0.0],[25.56126,45.319293,0.0],[25.561294,45.319256,0.0],[25.561262,45.31924,0.0]]],"type":"MultiLineString"},"properties":{"tip_retea":"Gaze","stare":"Existent","operator":"Transgaz","adancime":null,"detalii":"Tehnologic - E.T. București","_s":{"f":"#ffc84f","fo":0.0,"s":"#ffc84f","so":1.0,"w":3.78,"r":5.0,"cap":"square","join":"bevel"},"_c":7}},{"type":"Feature","geometry":{"coordinates":[[[25.561328,45.319322,0.0],[25.561342,45.319334,0.0],[25.561356,45.319331,0.0]]],"type":"MultiLineString"},"properties":{"tip_retea":"Gaze","stare":"Existent","operator":"Transgaz","adancime":null,"detalii":"Tehnologic - E.T. București","_s":{"f":"#ffc84f","fo":0.0,"s":"#ffc84f","so":1.0,"w":3.78,"r":5.0,"cap":"square","join":"bevel"},"_c":7}},{"type":"Feature","geometry":{"coordinates":[[[25.621562,45.279898,0.0],[25.621592,45.27982,0.0],[25.621582,45.279818,0.0],[25.621569,45.279815,0.0]]],"type":"MultiLineString"},"properties":{"tip_retea":"Gaze","stare":"Existent","operator":"Transgaz","adancime":null,"detalii":"Tehnologic - E.T. București","_s":{"f":"#ffc84f","fo":0.0,"s":"#ffc84f","so":1.0,"w":3.78,"r":5.0,"cap":"square","join":"bevel"},"_c":7}},{"type":"Feature","geometry":{"coordinates":[[[25.621678,45.279403,0.0],[25.621673,45.279391,0.0],[25.621684,45.279387,0.0],[25.621772,45.279355,0.0],[25.621793,45.279348,0.0],[25.621799,45.279346,0.0],[25.621811,45.279345,0.0],[25.621823,45.279344,0.0]]],"type":"MultiLineString"},"properties":{"tip_retea":"Gaze","stare":"Existent","operator":"Transgaz","adancime":null,"detalii":"Tehnologic - E.T. București","_s":{"f":"#ffc84f","fo":0.0,"s":"#ffc84f","so":1.0,"w":3.78,"r":5.0,"cap":"square","join":"bevel"},"_c":7}},{"type":"Feature","geometry":{"coordinates":[[[25.634531,45.203612,0.0],[25.634527,45.203608,0.0],[25.634524,45.203609,0.0],[25.634522,45.20361,0.0],[25.634508,45.203739,0.0],[25.634505,45.203741,0.0],[25.634502,45.203743,0.0],[25.634492,45.203737,0.0]]],"type":"MultiLineString"},"properties":{"tip_retea":"Gaze","stare":"Existent","operator":"Transgaz","adancime":null,"detalii":"Tehnologic - E.T. București","_s":{"f":"#ffc84f","fo":0.0,"s":"#ffc84f","so":1.0,"w":3.78,"r":5.0,"cap":"square","join":"bevel"},"_c":7}},{"type":"Feature","geometry":{"coordinates":[[[25.689867,45.162066,0.0],[25.689849,45.162063,0.0],[25.689818,45.162057,0.0],[25.68982,45.162049,0.0],[25.689823,45.162042,0.0]]],"type":"MultiLineString"},"properties":{"tip_retea":"Gaze","stare":"Existent","operator":"Transgaz","adancime":null,"detalii":"Tehnologic - E.T. București","_s":{"f":"#ffc84f","fo":0.0,"s":"#ffc84f","so":1.0,"w":3.78,"r":5.0,"cap":"square","join":"bevel"},"_c":7}},{"type":"Feature","geometry":{"coordinates":[[[25.718253,45.127856,0.0],[25.718312,45.127853,0.0]]],"type":"MultiLineString"},"properties":{"tip_retea":"Gaze","stare":"Existent","operator":"Transgaz","adancime":null,"detalii":"Tehnologic - E.T. București","_s":{"f":"#ffc84f","fo":0.0,"s":"#ffc84f","so":1.0,"w":3.78,"r":5.0,"cap":"square","join":"bevel"},"_c":7}},{"type":"Feature","geometry":{"coordinates":[[[25.788238,44.95457,0.0],[25.788254,44.954576,0.0],[25.788792,44.954777,0.0],[25.789176,44.954913,0.0],[25.789882,44.955162,0.0],[25.790203,44.955296,0.0],[25.791116,44.955692,0.0],[25.791625,44.955919,0.0],[25.791649,44.955929,0.0],[25.791674,44.955927,0.0],[25.791695,44.955924,0.0],[25.791713,44.955902,0.0],[25.791722,44.955891,0.0],[25.791726,44.955887,0.0],[25.791732,44.95588,0.0]]],"type":"MultiLineString"},"properties":{"tip_retea":"Gaze","stare":"Existent","operator":"Transgaz","adancime":null,"detalii":"Tehnologic - E.T. București","_s":{"f":"#ffc84f","fo":0.0,"s":"#ffc84f","so":1.0,"w":3.78,"r":5.0,"cap":"square","join":"bevel"},"_c":7}},{"type":"Feature","geometry":{"coordinates":[[[25.971337,44.959169,0.0],[25.971253,44.95919,0.0],[25.971193,44.959206,0.0],[25.971161,44.959214,0.0],[25.971092,44.959232,0.0],[25.971435,44.959579,0.0],[25.971909,44.960059,0.0],[25.972469,44.960629,0.0],[25.972909,44.961117,0.0],[25.973633,44.961868,0.0],[25.974164,44.962438,0.0],[25.974518,44.962833,0.0],[25.974575,44.962889,0.0],[25.974689,44.963012,0.0],[25.974863,44.963176,0.0],[25.97527,44.963538,0.0],[25.975532,44.963764,0.0],[25.975808,44.964,0.0],[25.976527,44.964658,0.0]]],"type":"MultiLineString"},"properties":{"tip_retea":"Gaze","stare":"Existent","operator":"Transgaz","adancime":null,"detalii":"Tehnologic - E.T. București","_s":{"f":"#ffc84f","fo":0.0,"s":"#ffc84f","so":1.0,"w":3.78,"r":5.0,"cap":"square","join":"bevel"},"_c":7}},{"type":"Feature","geometry":{"coordinates":[[[25.731511,45.114177,0.0],[25.731547,45.114178,0.0],[25.731563,45.114179,0.0]]],"type":"MultiLineString"},"properties":{"tip_retea":"Gaze","stare":"Existent","operator":"Transgaz","adancime":null,"detalii":"Tehnologic - E.T. București","_s":{"f":"#ffc84f","fo":0.0,"s":"#ffc84f","so":1.0,"w":3.78,"r":5.0,"cap":"square","join":"bevel"},"_c":7}},{"type":"Feature","geometry":{"coordinates":[[[25.62774,45.21115,0.0],[25.62772,45.211138,0.0],[25.627705,45.211128,0.0]]],"type":"MultiLineString"},"properties":{"tip_retea":"Gaze","stare":"Existent","operator":"Transgaz","adancime":null,"detalii":"Tehnologic - E.T. București","_s":{"f":"#ffc84f","fo":0.0,"s":"#ffc84f","so":1.0,"w":3.78,"r":5.0,"cap":"square","join":"bevel"},"_c":7}},{"type":"Feature","geometry":{"coordinates":[[[25.791683,44.955861,0.0],[25.791688,44.955863,0.0],[25.791732,44.95588,0.0],[25.791885,44.955942,0.0],[25.792045,44.956005,0.0],[25.792187,44.956031,0.0],[25.792556,44.956098,0.0],[25.79322,44.956217,0.0],[25.793859,44.956332,0.0],[25.794272,44.956403,0.0],[25.794849,44.956503,0.0],[25.795455,44.956608,0.0],[25.795979,44.956703,0.0],[25.796418,44.956784,0.0],[25.796952,44.956877,0.0],[25.797488,44.956971,0.0],[25.797751,44.957017,0.0],[25.797757,44.957019,0.0],[25.797759,44.957023,0.0],[25.797731,44.957098,0.0],[25.79772,44.957127,0.0]]],"type":"MultiLineString"},"properties":{"tip_retea":"Gaze","stare":"Existent","operator":"Transgaz","adancime":null,"detalii":"Tehnologic - E.T. București","_s":{"f":"#ffc84f","fo":0.0,"s":"#ffc84f","so":1.0,"w":3.78,"r":5.0,"cap":"square","join":"bevel"},"_c":7}},{"type":"Feature","geometry":{"coordinates":[[[26.153372,44.951664,0.0],[26.153371,44.951671,0.0],[26.15337,44.951681,0.0],[26.153368,44.951698,0.0]]],"type":"MultiLineString"},"properties":{"tip_retea":"Gaze","stare":"Existent","operator":"Transgaz","adancime":null,"detalii":"Tehnologic - E.T. București","_s":{"f":"#ffc84f","fo":0.0,"s":"#ffc84f","so":1.0,"w":3.78,"r":5.0,"cap":"square","join":"bevel"},"_c":7}},{"type":"Feature","geometry":{"coordinates":[[[25.989012,44.882758,0.0],[25.989054,44.882814,0.0],[25.989064,44.882826,0.0],[25.989093,44.882865,0.0]]],"type":"MultiLineString"},"properties":{"tip_retea":"Gaze","stare":"Existent","operator":"Transgaz","adancime":null,"detalii":"Tehnologic - E.T. București","_s":{"f":"#ffc84f","fo":0.0,"s":"#ffc84f","so":1.0,"w":3.78,"r":5.0,"cap":"square","join":"bevel"},"_c":7}},{"type":"Feature","geometry":{"coordinates":[[[25.797352,45.022103,0.0],[25.797405,45.022026,0.0]]],"type":"MultiLineString"},"properties":{"tip_retea":"Gaze","stare":"Existent","operator":"Transgaz","adancime":null,"detalii":"Tehnologic - E.T. București","_s":{"f":"#ffc84f","fo":0.0,"s":"#ffc84f","so":1.0,"w":3.78,"r":5.0,"cap":"square","join":"bevel"},"_c":7}},{"type":"Feature","geometry":{"coordinates":[[[25.827595,44.954579,0.0],[25.827587,44.954587,0.0]]],"type":"MultiLineString"},"properties":{"tip_retea":"Gaze","stare":"Existent","operator":"Transgaz","adancime":null,"detalii":"Tehnologic - E.T. București","_s":{"f":"#ffc84f","fo":0.0,"s":"#ffc84f","so":1.0,"w":3.78,"r":5.0,"cap":"square","join":"bevel"},"_c":7}},{"type":"Feature","geometry":{"coordinates":[[[25.796237,45.038286,0.0],[25.796245,45.038266,0.0]]],"type":"MultiLineString"},"properties":{"tip_retea":"Gaze","stare":"Existent","operator":"Transgaz","adancime":null,"detalii":"Tehnologic - E.T. București","_s":{"f":"#ffc84f","fo":0.0,"s":"#ffc84f","so":1.0,"w":3.78,"r":5.0,"cap":"square","join":"bevel"},"_c":7}},{"type":"Feature","geometry":{"coordinates":[[[25.904445,44.859367,0.0],[25.904461,44.859375,0.0],[25.904471,44.85938,0.0]]],"type":"MultiLineString"},"properties":{"tip_retea":"Gaze","stare":"Existent","operator":"Transgaz","adancime":null,"detalii":"Tehnologic - E.T. București","_s":{"f":"#ffc84f","fo":0.0,"s":"#ffc84f","so":1.0,"w":3.78,"r":5.0,"cap":"square","join":"bevel"},"_c":7}},{"type":"Feature","geometry":{"coordinates":[[[25.695742,45.161749,0.0],[25.695738,45.16173,0.0],[25.695869,45.161716,0.0]]],"type":"MultiLineString"},"properties":{"tip_retea":"Gaze","stare":"Existent","operator":"Transgaz","adancime":null,"detalii":"Tehnologic - E.T. București","_s":{"f":"#ffc84f","fo":0.0,"s":"#ffc84f","so":1.0,"w":3.78,"r":5.0,"cap":"square","join":"bevel"},"_c":7}},{"type":"Feature","geometry":{"coordinates":[[[25.911059,44.816816,0.0],[25.911061,44.816815,0.0],[25.911063,44.816814,0.0]]],"type":"MultiLineString"},"properties":{"tip_retea":"Gaze","stare":"Existent","operator":"Transgaz","adancime":null,"detalii":"Tehnologic - E.T. București","_s":{"f":"#ffc84f","fo":0.0,"s":"#ffc84f","so":1.0,"w":3.78,"r":5.0,"cap":"square","join":"bevel"},"_c":7}},{"type":"Feature","geometry":{"coordinates":[[[25.857719,44.928002,0.0],[25.857723,44.927984,0.0]]],"type":"MultiLineString"},"properties":{"tip_retea":"Gaze","stare":"Existent","operator":"Transgaz","adancime":null,"detalii":"Tehnologic - E.T. București","_s":{"f":"#ffc84f","fo":0.0,"s":"#ffc84f","so":1.0,"w":3.78,"r":5.0,"cap":"square","join":"bevel"},"_c":7}},{"type":"Feature","geometry":{"coordinates":[[[25.634214,45.136807,0.0],[25.634253,45.136821,0.0]]],"type":"MultiLineString"},"properties":{"tip_retea":"Gaze","stare":"Existent","operator":"Transgaz","adancime":null,"detalii":"Tehnologic - E.T. București","_s":{"f":"#ffc84f","fo":0.0,"s":"#ffc84f","so":1.0,"w":3.78,"r":5.0,"cap":"square","join":"bevel"},"_c":7}},{"type":"Feature","geometry":{"coordinates":[[[25.779052,44.97894,0.0],[25.779149,44.978954,0.0],[25.779162,44.978911,0.0],[25.779169,44.978889,0.0],[25.779199,44.978795,0.0],[25.779203,44.97878,0.0],[25.779205,44.978773,0.0]]],"type":"MultiLineString"},"properties":{"tip_retea":"Gaze","stare":"Existent","operator":"Transgaz","adancime":null,"detalii":"Tehnologic - E.T. București","_s":{"f":"#ffc84f","fo":0.0,"s":"#ffc84f","so":1.0,"w":3.78,"r":5.0,"cap":"square","join":"bevel"},"_c":7}},{"type":"Feature","geometry":{"coordinates":[[[25.779214,44.978961,0.0],[25.779191,44.978956,0.0],[25.779178,44.978954,0.0],[25.779183,44.978941,0.0],[25.77921,44.978869,0.0],[25.77919,44.978866,0.0],[25.779177,44.978863,0.0]]],"type":"MultiLineString"},"properties":{"tip_retea":"Gaze","stare":"Existent","operator":"Transgaz","adancime":null,"detalii":"Tehnologic - E.T. București","_s":{"f":"#ffc84f","fo":0.0,"s":"#ffc84f","so":1.0,"w":3.78,"r":5.0,"cap":"square","join":"bevel"},"_c":7}},{"type":"Feature","geometry":{"coordinates":[[[25.779162,44.978911,0.0],[25.779174,44.978913,0.0],[25.779216,44.978921,0.0],[25.779228,44.978923,0.0]]],"type":"MultiLineString"},"properties":{"tip_retea":"Gaze","stare":"Existent","operator":"Transgaz","adancime":null,"detalii":"Tehnologic - E.T. București","_s":{"f":"#ffc84f","fo":0.0,"s":"#ffc84f","so":1.0,"w":3.78,"r":5.0,"cap":"square","join":"bevel"},"_c":7}},{"type":"Feature","geometry":{"coordinates":[[[25.779295,44.978743,0.0],[25.779196,44.978724,0.0],[25.779194,44.978729,0.0],[25.77919,44.97874,0.0],[25.779172,44.978798,0.0],[25.779196,44.978802,0.0]]],"type":"MultiLineString"},"properties":{"tip_retea":"Gaze","stare":"Existent","operator":"Transgaz","adancime":null,"detalii":"Tehnologic - E.T. București","_s":{"f":"#ffc84f","fo":0.0,"s":"#ffc84f","so":1.0,"w":3.78,"r":5.0,"cap":"square","join":"bevel"},"_c":7}},{"type":"Feature","geometry":{"coordinates":[[[25.632611,45.237953,0.0],[25.632618,45.237954,0.0],[25.632629,45.237955,0.0],[25.632594,45.238062,0.0],[25.632563,45.238158,0.0],[25.632557,45.238157,0.0],[25.632552,45.238157,0.0],[25.632546,45.238156,0.0]]],"type":"MultiLineString"},"properties":{"tip_retea":"Gaze","stare":"Existent","operator":"Transgaz","adancime":null,"detalii":"Tehnologic - E.T. București","_s":{"f":"#ffc84f","fo":0.0,"s":"#ffc84f","so":1.0,"w":3.78,"r":5.0,"cap":"square","join":"bevel"},"_c":7}},{"type":"Feature","geometry":{"coordinates":[[[25.997859,44.879383,0.0],[25.997935,44.879351,0.0],[25.99801,44.879318,0.0],[25.998047,44.879302,0.0],[25.998055,44.879299,0.0],[25.998059,44.879297,0.0],[25.99811,44.879275,0.0],[25.998117,44.879272,0.0]]],"type":"MultiLineString"},"properties":{"tip_retea":"Gaze","stare":"Existent","operator":"Transgaz","adancime":null,"detalii":"Tehnologic - E.T. București","_s":{"f":"#ffc84f","fo":0.0,"s":"#ffc84f","so":1.0,"w":3.78,"r":5.0,"cap":"square","join":"bevel"},"_c":7}},{"type":"Feature","geometry":{"coordinates":[[[25.997963,44.879514,0.0],[25.997949,44.87952,0.0],[25.997912,44.879537,0.0],[25.997841,44.879458,0.0],[25.997785,44.879366,0.0],[25.998028,44.879261,0.0]]],"type":"MultiLineString"},"properties":{"tip_retea":"Gaze","stare":"Existent","operator":"Transgaz","adancime":null,"detalii":"Tehnologic - E.T. București","_s":{"f":"#ffc84f","fo":0.0,"s":"#ffc84f","so":1.0,"w":3.78,"r":5.0,"cap":"square","join":"bevel"},"_c":7}},{"type":"Feature","geometry":{"coordinates":[[[25.998028,44.879261,0.0],[25.998042,44.879278,0.0],[25.998052,44.879289,0.0],[25.998059,44.879297,0.0]]],"type":"MultiLineString"},"properties":{"tip_retea":"Gaze","stare":"Existent","operator":"Transgaz","adancime":null,"detalii":"Tehnologic - E.T. București","_s":{"f":"#ffc84f","fo":0.0,"s":"#ffc84f","so":1.0,"w":3.78,"r":5.0,"cap":"square","join":"bevel"},"_c":7}},{"type":"Feature","geometry":{"coordinates":[[[25.998045,44.879281,0.0],[25.998033,44.879287,0.0],[25.998045,44.8793,0.0],[25.998056,44.879295,0.0],[25.998058,44.879297,0.0]]],"type":"MultiLineString"},"properties":{"tip_retea":"Gaze","stare":"Existent","operator":"Transgaz","adancime":null,"detalii":"Tehnologic - E.T. București","_s":{"f":"#ffc84f","fo":0.0,"s":"#ffc84f","so":1.0,"w":3.78,"r":5.0,"cap":"square","join":"bevel"},"_c":7}},{"type":"Feature","geometry":{"coordinates":[[[25.997808,44.879363,0.0],[25.997851,44.879344,0.0]]],"type":"MultiLineString"},"properties":{"tip_retea":"Gaze","stare":"Existent","operator":"Transgaz","adancime":null,"detalii":"Tehnologic - E.T. București","_s":{"f":"#ffc84f","fo":0.0,"s":"#ffc84f","so":1.0,"w":3.78,"r":5.0,"cap":"square","join":"bevel"},"_c":7}},{"type":"Feature","geometry":{"coordinates":[[[25.997814,44.87936,0.0],[25.997839,44.87941,0.0]]],"type":"MultiLineString"},"properties":{"tip_retea":"Gaze","stare":"Existent","operator":"Transgaz","adancime":null,"detalii":"Tehnologic - E.T. București","_s":{"f":"#ffc84f","fo":0.0,"s":"#ffc84f","so":1.0,"w":3.78,"r":5.0,"cap":"square","join":"bevel"},"_c":7}},{"type":"Feature","geometry":{"coordinates":[[[25.997859,44.879383,0.0],[25.997865,44.87939,0.0],[25.997914,44.879448,0.0]]],"type":"MultiLineString"},"properties":{"tip_retea":"Gaze","stare":"Existent","operator":"Transgaz","adancime":null,"detalii":"Tehnologic - E.T. București","_s":{"f":"#ffc84f","fo":0.0,"s":"#ffc84f","so":1.0,"w":3.78,"r":5.0,"cap":"square","join":"bevel"},"_c":7}},{"type":"Feature","geometry":{"coordinates":[[[25.997914,44.879448,0.0],[25.997921,44.879456,0.0],[25.997924,44.879468,0.0],[25.997963,44.879514,0.0],[25.997982,44.879537,0.0],[25.998001,44.87956,0.0],[25.99802,44.879582,0.0],[25.998042,44.879573,0.0],[25.998004,44.879527,0.0],[25.998048,44.879508,0.0]]],"type":"MultiLineString"},"properties":{"tip_retea":"Gaze","stare":"Existent","operator":"Transgaz","adancime":null,"detalii":"Tehnologic - E.T. București","_s":{"f":"#ffc84f","fo":0.0,"s":"#ffc84f","so":1.0,"w":3.78,"r":5.0,"cap":"square","join":"bevel"},"_c":7}},{"type":"Feature","geometry":{"coordinates":[[[25.998028,44.879261,0.0],[25.998079,44.879239,0.0],[25.998093,44.879255,0.0],[25.998103,44.879267,0.0],[25.99811,44.879275,0.0]]],"type":"MultiLineString"},"properties":{"tip_retea":"Gaze","stare":"Existent","operator":"Transgaz","adancime":null,"detalii":"Tehnologic - E.T. București","_s":{"f":"#ffc84f","fo":0.0,"s":"#ffc84f","so":1.0,"w":3.78,"r":5.0,"cap":"square","join":"bevel"},"_c":7}},{"type":"Feature","geometry":{"coordinates":[[[25.998001,44.87956,0.0],[25.99799,44.879565,0.0],[25.997958,44.879579,0.0],[25.997847,44.879456,0.0],[25.997802,44.879382,0.0],[25.997854,44.879359,0.0],[25.997844,44.879347,0.0]]],"type":"MultiLineString"},"properties":{"tip_retea":"Gaze","stare":"Existent","operator":"Transgaz","adancime":null,"detalii":"Tehnologic - E.T. București","_s":{"f":"#ffc84f","fo":0.0,"s":"#ffc84f","so":1.0,"w":3.78,"r":5.0,"cap":"square","join":"bevel"},"_c":7}},{"type":"Feature","geometry":{"coordinates":[[[25.706829,45.083903,0.0],[25.706937,45.083631,0.0],[25.707139,45.083432,0.0],[25.707314,45.083248,0.0],[25.70748,45.083192,0.0]]],"type":"MultiLineString"},"properties":{"tip_retea":"Gaze","stare":"Existent","operator":"Transgaz","adancime":null,"detalii":"Tehnologic - E.T. București","_s":{"f":"#ffc84f","fo":0.0,"s":"#ffc84f","so":1.0,"w":3.78,"r":5.0,"cap":"square","join":"bevel"},"_c":7}},{"type":"Feature","geometry":{"coordinates":[[[25.704648,45.086855,0.0],[25.705141,45.086235,0.0]]],"type":"MultiLineString"},"properties":{"tip_retea":"Gaze","stare":"Existent","operator":"Transgaz","adancime":null,"detalii":"Tehnologic - E.T. București","_s":{"f":"#ffc84f","fo":0.0,"s":"#ffc84f","so":1.0,"w":3.78,"r":5.0,"cap":"square","join":"bevel"},"_c":7}},{"type":"Feature","geometry":{"coordinates":[[[25.621638,45.27984,0.0],[25.621624,45.279838,0.0],[25.621605,45.279835,0.0],[25.621602,45.279844,0.0]]],"type":"MultiLineString"},"properties":{"tip_retea":"Gaze","stare":"Existent","operator":"Transgaz","adancime":null,"detalii":"Tehnologic - E.T. București","_s":{"f":"#ffc84f","fo":0.0,"s":"#ffc84f","so":1.0,"w":3.78,"r":5.0,"cap":"square","join":"bevel"},"_c":7}},{"type":"Feature","geometry":{"coordinates":[[[25.621602,45.279844,0.0],[25.621593,45.279842,0.0],[25.621591,45.279846,0.0],[25.621572,45.279895,0.0],[25.62157,45.2799,0.0],[25.621562,45.279898,0.0],[25.621562,45.279898,0.0]]],"type":"MultiLineString"},"properties":{"tip_retea":"Gaze","stare":"Existent","operator":"Transgaz","adancime":null,"detalii":"Tehnologic - E.T. București","_s":{"f":"#ffc84f","fo":0.0,"s":"#ffc84f","so":1.0,"w":3.78,"r":5.0,"cap":"square","join":"bevel"},"_c":7}},{"type":"Feature","geometry":{"coordinates":[[[25.621602,45.279844,0.0],[25.621611,45.279846,0.0],[25.621609,45.27985,0.0],[25.62159,45.279899,0.0],[25.621589,45.279903,0.0],[25.621579,45.279902,0.0],[25.62157,45.2799,0.0]]],"type":"MultiLineString"},"properties":{"tip_retea":"Gaze","stare":"Existent","operator":"Transgaz","adancime":null,"detalii":"Tehnologic - E.T. București","_s":{"f":"#ffc84f","fo":0.0,"s":"#ffc84f","so":1.0,"w":3.78,"r":5.0,"cap":"square","join":"bevel"},"_c":7}},{"type":"Feature","geometry":{"coordinates":[[[25.62149,45.280034,0.0],[25.621473,45.280031,0.0],[25.621457,45.280029,0.0],[25.621435,45.280025,0.0],[25.621401,45.280127,0.0],[25.621365,45.280233,0.0],[25.621396,45.280238,0.0],[25.62142,45.280242,0.0]]],"type":"MultiLineString"},"properties":{"tip_retea":"Gaze","stare":"Existent","operator":"Transgaz","adancime":null,"detalii":"Tehnologic - E.T. București","_s":{"f":"#ffc84f","fo":0.0,"s":"#ffc84f","so":1.0,"w":3.78,"r":5.0,"cap":"square","join":"bevel"},"_c":7}},{"type":"Feature","geometry":{"coordinates":[[[25.621292,45.280266,0.0],[25.621304,45.280269,0.0],[25.621325,45.280272,0.0],[25.621336,45.280274,0.0],[25.621367,45.280183,0.0],[25.621408,45.280063,0.0],[25.621388,45.280059,0.0],[25.621369,45.280056,0.0]]],"type":"MultiLineString"},"properties":{"tip_retea":"Gaze","stare":"Existent","operator":"Transgaz","adancime":null,"detalii":"Tehnologic - E.T. București","_s":{"f":"#ffc84f","fo":0.0,"s":"#ffc84f","so":1.0,"w":3.78,"r":5.0,"cap":"square","join":"bevel"},"_c":7}},{"type":"Feature","geometry":{"coordinates":[[[25.97672,44.964779,0.0],[25.976983,44.964703,0.0],[25.977098,44.96467,0.0],[25.977257,44.964826,0.0],[25.977998,44.965552,0.0],[25.97801,44.965564,0.0]]],"type":"MultiLineString"},"properties":{"tip_retea":"Gaze","stare":"Existent","operator":"Transgaz","adancime":null,"detalii":"Tehnologic - E.T. București","_s":{"f":"#ffc84f","fo":0.0,"s":"#ffc84f","so":1.0,"w":3.78,"r":5.0,"cap":"square","join":"bevel"},"_c":7}},{"type":"Feature","geometry":{"coordinates":[[[25.942478,44.961448,0.0],[25.942449,44.961443,0.0],[25.940985,44.9612,0.0],[25.939175,44.96089,0.0],[25.939137,44.960883,0.0]]],"type":"MultiLineString"},"properties":{"tip_retea":"Gaze","stare":"Existent","operator":"Transgaz","adancime":null,"detalii":"Tehnologic - E.T. București","_s":{"f":"#ffc84f","fo":0.0,"s":"#ffc84f","so":1.0,"w":3.78,"r":5.0,"cap":"square","join":"bevel"},"_c":7}},{"type":"Feature","geometry":{"coordinates":[[[26.013334,44.884621,0.0],[26.013381,44.884587,0.0]]],"type":"MultiLineString"},"properties":{"tip_retea":"Gaze","stare":"Existent","operator":"Transgaz","adancime":null,"detalii":"Tehnologic - E.T. București","_s":{"f":"#ffc84f","fo":0.0,"s":"#ffc84f","so":1.0,"w":3.78,"r":5.0,"cap":"square","join":"bevel"},"_c":7}},{"type":"Feature","geometry":{"coordinates":[[[25.852707,44.85265,0.0],[25.852709,44.852646,0.0],[25.852712,44.852639,0.0],[25.852728,44.852606,0.0],[25.852731,44.8526,0.0],[25.852738,44.852585,0.0],[25.852768,44.852522,0.0],[25.852779,44.852501,0.0],[25.852784,44.852489,0.0],[25.852802,44.852452,0.0],[25.85278,44.852446,0.0],[25.852746,44.852438,0.0],[25.85273,44.852434,0.0],[25.852718,44.852431,0.0],[25.852703,44.852428,0.0],[25.852684,44.852423,0.0],[25.852671,44.85242,0.0],[25.852659,44.852417,0.0],[25.852645,44.852414,0.0],[25.852608,44.852405,0.0],[25.852591,44.852401,0.0],[25.852596,44.852391,0.0]]],"type":"MultiLineString"},"properties":{"tip_retea":"Gaze","stare":"Existent","operator":"Transgaz","adancime":null,"detalii":"Tehnologic - E.T. București","_s":{"f":"#ffc84f","fo":0.0,"s":"#ffc84f","so":1.0,"w":3.78,"r":5.0,"cap":"square","join":"bevel"},"_c":7}},{"type":"Feature","geometry":{"coordinates":[[[25.852731,44.8526,0.0],[25.852716,44.852596,0.0],[25.852714,44.852596,0.0],[25.852713,44.852595,0.0],[25.852712,44.852594,0.0],[25.852711,44.852593,0.0],[25.85271,44.852592,0.0],[25.85271,44.852591,0.0],[25.85271,44.85259,0.0],[25.85271,44.852589,0.0],[25.85271,44.852588,0.0],[25.852713,44.852582,0.0],[25.852723,44.852561,0.0],[25.852749,44.852507,0.0],[25.852751,44.852502,0.0],[25.852752,44.852501,0.0],[25.852753,44.852499,0.0],[25.852754,44.852498,0.0],[25.852756,44.852497,0.0],[25.852758,44.852497,0.0],[25.85276,44.852497,0.0],[25.852762,44.852497,0.0],[25.852764,44.852497,0.0],[25.852779,44.852501,0.0]]],"type":"MultiLineString"},"properties":{"tip_retea":"Gaze","stare":"Existent","operator":"Transgaz","adancime":null,"detalii":"Tehnologic - E.T. București","_s":{"f":"#ffc84f","fo":0.0,"s":"#ffc84f","so":1.0,"w":3.78,"r":5.0,"cap":"square","join":"bevel"},"_c":7}},{"type":"Feature","geometry":{"coordinates":[[[25.85278,44.852446,0.0],[25.852785,44.852434,0.0],[25.852789,44.852427,0.0],[25.852772,44.852423,0.0],[25.852755,44.852419,0.0],[25.852752,44.852426,0.0],[25.852746,44.852438,0.0]]],"type":"MultiLineString"},"properties":{"tip_retea":"Gaze","stare":"Existent","operator":"Transgaz","adancime":null,"detalii":"Tehnologic - E.T. București","_s":{"f":"#ffc84f","fo":0.0,"s":"#ffc84f","so":1.0,"w":3.78,"r":5.0,"cap":"square","join":"bevel"},"_c":7}},{"type":"Feature","geometry":{"coordinates":[[[25.851984,44.852316,0.0],[25.852013,44.852303,0.0],[25.852217,44.852209,0.0],[25.852257,44.852191,0.0],[25.852335,44.852002,0.0],[25.852475,44.851667,0.0],[25.852642,44.851264,0.0],[25.852665,44.85122,0.0],[25.852805,44.851175,0.0],[25.853078,44.851089,0.0],[25.853202,44.850947,0.0],[25.853724,44.850336,0.0]]],"type":"MultiLineString"},"properties":{"tip_retea":"Gaze","stare":"Existent","operator":"Transgaz","adancime":null,"detalii":"Tehnologic - E.T. București","_s":{"f":"#ffc84f","fo":0.0,"s":"#ffc84f","so":1.0,"w":3.78,"r":5.0,"cap":"square","join":"bevel"},"_c":7}},{"type":"Feature","geometry":{"coordinates":[[[25.85273,44.852434,0.0],[25.852739,44.852415,0.0],[25.852739,44.852414,0.0],[25.85274,44.852413,0.0],[25.852739,44.852411,0.0],[25.852738,44.85241,0.0],[25.852737,44.852409,0.0],[25.852736,44.852408,0.0],[25.852734,44.852407,0.0],[25.852733,44.852407,0.0],[25.852684,44.852395,0.0],[25.85262,44.852379,0.0],[25.852603,44.852375,0.0],[25.852596,44.852391,0.0]]],"type":"MultiLineString"},"properties":{"tip_retea":"Gaze","stare":"Existent","operator":"Transgaz","adancime":null,"detalii":"Tehnologic - E.T. București","_s":{"f":"#ffc84f","fo":0.0,"s":"#ffc84f","so":1.0,"w":3.78,"r":5.0,"cap":"square","join":"bevel"},"_c":7}},{"type":"Feature","geometry":{"coordinates":[[[25.852596,44.852391,0.0],[25.852553,44.852381,0.0]]],"type":"MultiLineString"},"properties":{"tip_retea":"Gaze","stare":"Existent","operator":"Transgaz","adancime":null,"detalii":"Tehnologic - E.T. București","_s":{"f":"#ffc84f","fo":0.0,"s":"#ffc84f","so":1.0,"w":3.78,"r":5.0,"cap":"square","join":"bevel"},"_c":7}},{"type":"Feature","geometry":{"coordinates":[[[25.852684,44.852423,0.0],[25.852691,44.852409,0.0],[25.852716,44.852355,0.0],[25.852742,44.852302,0.0],[25.852752,44.852282,0.0]]],"type":"MultiLineString"},"properties":{"tip_retea":"Gaze","stare":"Existent","operator":"Transgaz","adancime":null,"detalii":"Tehnologic - E.T. București","_s":{"f":"#ffc84f","fo":0.0,"s":"#ffc84f","so":1.0,"w":3.78,"r":5.0,"cap":"square","join":"bevel"},"_c":7}},{"type":"Feature","geometry":{"coordinates":[[[25.852659,44.852417,0.0],[25.852709,44.852313,0.0],[25.852727,44.852276,0.0]]],"type":"MultiLineString"},"properties":{"tip_retea":"Gaze","stare":"Existent","operator":"Transgaz","adancime":null,"detalii":"Tehnologic - E.T. București","_s":{"f":"#ffc84f","fo":0.0,"s":"#ffc84f","so":1.0,"w":3.78,"r":5.0,"cap":"square","join":"bevel"},"_c":7}},{"type":"Feature","geometry":{"coordinates":[[[25.852671,44.85242,0.0],[25.852647,44.85247,0.0],[25.85264,44.852484,0.0],[25.852632,44.852501,0.0],[25.852624,44.852518,0.0],[25.852616,44.852535,0.0]]],"type":"MultiLineString"},"properties":{"tip_retea":"Gaze","stare":"Existent","operator":"Transgaz","adancime":null,"detalii":"Tehnologic - E.T. București","_s":{"f":"#ffc84f","fo":0.0,"s":"#ffc84f","so":1.0,"w":3.78,"r":5.0,"cap":"square","join":"bevel"},"_c":7}},{"type":"Feature","geometry":{"coordinates":[[[25.852573,44.852524,0.0],[25.852581,44.852508,0.0],[25.852589,44.852491,0.0],[25.852597,44.852474,0.0],[25.852604,44.852459,0.0],[25.852617,44.852432,0.0],[25.852625,44.852416,0.0],[25.852655,44.852354,0.0],[25.852657,44.85235,0.0],[25.852659,44.852345,0.0],[25.852659,44.852343,0.0],[25.852659,44.852341,0.0],[25.852659,44.85234,0.0],[25.852658,44.852338,0.0],[25.852636,44.852306,0.0],[25.852636,44.852305,0.0],[25.852635,44.852305,0.0],[25.852635,44.852304,0.0],[25.852635,44.852303,0.0],[25.852635,44.852302,0.0],[25.852635,44.852301,0.0],[25.852635,44.8523,0.0],[25.852635,44.8523,0.0],[25.852635,44.852299,0.0],[25.852644,44.85228,0.0],[25.852655,44.852258,0.0]]],"type":"MultiLineString"},"properties":{"tip_retea":"Gaze","stare":"Existent","operator":"Transgaz","adancime":null,"detalii":"Tehnologic - E.T. București","_s":{"f":"#ffc84f","fo":0.0,"s":"#ffc84f","so":1.0,"w":3.78,"r":5.0,"cap":"square","join":"bevel"},"_c":7}},{"type":"Feature","geometry":{"coordinates":[[[25.852616,44.852535,0.0],[25.852595,44.85253,0.0],[25.852573,44.852524,0.0]]],"type":"MultiLineString"},"properties":{"tip_retea":"Gaze","stare":"Existent","operator":"Transgaz","adancime":null,"detalii":"Tehnologic - E.T. București","_s":{"f":"#ffc84f","fo":0.0,"s":"#ffc84f","so":1.0,"w":3.78,"r":5.0,"cap":"square","join":"bevel"},"_c":7}},{"type":"Feature","geometry":{"coordinates":[[[25.852581,44.852508,0.0],[25.852624,44.852518,0.0]]],"type":"MultiLineString"},"properties":{"tip_retea":"Gaze","stare":"Existent","operator":"Transgaz","adancime":null,"detalii":"Tehnologic - E.T. București","_s":{"f":"#ffc84f","fo":0.0,"s":"#ffc84f","so":1.0,"w":3.78,"r":5.0,"cap":"square","join":"bevel"},"_c":7}},{"type":"Feature","geometry":{"coordinates":[[[25.852589,44.852491,0.0],[25.852632,44.852501,0.0]]],"type":"MultiLineString"},"properties":{"tip_retea":"Gaze","stare":"Existent","operator":"Transgaz","adancime":null,"detalii":"Tehnologic - E.T. București","_s":{"f":"#ffc84f","fo":0.0,"s":"#ffc84f","so":1.0,"w":3.78,"r":5.0,"cap":"square","join":"bevel"},"_c":7}},{"type":"Feature","geometry":{"coordinates":[[[25.852597,44.852474,0.0],[25.85264,44.852484,0.0]]],"type":"MultiLineString"},"properties":{"tip_retea":"Gaze","stare":"Existent","operator":"Transgaz","adancime":null,"detalii":"Tehnologic - E.T. București","_s":{"f":"#ffc84f","fo":0.0,"s":"#ffc84f","so":1.0,"w":3.78,"r":5.0,"cap":"square","join":"bevel"},"_c":7}},{"type":"Feature","geometry":{"coordinates":[[[25.852538,44.852413,0.0],[25.852581,44.852424,0.0],[25.852597,44.852428,0.0],[25.852617,44.852432,0.0]]],"type":"MultiLineString"},"properties":{"tip_retea":"Gaze","stare":"Existent","operator":"Transgaz","adancime":null,"detalii":"Tehnologic - E.T. București","_s":{"f":"#ffc84f","fo":0.0,"s":"#ffc84f","so":1.0,"w":3.78,"r":5.0,"cap":"square","join":"bevel"},"_c":7}},{"type":"Feature","geometry":{"coordinates":[[[25.852667,44.852261,0.0],[25.852663,44.852269,0.0],[25.852662,44.852272,0.0],[25.852662,44.852273,0.0],[25.852662,44.852273,0.0],[25.852662,44.852273,0.0],[25.852662,44.852274,0.0],[25.852662,44.852274,0.0],[25.852662,44.852275,0.0],[25.852663,44.852275,0.0],[25.852663,44.852275,0.0],[25.852664,44.852275,0.0],[25.852664,44.852276,0.0],[25.852684,44.85228,0.0],[25.852705,44.852285,0.0],[25.852705,44.852285,0.0],[25.852706,44.852285,0.0],[25.852706,44.852285,0.0],[25.852707,44.852285,0.0],[25.852707,44.852285,0.0],[25.852708,44.852285,0.0],[25.852708,44.852285,0.0],[25.852709,44.852284,0.0],[25.852709,44.852284,0.0],[25.852709,44.852284,0.0],[25.852711,44.852281,0.0],[25.852714,44.852273,0.0]]],"type":"MultiLineString"},"properties":{"tip_retea":"Gaze","stare":"Existent","operator":"Transgaz","adancime":null,"detalii":"Tehnologic - E.T. București","_s":{"f":"#ffc84f","fo":0.0,"s":"#ffc84f","so":1.0,"w":3.78,"r":5.0,"cap":"square","join":"bevel"},"_c":7}},{"type":"Feature","geometry":{"coordinates":[[[25.852559,44.85237,0.0],[25.852568,44.852372,0.0],[25.852569,44.852372,0.0],[25.852569,44.852372,0.0],[25.85257,44.852372,0.0],[25.852571,44.852372,0.0],[25.852572,44.852372,0.0],[25.852573,44.852371,0.0],[25.852574,44.852371,0.0],[25.852574,44.852371,0.0],[25.852575,44.85237,0.0],[25.852575,44.85237,0.0],[25.852576,44.852369,0.0],[25.852576,44.852369,0.0],[25.852579,44.852363,0.0],[25.8526,44.85232,0.0],[25.85262,44.852277,0.0],[25.852624,44.852269,0.0],[25.852625,44.852268,0.0],[25.852625,44.852267,0.0],[25.852625,44.852267,0.0],[25.852625,44.852266,0.0],[25.852625,44.852266,0.0],[25.852624,44.852265,0.0],[25.852624,44.852264,0.0],[25.852624,44.852264,0.0],[25.852623,44.852263,0.0],[25.852622,44.852263,0.0],[25.852622,44.852263,0.0],[25.852621,44.852262,0.0],[25.85262,44.852262,0.0],[25.85262,44.852262,0.0],[25.852611,44.85226,0.0]]],"type":"MultiLineString"},"properties":{"tip_retea":"Gaze","stare":"Existent","operator":"Transgaz","adancime":null,"detalii":"Tehnologic - E.T. București","_s":{"f":"#ffc84f","fo":0.0,"s":"#ffc84f","so":1.0,"w":3.78,"r":5.0,"cap":"square","join":"bevel"},"_c":7}},{"type":"Feature","geometry":{"coordinates":[[[25.852684,44.85228,0.0],[25.852681,44.852287,0.0],[25.852678,44.852293,0.0],[25.85266,44.852331,0.0]]],"type":"MultiLineString"},"properties":{"tip_retea":"Gaze","stare":"Existent","operator":"Transgaz","adancime":null,"detalii":"Tehnologic - E.T. București","_s":{"f":"#ffc84f","fo":0.0,"s":"#ffc84f","so":1.0,"w":3.78,"r":5.0,"cap":"square","join":"bevel"},"_c":7}},{"type":"Feature","geometry":{"coordinates":[[[25.852591,44.852303,0.0],[25.852627,44.852312,0.0],[25.852625,44.852317,0.0],[25.852623,44.852322,0.0],[25.85266,44.852331,0.0],[25.852666,44.852332,0.0],[25.852676,44.852335,0.0],[25.852685,44.852337,0.0],[25.85287,44.852382,0.0],[25.852906,44.852307,0.0],[25.852907,44.852306,0.0],[25.852907,44.852306,0.0],[25.852907,44.852306,0.0],[25.852908,44.852305,0.0],[25.852908,44.852305,0.0],[25.852909,44.852305,0.0],[25.85291,44.852305,0.0],[25.85291,44.852305,0.0],[25.852911,44.852305,0.0],[25.852911,44.852305,0.0],[25.852913,44.852306,0.0]]],"type":"MultiLineString"},"properties":{"tip_retea":"Gaze","stare":"Existent","operator":"Transgaz","adancime":null,"detalii":"Tehnologic - E.T. București","_s":{"f":"#ffc84f","fo":0.0,"s":"#ffc84f","so":1.0,"w":3.78,"r":5.0,"cap":"square","join":"bevel"},"_c":7}},{"type":"Feature","geometry":{"coordinates":[[[25.852623,44.852322,0.0],[25.852619,44.852329,0.0],[25.852617,44.852334,0.0],[25.852614,44.852339,0.0],[25.852657,44.85235,0.0]]],"type":"MultiLineString"},"properties":{"tip_retea":"Gaze","stare":"Existent","operator":"Transgaz","adancime":null,"detalii":"Tehnologic - E.T. București","_s":{"f":"#ffc84f","fo":0.0,"s":"#ffc84f","so":1.0,"w":3.78,"r":5.0,"cap":"square","join":"bevel"},"_c":7}},{"type":"Feature","geometry":{"coordinates":[[[25.85274,44.852654,0.0],[25.852744,44.852646,0.0],[25.852754,44.852625,0.0],[25.852766,44.8526,0.0],[25.85287,44.852382,0.0]]],"type":"MultiLineString"},"properties":{"tip_retea":"Gaze","stare":"Existent","operator":"Transgaz","adancime":null,"detalii":"Tehnologic - E.T. București","_s":{"f":"#ffc84f","fo":0.0,"s":"#ffc84f","so":1.0,"w":3.78,"r":5.0,"cap":"square","join":"bevel"},"_c":7}},{"type":"Feature","geometry":{"coordinates":[[[25.852762,44.852615,0.0],[25.852759,44.852622,0.0],[25.852757,44.852626,0.0],[25.852754,44.852625,0.0]]],"type":"MultiLineString"},"properties":{"tip_retea":"Gaze","stare":"Existent","operator":"Transgaz","adancime":null,"detalii":"Tehnologic - E.T. București","_s":{"f":"#ffc84f","fo":0.0,"s":"#ffc84f","so":1.0,"w":3.78,"r":5.0,"cap":"square","join":"bevel"},"_c":7}},{"type":"Feature","geometry":{"coordinates":[[[25.852791,44.852449,0.0],[25.852795,44.85244,0.0],[25.852792,44.85244,0.0],[25.852791,44.852443,0.0],[25.852782,44.852461,0.0],[25.852782,44.852462,0.0],[25.852782,44.852462,0.0],[25.852781,44.852462,0.0],[25.852781,44.852462,0.0],[25.852781,44.852462,0.0],[25.85278,44.852462,0.0],[25.85278,44.852462,0.0],[25.852562,44.85241,0.0],[25.852562,44.852409,0.0],[25.852561,44.852409,0.0],[25.852561,44.85241,0.0],[25.85256,44.85241,0.0],[25.85256,44.85241,0.0],[25.85256,44.85241,0.0],[25.85256,44.85241,0.0],[25.852544,44.852443,0.0],[25.852542,44.852447,0.0],[25.852547,44.852448,0.0],[25.852545,44.852452,0.0],[25.852543,44.852456,0.0],[25.852538,44.852455,0.0],[25.852537,44.852458,0.0],[25.852536,44.85246,0.0]]],"type":"MultiLineString"},"properties":{"tip_retea":"Gaze","stare":"Existent","operator":"Transgaz","adancime":null,"detalii":"Tehnologic - E.T. București","_s":{"f":"#ffc84f","fo":0.0,"s":"#ffc84f","so":1.0,"w":3.78,"r":5.0,"cap":"square","join":"bevel"},"_c":7}},{"type":"Feature","geometry":{"coordinates":[[[25.852542,44.852447,0.0],[25.852537,44.852445,0.0],[25.852535,44.852449,0.0],[25.852533,44.852454,0.0],[25.852538,44.852455,0.0]]],"type":"MultiLineString"},"properties":{"tip_retea":"Gaze","stare":"Existent","operator":"Transgaz","adancime":null,"detalii":"Tehnologic - E.T. București","_s":{"f":"#ffc84f","fo":0.0,"s":"#ffc84f","so":1.0,"w":3.78,"r":5.0,"cap":"square","join":"bevel"},"_c":7}},{"type":"Feature","geometry":{"coordinates":[[[25.852536,44.85246,0.0],[25.852534,44.852463,0.0],[25.852533,44.852467,0.0],[25.852545,44.85247,0.0],[25.852546,44.85247,0.0],[25.852546,44.85247,0.0],[25.852546,44.85247,0.0],[25.852547,44.85247,0.0],[25.852547,44.852469,0.0],[25.852547,44.852469,0.0],[25.852548,44.852469,0.0],[25.852614,44.85233,0.0],[25.852614,44.852329,0.0],[25.852615,44.852329,0.0],[25.852615,44.852329,0.0],[25.852615,44.852329,0.0],[25.852616,44.852329,0.0],[25.852616,44.852329,0.0],[25.852619,44.852329,0.0]]],"type":"MultiLineString"},"properties":{"tip_retea":"Gaze","stare":"Existent","operator":"Transgaz","adancime":null,"detalii":"Tehnologic - E.T. București","_s":{"f":"#ffc84f","fo":0.0,"s":"#ffc84f","so":1.0,"w":3.78,"r":5.0,"cap":"square","join":"bevel"},"_c":7}},{"type":"Feature","geometry":{"coordinates":[[[25.838957,44.86499,0.0],[25.838965,44.86499,0.0],[25.838993,44.86499,0.0]]],"type":"MultiLineString"},"properties":{"tip_retea":"Gaze","stare":"Existent","operator":"Transgaz","adancime":null,"detalii":"Tehnologic - E.T. București","_s":{"f":"#ffc84f","fo":0.0,"s":"#ffc84f","so":1.0,"w":3.78,"r":5.0,"cap":"square","join":"bevel"},"_c":7}},{"type":"Feature","geometry":{"coordinates":[[[26.062083,44.954471,0.0],[26.06208,44.95447,0.0],[26.062077,44.954469,0.0],[26.062074,44.954468,0.0],[26.062072,44.954467,0.0],[26.062048,44.954446,0.0],[26.061912,44.954329,0.0],[26.06189,44.954311,0.0],[26.061869,44.954292,0.0],[26.061849,44.954275,0.0],[26.061821,44.954251,0.0],[26.061791,44.954225,0.0],[26.061778,44.954215,0.0]]],"type":"MultiLineString"},"properties":{"tip_retea":"Gaze","stare":"Existent","operator":"Transgaz","adancime":null,"detalii":"Tehnologic - E.T. București","_s":{"f":"#ffc84f","fo":0.0,"s":"#ffc84f","so":1.0,"w":3.78,"r":5.0,"cap":"square","join":"bevel"},"_c":7}},{"type":"Feature","geometry":{"coordinates":[[[26.061738,44.954339,0.0],[26.061744,44.954342,0.0],[26.061775,44.954361,0.0],[26.061818,44.954352,0.0],[26.061822,44.954352,0.0],[26.061826,44.954352,0.0],[26.06183,44.954352,0.0],[26.061834,44.954352,0.0],[26.061838,44.954353,0.0],[26.061841,44.954354,0.0],[26.061845,44.954355,0.0],[26.061848,44.954357,0.0],[26.06185,44.954358,0.0],[26.061912,44.954388,0.0],[26.061921,44.954391,0.0],[26.061931,44.954394,0.0],[26.061941,44.954395,0.0],[26.061952,44.954395,0.0],[26.061969,44.954395,0.0],[26.061977,44.954395,0.0],[26.061984,44.954396,0.0],[26.061992,44.954396,0.0],[26.061999,44.954397,0.0],[26.062597,44.95449,0.0],[26.063234,44.954588,0.0],[26.063887,44.954688,0.0],[26.064865,44.954821,0.0],[26.0652,44.954866,0.0],[26.065536,44.954912,0.0],[26.066201,44.954939,0.0],[26.067656,44.954937,0.0],[26.068599,44.954936,0.0],[26.06968,44.954913,0.0],[26.070804,44.954889,0.0],[26.071257,44.954871,0.0],[26.072248,44.954831,0.0],[26.072401,44.954825,0.0],[26.072407,44.954823,0.0],[26.072412,44.954819,0.0],[26.072414,44.954814,0.0],[26.072415,44.95481,0.0],[26.072397,44.95468,0.0],[26.072387,44.954605,0.0],[26.072379,44.954546,0.0],[26.072365,44.954442,0.0],[26.072355,44.954362,0.0],[26.072341,44.954258,0.0],[26.07236,44.954181,0.0],[26.072361,44.954179,0.0],[26.072363,44.954177,0.0],[26.072365,44.954175,0.0],[26.072368,44.954174,0.0],[26.07237,44.954173,0.0],[26.072372,44.954173,0.0],[26.072774,44.954162,0.0],[26.073704,44.954138,0.0],[26.074927,44.954113,0.0],[26.075152,44.954108,0.0]]],"type":"MultiLineString"},"properties":{"tip_retea":"Gaze","stare":"Existent","operator":"Transgaz","adancime":null,"detalii":"Tehnologic - E.T. București","_s":{"f":"#ffc84f","fo":0.0,"s":"#ffc84f","so":1.0,"w":3.78,"r":5.0,"cap":"square","join":"bevel"},"_c":7}},{"type":"Feature","geometry":{"coordinates":[[[26.061662,44.954027,0.0],[26.061571,44.953951,0.0],[26.061503,44.953993,0.0],[26.061423,44.954041,0.0],[26.061401,44.954055,0.0],[26.061389,44.954062,0.0],[26.061386,44.954064,0.0],[26.061395,44.954071,0.0],[26.061476,44.954134,0.0],[26.061537,44.954181,0.0],[26.061642,44.954263,0.0],[26.061679,44.954293,0.0],[26.061703,44.954311,0.0],[26.061738,44.954339,0.0]]],"type":"MultiLineString"},"properties":{"tip_retea":"Gaze","stare":"Existent","operator":"Transgaz","adancime":null,"detalii":"Tehnologic - E.T. București","_s":{"f":"#ffc84f","fo":0.0,"s":"#ffc84f","so":1.0,"w":3.78,"r":5.0,"cap":"square","join":"bevel"},"_c":7}},{"type":"Feature","geometry":{"coordinates":[[[25.621845,45.279217,0.0],[25.621867,45.27917,0.0],[25.621959,45.278974,0.0],[25.622058,45.278867,0.0],[25.622404,45.27865,0.0],[25.622566,45.278312,0.0],[25.622568,45.278302,0.0],[25.62188,45.27803,0.0],[25.621535,45.277968,0.0],[25.621329,45.277868,0.0],[25.620999,45.277657,0.0],[25.620886,45.277604,0.0],[25.620862,45.277593,0.0],[25.620831,45.277578,0.0],[25.620753,45.277542,0.0],[25.620393,45.277402,0.0],[25.620083,45.277165,0.0],[25.619768,45.276956,0.0],[25.619628,45.27684,0.0],[25.619179,45.276776,0.0],[25.619114,45.276723,0.0],[25.61898,45.276675,0.0],[25.618223,45.276419,0.0]]],"type":"MultiLineString"},"properties":{"tip_retea":"Gaze","stare":"Existent","operator":"Transgaz","adancime":null,"detalii":"Tehnologic - E.T. București","_s":{"f":"#ffc84f","fo":0.0,"s":"#ffc84f","so":1.0,"w":3.78,"r":5.0,"cap":"square","join":"bevel"},"_c":7}},{"type":"Feature","geometry":{"coordinates":[[[25.621569,45.279815,0.0],[25.621623,45.279679,0.0],[25.621642,45.279513,0.0],[25.621651,45.279437,0.0],[25.621654,45.279416,0.0],[25.621655,45.279412,0.0],[25.621657,45.279409,0.0],[25.621661,45.279407,0.0],[25.621666,45.279405,0.0],[25.621678,45.279403,0.0],[25.621823,45.279372,0.0],[25.621833,45.27937,0.0],[25.62184,45.279367,0.0],[25.621845,45.279363,0.0],[25.621848,45.279359,0.0],[25.621848,45.279354,0.0],[25.621847,45.279305,0.0],[25.621845,45.279217,0.0]]],"type":"MultiLineString"},"properties":{"tip_retea":"Gaze","stare":"Existent","operator":"Transgaz","adancime":null,"detalii":"Tehnologic - E.T. București","_s":{"f":"#ffc84f","fo":0.0,"s":"#ffc84f","so":1.0,"w":3.78,"r":5.0,"cap":"square","join":"bevel"},"_c":7}},{"type":"Feature","geometry":{"coordinates":[[[25.812677,44.920194,0.0],[25.812685,44.920197,0.0],[25.812692,44.9202,0.0],[25.812705,44.920185,0.0],[25.812717,44.920169,0.0],[25.812709,44.920166,0.0],[25.812702,44.920163,0.0]]],"type":"MultiLineString"},"properties":{"tip_retea":"Gaze","stare":"Existent","operator":"Transgaz","adancime":null,"detalii":"Tehnologic - E.T. București","_s":{"f":"#ffc84f","fo":0.0,"s":"#ffc84f","so":1.0,"w":3.78,"r":5.0,"cap":"square","join":"bevel"},"_c":7}},{"type":"Feature","geometry":{"coordinates":[[[25.863967,44.833325,0.0],[25.864005,44.833352,0.0],[25.864122,44.833432,0.0]]],"type":"MultiLineString"},"properties":{"tip_retea":"Gaze","stare":"Existent","operator":"Transgaz","adancime":null,"detalii":"Tehnologic - E.T. București","_s":{"f":"#ffc84f","fo":0.0,"s":"#ffc84f","so":1.0,"w":3.78,"r":5.0,"cap":"square","join":"bevel"},"_c":7}},{"type":"Feature","geometry":{"coordinates":[[[25.852794,44.852622,0.0],[25.852853,44.852496,0.0],[25.852891,44.852414,0.0],[25.852893,44.852409,0.0],[25.852894,44.852407,0.0],[25.852893,44.852405,0.0],[25.852892,44.852403,0.0],[25.852889,44.852401,0.0],[25.852872,44.852397,0.0],[25.85284,44.85239,0.0],[25.852809,44.852382,0.0],[25.85269,44.852353,0.0]]],"type":"MultiLineString"},"properties":{"tip_retea":"Gaze","stare":"Existent","operator":"Transgaz","adancime":null,"detalii":"Tehnologic - E.T. București","_s":{"f":"#ffc84f","fo":0.0,"s":"#ffc84f","so":1.0,"w":3.78,"r":5.0,"cap":"square","join":"bevel"},"_c":7}},{"type":"Feature","geometry":{"coordinates":[[[25.852872,44.852397,0.0],[25.852867,44.852408,0.0],[25.852862,44.852418,0.0],[25.852799,44.852403,0.0],[25.852804,44.852392,0.0],[25.852809,44.852382,0.0]]],"type":"MultiLineString"},"properties":{"tip_retea":"Gaze","stare":"Existent","operator":"Transgaz","adancime":null,"detalii":"Tehnologic - E.T. București","_s":{"f":"#ffc84f","fo":0.0,"s":"#ffc84f","so":1.0,"w":3.78,"r":5.0,"cap":"square","join":"bevel"},"_c":7}},{"type":"Feature","geometry":{"coordinates":[[[25.637455,45.134152,0.0],[25.637456,45.134156,0.0],[25.637458,45.13416,0.0],[25.637471,45.134158,0.0],[25.637485,45.134155,0.0],[25.637483,45.134151,0.0],[25.637481,45.134147,0.0]]],"type":"MultiLineString"},"properties":{"tip_retea":"Gaze","stare":"Existent","operator":"Transgaz","adancime":null,"detalii":"Tehnologic - E.T. București","_s":{"f":"#ffc84f","fo":0.0,"s":"#ffc84f","so":1.0,"w":3.78,"r":5.0,"cap":"square","join":"bevel"},"_c":7}},{"type":"Feature","geometry":{"coordinates":[[[25.633554,45.187341,0.0],[25.633569,45.187343,0.0],[25.633571,45.187335,0.0],[25.633573,45.187327,0.0],[25.633576,45.187319,0.0],[25.633578,45.187311,0.0],[25.633563,45.18731,0.0]]],"type":"MultiLineString"},"properties":{"tip_retea":"Gaze","stare":"Existent","operator":"Transgaz","adancime":null,"detalii":"Tehnologic - E.T. București","_s":{"f":"#ffc84f","fo":0.0,"s":"#ffc84f","so":1.0,"w":3.78,"r":5.0,"cap":"square","join":"bevel"},"_c":7}},{"type":"Feature","geometry":{"coordinates":[[[25.997105,44.980678,0.0],[25.997101,44.980682,0.0],[25.997092,44.980679,0.0],[25.997068,44.980666,0.0],[25.997035,44.980651,0.0],[25.997012,44.980641,0.0]]],"type":"MultiLineString"},"properties":{"tip_retea":"Gaze","stare":"Existent","operator":"Transgaz","adancime":null,"detalii":"Tehnologic - E.T. București","_s":{"f":"#ffc84f","fo":0.0,"s":"#ffc84f","so":1.0,"w":3.78,"r":5.0,"cap":"square","join":"bevel"},"_c":7}},{"type":"Feature","geometry":{"coordinates":[[[25.963349,44.958576,0.0],[25.963419,44.958568,0.0]]],"type":"MultiLineString"},"properties":{"tip_retea":"Gaze","stare":"Existent","operator":"Transgaz","adancime":null,"detalii":"Tehnologic - E.T. București","_s":{"f":"#ffc84f","fo":0.0,"s":"#ffc84f","so":1.0,"w":3.78,"r":5.0,"cap":"square","join":"bevel"},"_c":7}},{"type":"Feature","geometry":{"coordinates":[[[25.64839,45.193826,0.0],[25.648384,45.193836,0.0]]],"type":"MultiLineString"},"properties":{"tip_retea":"Gaze","stare":"Existent","operator":"Transgaz","adancime":null,"detalii":"Tehnologic - E.T. București","_s":{"f":"#ffc84f","fo":0.0,"s":"#ffc84f","so":1.0,"w":3.78,"r":5.0,"cap":"square","join":"bevel"},"_c":7}},{"type":"Feature","geometry":{"coordinates":[[[25.711792,45.135531,0.0],[25.711741,45.135563,0.0]]],"type":"MultiLineString"},"properties":{"tip_retea":"Gaze","stare":"Existent","operator":"Transgaz","adancime":null,"detalii":"Tehnologic - E.T. București","_s":{"f":"#ffc84f","fo":0.0,"s":"#ffc84f","so":1.0,"w":3.78,"r":5.0,"cap":"square","join":"bevel"},"_c":7}},{"type":"Feature","geometry":{"coordinates":[[[25.711792,45.135531,0.0],[25.711794,45.135529,0.0],[25.711797,45.135528,0.0],[25.711801,45.135525,0.0],[25.711935,45.135633,0.0]]],"type":"MultiLineString"},"properties":{"tip_retea":"Gaze","stare":"Existent","operator":"Transgaz","adancime":null,"detalii":"Tehnologic - E.T. București","_s":{"f":"#ffc84f","fo":0.0,"s":"#ffc84f","so":1.0,"w":3.78,"r":5.0,"cap":"square","join":"bevel"},"_c":7}},{"type":"Feature","geometry":{"coordinates":[[[25.74694,45.101057,0.0],[25.747423,45.101345,0.0]]],"type":"MultiLineString"},"properties":{"tip_retea":"Gaze","stare":"Existent","operator":"Transgaz","adancime":null,"detalii":"Tehnologic - E.T. București","_s":{"f":"#ffc84f","fo":0.0,"s":"#ffc84f","so":1.0,"w":3.78,"r":5.0,"cap":"square","join":"bevel"},"_c":7}},{"type":"Feature","geometry":{"coordinates":[[[26.028633,44.966114,0.0],[26.028633,44.966113,0.0],[26.028634,44.966105,0.0],[26.028634,44.966104,0.0],[26.028636,44.966103,0.0],[26.028638,44.966102,0.0],[26.028639,44.966102,0.0],[26.02865,44.966103,0.0],[26.02866,44.966104,0.0],[26.02867,44.966104,0.0],[26.02868,44.966105,0.0],[26.028682,44.966105,0.0],[26.028683,44.966106,0.0],[26.028685,44.966107,0.0],[26.028685,44.966108,0.0],[26.028685,44.966116,0.0],[26.028685,44.966117,0.0]]],"type":"MultiLineString"},"properties":{"tip_retea":"Gaze","stare":"Existent","operator":"Transgaz","adancime":null,"detalii":"Tehnologic - E.T. București","_s":{"f":"#ffc84f","fo":0.0,"s":"#ffc84f","so":1.0,"w":3.78,"r":5.0,"cap":"square","join":"bevel"},"_c":7}},{"type":"Feature","geometry":{"coordinates":[[[26.075349,44.951607,0.0],[26.075015,44.951594,0.0],[26.074992,44.951594,0.0]]],"type":"MultiLineString"},"properties":{"tip_retea":"Gaze","stare":"Existent","operator":"Transgaz","adancime":null,"detalii":"Tehnologic - E.T. București","_s":{"f":"#ffc84f","fo":0.0,"s":"#ffc84f","so":1.0,"w":3.78,"r":5.0,"cap":"square","join":"bevel"},"_c":7}},{"type":"Feature","geometry":{"coordinates":[[[25.959963,44.938103,0.0],[25.959994,44.938052,0.0],[25.960005,44.938034,0.0],[25.960026,44.937999,0.0],[25.960019,44.937993,0.0]]],"type":"MultiLineString"},"properties":{"tip_retea":"Gaze","stare":"Existent","operator":"Transgaz","adancime":null,"detalii":"Tehnologic - E.T. București","_s":{"f":"#ffc84f","fo":0.0,"s":"#ffc84f","so":1.0,"w":3.78,"r":5.0,"cap":"square","join":"bevel"},"_c":7}},{"type":"Feature","geometry":{"coordinates":[[[25.969585,44.921323,0.0],[25.9696,44.921306,0.0],[25.969622,44.921282,0.0],[25.969642,44.92126,0.0]]],"type":"MultiLineString"},"properties":{"tip_retea":"Gaze","stare":"Existent","operator":"Transgaz","adancime":null,"detalii":"Tehnologic - E.T. București","_s":{"f":"#ffc84f","fo":0.0,"s":"#ffc84f","so":1.0,"w":3.78,"r":5.0,"cap":"square","join":"bevel"},"_c":7}},{"type":"Feature","geometry":{"coordinates":[[[25.875754,44.861892,0.0],[25.875786,44.861903,0.0],[25.875798,44.861908,0.0],[25.87584,44.861926,0.0],[25.875866,44.86194,0.0],[25.875883,44.861955,0.0],[25.875898,44.861972,0.0],[25.875907,44.861983,0.0],[25.875914,44.861994,0.0],[25.875918,44.862001,0.0]]],"type":"MultiLineString"},"properties":{"tip_retea":"Gaze","stare":"Existent","operator":"Transgaz","adancime":null,"detalii":"Tehnologic - E.T. București","_s":{"f":"#ffc84f","fo":0.0,"s":"#ffc84f","so":1.0,"w":3.78,"r":5.0,"cap":"square","join":"bevel"},"_c":7}},{"type":"Feature","geometry":{"coordinates":[[[25.875549,44.862162,0.0],[25.875589,44.8622,0.0],[25.875641,44.862252,0.0],[25.875653,44.862264,0.0],[25.875669,44.862274,0.0],[25.875691,44.862284,0.0],[25.875716,44.86229,0.0],[25.87577,44.8623,0.0],[25.875799,44.862305,0.0],[25.875805,44.862305,0.0],[25.87581,44.862304,0.0],[25.875843,44.862294,0.0],[25.875869,44.862285,0.0],[25.875878,44.862282,0.0],[25.875886,44.862277,0.0],[25.875908,44.862252,0.0],[25.875937,44.862219,0.0],[25.875938,44.862187,0.0]]],"type":"MultiLineString"},"properties":{"tip_retea":"Gaze","stare":"Existent","operator":"Transgaz","adancime":null,"detalii":"Tehnologic - E.T. București","_s":{"f":"#ffc84f","fo":0.0,"s":"#ffc84f","so":1.0,"w":3.78,"r":5.0,"cap":"square","join":"bevel"},"_c":7}},{"type":"Feature","geometry":{"coordinates":[[[25.880105,44.862112,0.0],[25.880107,44.862145,0.0],[25.88011,44.862154,0.0],[25.880117,44.862162,0.0],[25.880129,44.862168,0.0],[25.880142,44.862169,0.0],[25.880164,44.862168,0.0],[25.880224,44.862166,0.0],[25.880487,44.862154,0.0],[25.880618,44.862149,0.0]]],"type":"MultiLineString"},"properties":{"tip_retea":"Gaze","stare":"Existent","operator":"Transgaz","adancime":null,"detalii":"Tehnologic - E.T. București","_s":{"f":"#ffc84f","fo":0.0,"s":"#ffc84f","so":1.0,"w":3.78,"r":5.0,"cap":"square","join":"bevel"},"_c":7}},{"type":"Feature","geometry":{"coordinates":[[[25.880106,44.86196,0.0],[25.880122,44.861853,0.0],[25.880125,44.861847,0.0],[25.880131,44.861842,0.0],[25.880139,44.861839,0.0],[25.880148,44.861839,0.0],[25.880149,44.861839,0.0],[25.880155,44.86184,0.0],[25.88016,44.861842,0.0],[25.880165,44.861844,0.0],[25.88017,44.861847,0.0],[25.88054,44.862124,0.0],[25.880544,44.862127,0.0],[25.880549,44.86213,0.0],[25.880555,44.862131,0.0],[25.880561,44.862132,0.0],[25.880603,44.862131,0.0]]],"type":"MultiLineString"},"properties":{"tip_retea":"Gaze","stare":"Existent","operator":"Transgaz","adancime":null,"detalii":"Tehnologic - E.T. București","_s":{"f":"#ffc84f","fo":0.0,"s":"#ffc84f","so":1.0,"w":3.78,"r":5.0,"cap":"square","join":"bevel"},"_c":7}},{"type":"Feature","geometry":{"coordinates":[[[25.834889,44.95698,0.0],[25.834897,44.956981,0.0],[25.834898,44.956977,0.0],[25.834898,44.956974,0.0],[25.834898,44.956971,0.0],[25.834899,44.956967,0.0],[25.83489,44.956967,0.0]]],"type":"MultiLineString"},"properties":{"tip_retea":"Gaze","stare":"Existent","operator":"Transgaz","adancime":null,"detalii":"Tehnologic - E.T. București","_s":{"f":"#ffc84f","fo":0.0,"s":"#ffc84f","so":1.0,"w":3.78,"r":5.0,"cap":"square","join":"bevel"},"_c":7}},{"type":"Feature","geometry":{"coordinates":[[[25.838941,44.86415,0.0],[25.838943,44.86415,0.0],[25.838945,44.86415,0.0],[25.838946,44.864151,0.0],[25.838947,44.864166,0.0],[25.838948,44.864191,0.0],[25.838948,44.864192,0.0],[25.838949,44.864192,0.0],[25.83895,44.864192,0.0]]],"type":"MultiLineString"},"properties":{"tip_retea":"Gaze","stare":"Existent","operator":"Transgaz","adancime":null,"detalii":"Tehnologic - E.T. București","_s":{"f":"#ffc84f","fo":0.0,"s":"#ffc84f","so":1.0,"w":3.78,"r":5.0,"cap":"square","join":"bevel"},"_c":7}},{"type":"Feature","geometry":{"coordinates":[[[25.694936,45.099663,0.0],[25.695273,45.09927,0.0],[25.69582,45.098657,0.0],[25.695849,45.098574,0.0],[25.695777,45.098491,0.0],[25.695188,45.09821,0.0],[25.695104,45.098163,0.0]]],"type":"MultiLineString"},"properties":{"tip_retea":"Gaze","stare":"Existent","operator":"Transgaz","adancime":null,"detalii":"Tehnologic - E.T. București","_s":{"f":"#ffc84f","fo":0.0,"s":"#ffc84f","so":1.0,"w":3.78,"r":5.0,"cap":"square","join":"bevel"},"_c":7}},{"type":"Feature","geometry":{"coordinates":[[[25.996958,44.980658,0.0],[25.996926,44.980648,0.0],[25.996915,44.980644,0.0]]],"type":"MultiLineString"},"properties":{"tip_retea":"Gaze","stare":"Existent","operator":"Transgaz","adancime":null,"detalii":"Tehnologic - E.T. București","_s":{"f":"#ffc84f","fo":0.0,"s":"#ffc84f","so":1.0,"w":3.78,"r":5.0,"cap":"square","join":"bevel"},"_c":7}},{"type":"Feature","geometry":{"coordinates":[[[25.978415,44.966001,0.0],[25.978893,44.96652,0.0],[25.979533,44.967185,0.0],[25.979629,44.967283,0.0],[25.980576,44.968256,0.0],[25.981027,44.968642,0.0],[25.981725,44.969169,0.0],[25.982446,44.969741,0.0],[25.982947,44.970126,0.0],[25.983499,44.97053,0.0],[25.983999,44.970896,0.0],[25.985648,44.972074,0.0],[25.986602,44.972761,0.0],[25.987242,44.973235,0.0],[25.987903,44.973699,0.0],[25.987916,44.973706,0.0],[25.989046,44.974451,0.0],[25.990528,44.975404,0.0],[25.9918,44.97633,0.0],[25.992082,44.97652,0.0]]],"type":"MultiLineString"},"properties":{"tip_retea":"Gaze","stare":"Existent","operator":"Transgaz","adancime":null,"detalii":"Tehnologic - E.T. București","_s":{"f":"#ffc84f","fo":0.0,"s":"#ffc84f","so":1.0,"w":3.78,"r":5.0,"cap":"square","join":"bevel"},"_c":7}},{"type":"Feature","geometry":{"coordinates":[[[25.993426,44.977565,0.0],[25.993512,44.977636,0.0],[25.994148,44.978091,0.0],[25.994871,44.978607,0.0],[25.99563,44.979416,0.0],[25.995773,44.979528,0.0],[25.996626,44.980038,0.0],[25.997274,44.98034,0.0]]],"type":"MultiLineString"},"properties":{"tip_retea":"Gaze","stare":"Existent","operator":"Transgaz","adancime":null,"detalii":"Tehnologic - E.T. București","_s":{"f":"#ffc84f","fo":0.0,"s":"#ffc84f","so":1.0,"w":3.78,"r":5.0,"cap":"square","join":"bevel"},"_c":7}},{"type":"Feature","geometry":{"coordinates":[[[25.997294,44.980348,0.0],[25.99865,44.980961,0.0],[25.998858,44.981062,0.0],[26.000537,44.981841,0.0],[26.001416,44.982237,0.0],[26.002269,44.982622,0.0],[26.003321,44.983003,0.0],[26.004522,44.983432,0.0],[26.005698,44.983862,0.0],[26.006616,44.984188,0.0],[26.007374,44.984451,0.0],[26.008477,44.984829,0.0],[26.009732,44.985271,0.0],[26.010934,44.98571,0.0],[26.011078,44.985566,0.0],[26.011564,44.984931,0.0],[26.012074,44.984261,0.0],[26.012436,44.983804,0.0],[26.012608,44.983568,0.0],[26.013903,44.982875,0.0]]],"type":"MultiLineString"},"properties":{"tip_retea":"Gaze","stare":"Existent","operator":"Transgaz","adancime":null,"detalii":"Tehnologic - E.T. București","_s":{"f":"#ffc84f","fo":0.0,"s":"#ffc84f","so":1.0,"w":3.78,"r":5.0,"cap":"square","join":"bevel"},"_c":7}},{"type":"Feature","geometry":{"coordinates":[[[25.74494,45.048182,0.0],[25.744934,45.048181,0.0]]],"type":"MultiLineString"},"properties":{"tip_retea":"Gaze","stare":"Existent","operator":"Transgaz","adancime":null,"detalii":"Tehnologic - E.T. București","_s":{"f":"#ffc84f","fo":0.0,"s":"#ffc84f","so":1.0,"w":3.78,"r":5.0,"cap":"square","join":"bevel"},"_c":7}},{"type":"Feature","geometry":{"coordinates":[[[25.741258,45.04698,0.0],[25.741268,45.046984,0.0]]],"type":"MultiLineString"},"properties":{"tip_retea":"Gaze","stare":"Existent","operator":"Transgaz","adancime":null,"detalii":"Tehnologic - E.T. București","_s":{"f":"#ffc84f","fo":0.0,"s":"#ffc84f","so":1.0,"w":3.78,"r":5.0,"cap":"square","join":"bevel"},"_c":7}},{"type":"Feature","geometry":{"coordinates":[[[25.617948,45.276354,0.0],[25.617939,45.276358,0.0],[25.617932,45.27636,0.0],[25.617941,45.276373,0.0],[25.617949,45.27637,0.0],[25.617957,45.276367,0.0]]],"type":"MultiLineString"},"properties":{"tip_retea":"Gaze","stare":"Existent","operator":"Transgaz","adancime":null,"detalii":"Tehnologic - E.T. București","_s":{"f":"#ffc84f","fo":0.0,"s":"#ffc84f","so":1.0,"w":3.78,"r":5.0,"cap":"square","join":"bevel"},"_c":7}},{"type":"Feature","geometry":{"coordinates":[[[25.61791,45.276453,0.0],[25.617889,45.276425,0.0]]],"type":"MultiLineString"},"properties":{"tip_retea":"Gaze","stare":"Existent","operator":"Transgaz","adancime":null,"detalii":"Tehnologic - E.T. București","_s":{"f":"#ffc84f","fo":0.0,"s":"#ffc84f","so":1.0,"w":3.78,"r":5.0,"cap":"square","join":"bevel"},"_c":7}},{"type":"Feature","geometry":{"coordinates":[[[25.617995,45.276472,0.0],[25.618006,45.276487,0.0],[25.618017,45.276502,0.0]]],"type":"MultiLineString"},"properties":{"tip_retea":"Gaze","stare":"Existent","operator":"Transgaz","adancime":null,"detalii":"Tehnologic - E.T. București","_s":{"f":"#ffc84f","fo":0.0,"s":"#ffc84f","so":1.0,"w":3.78,"r":5.0,"cap":"square","join":"bevel"},"_c":7}},{"type":"Feature","geometry":{"coordinates":[[[25.617904,45.276371,0.0],[25.617915,45.276367,0.0],[25.617945,45.276414,0.0],[25.617948,45.276418,0.0],[25.617949,45.276419,0.0],[25.61795,45.276419,0.0],[25.617952,45.276419,0.0],[25.617954,45.276419,0.0],[25.617972,45.276415,0.0],[25.617989,45.276411,0.0]]],"type":"MultiLineString"},"properties":{"tip_retea":"Gaze","stare":"Existent","operator":"Transgaz","adancime":null,"detalii":"Tehnologic - E.T. București","_s":{"f":"#ffc84f","fo":0.0,"s":"#ffc84f","so":1.0,"w":3.78,"r":5.0,"cap":"square","join":"bevel"},"_c":7}},{"type":"Feature","geometry":{"coordinates":[[[25.617989,45.27661,0.0],[25.617983,45.276601,0.0],[25.617973,45.276583,0.0],[25.617957,45.276559,0.0],[25.617942,45.276534,0.0],[25.61794,45.276532,0.0],[25.617939,45.27653,0.0],[25.617928,45.276512,0.0],[25.617918,45.276497,0.0],[25.617909,45.276495,0.0],[25.617888,45.276465,0.0],[25.617868,45.276436,0.0],[25.617844,45.276404,0.0],[25.617831,45.276387,0.0],[25.617838,45.276384,0.0],[25.617875,45.276372,0.0],[25.617906,45.276361,0.0],[25.617925,45.276354,0.0],[25.617943,45.276348,0.0]]],"type":"MultiLineString"},"properties":{"tip_retea":"Gaze","stare":"Existent","operator":"Transgaz","adancime":null,"detalii":"Tehnologic - E.T. București","_s":{"f":"#ffc84f","fo":0.0,"s":"#ffc84f","so":1.0,"w":3.78,"r":5.0,"cap":"square","join":"bevel"},"_c":7}},{"type":"Feature","geometry":{"coordinates":[[[25.617889,45.276425,0.0],[25.617869,45.276396,0.0],[25.617863,45.276388,0.0],[25.617858,45.27638,0.0],[25.61783,45.276341,0.0],[25.617823,45.276327,0.0],[25.617822,45.276311,0.0],[25.617829,45.276289,0.0],[25.61784,45.276267,0.0],[25.617843,45.276249,0.0],[25.617842,45.276234,0.0],[25.617825,45.276207,0.0]]],"type":"MultiLineString"},"properties":{"tip_retea":"Gaze","stare":"Existent","operator":"Transgaz","adancime":null,"detalii":"Tehnologic - E.T. București","_s":{"f":"#ffc84f","fo":0.0,"s":"#ffc84f","so":1.0,"w":3.78,"r":5.0,"cap":"square","join":"bevel"},"_c":7}},{"type":"Feature","geometry":{"coordinates":[[[25.618017,45.276502,0.0],[25.618043,45.27654,0.0],[25.618098,45.276618,0.0]]],"type":"MultiLineString"},"properties":{"tip_retea":"Gaze","stare":"Existent","operator":"Transgaz","adancime":null,"detalii":"Tehnologic - E.T. București","_s":{"f":"#ffc84f","fo":0.0,"s":"#ffc84f","so":1.0,"w":3.78,"r":5.0,"cap":"square","join":"bevel"},"_c":7}},{"type":"Feature","geometry":{"coordinates":[[[25.617869,45.276396,0.0],[25.61786,45.2764,0.0],[25.617854,45.276391,0.0],[25.617849,45.276383,0.0],[25.617858,45.27638,0.0]]],"type":"MultiLineString"},"properties":{"tip_retea":"Gaze","stare":"Existent","operator":"Transgaz","adancime":null,"detalii":"Tehnologic - E.T. București","_s":{"f":"#ffc84f","fo":0.0,"s":"#ffc84f","so":1.0,"w":3.78,"r":5.0,"cap":"square","join":"bevel"},"_c":7}},{"type":"Feature","geometry":{"coordinates":[[[25.617936,45.276367,0.0],[25.617927,45.27637,0.0],[25.617924,45.276371,0.0],[25.617931,45.276381,0.0],[25.617865,45.276404,0.0],[25.617896,45.276447,0.0]]],"type":"MultiLineString"},"properties":{"tip_retea":"Gaze","stare":"Existent","operator":"Transgaz","adancime":null,"detalii":"Tehnologic - E.T. București","_s":{"f":"#ffc84f","fo":0.0,"s":"#ffc84f","so":1.0,"w":3.78,"r":5.0,"cap":"square","join":"bevel"},"_c":7}},{"type":"Feature","geometry":{"coordinates":[[[25.617896,45.276447,0.0],[25.617951,45.276525,0.0],[25.617958,45.276535,0.0],[25.617973,45.276555,0.0],[25.617973,45.276555,0.0],[25.617973,45.276555,0.0],[25.617974,45.276556,0.0],[25.617975,45.276556,0.0],[25.617976,45.276556,0.0],[25.617976,45.276557,0.0],[25.617976,45.276557,0.0],[25.618053,45.276675,0.0],[25.618106,45.276659,0.0],[25.618152,45.276647,0.0]]],"type":"MultiLineString"},"properties":{"tip_retea":"Gaze","stare":"Existent","operator":"Transgaz","adancime":null,"detalii":"Tehnologic - E.T. București","_s":{"f":"#ffc84f","fo":0.0,"s":"#ffc84f","so":1.0,"w":3.78,"r":5.0,"cap":"square","join":"bevel"},"_c":7}},{"type":"Feature","geometry":{"coordinates":[[[25.617906,45.276447,0.0],[25.617914,45.276444,0.0],[25.617977,45.276421,0.0],[25.617993,45.276416,0.0]]],"type":"MultiLineString"},"properties":{"tip_retea":"Gaze","stare":"Existent","operator":"Transgaz","adancime":null,"detalii":"Tehnologic - E.T. București","_s":{"f":"#ffc84f","fo":0.0,"s":"#ffc84f","so":1.0,"w":3.78,"r":5.0,"cap":"square","join":"bevel"},"_c":7}},{"type":"Feature","geometry":{"coordinates":[[[25.618048,45.276547,0.0],[25.618057,45.276544,0.0],[25.618052,45.276537,0.0],[25.618047,45.27653,0.0],[25.618038,45.276533,0.0]]],"type":"MultiLineString"},"properties":{"tip_retea":"Gaze","stare":"Existent","operator":"Transgaz","adancime":null,"detalii":"Tehnologic - E.T. București","_s":{"f":"#ffc84f","fo":0.0,"s":"#ffc84f","so":1.0,"w":3.78,"r":5.0,"cap":"square","join":"bevel"},"_c":7}},{"type":"Feature","geometry":{"coordinates":[[[25.617999,45.276477,0.0],[25.618008,45.276474,0.0],[25.618012,45.276473,0.0],[25.618018,45.276482,0.0],[25.618035,45.276506,0.0],[25.618031,45.276507,0.0],[25.618022,45.27651,0.0]]],"type":"MultiLineString"},"properties":{"tip_retea":"Gaze","stare":"Existent","operator":"Transgaz","adancime":null,"detalii":"Tehnologic - E.T. București","_s":{"f":"#ffc84f","fo":0.0,"s":"#ffc84f","so":1.0,"w":3.78,"r":5.0,"cap":"square","join":"bevel"},"_c":7}},{"type":"Feature","geometry":{"coordinates":[[[25.618012,45.276496,0.0],[25.618021,45.276493,0.0],[25.618027,45.276491,0.0],[25.618027,45.276492,0.0]]],"type":"MultiLineString"},"properties":{"tip_retea":"Gaze","stare":"Existent","operator":"Transgaz","adancime":null,"detalii":"Tehnologic - E.T. București","_s":{"f":"#ffc84f","fo":0.0,"s":"#ffc84f","so":1.0,"w":3.78,"r":5.0,"cap":"square","join":"bevel"},"_c":7}},{"type":"Feature","geometry":{"coordinates":[[[25.617973,45.276555,0.0],[25.617969,45.276556,0.0],[25.617957,45.276559,0.0]]],"type":"MultiLineString"},"properties":{"tip_retea":"Gaze","stare":"Existent","operator":"Transgaz","adancime":null,"detalii":"Tehnologic - E.T. București","_s":{"f":"#ffc84f","fo":0.0,"s":"#ffc84f","so":1.0,"w":3.78,"r":5.0,"cap":"square","join":"bevel"},"_c":7}},{"type":"Feature","geometry":{"coordinates":[[[25.618057,45.27656,0.0],[25.618067,45.276556,0.0],[25.618065,45.276553,0.0],[25.618059,45.276555,0.0],[25.617982,45.27658,0.0],[25.617973,45.276583,0.0]]],"type":"MultiLineString"},"properties":{"tip_retea":"Gaze","stare":"Existent","operator":"Transgaz","adancime":null,"detalii":"Tehnologic - E.T. București","_s":{"f":"#ffc84f","fo":0.0,"s":"#ffc84f","so":1.0,"w":3.78,"r":5.0,"cap":"square","join":"bevel"},"_c":7}},{"type":"Feature","geometry":{"coordinates":[[[25.61795,45.276526,0.0],[25.617952,45.276529,0.0],[25.617953,45.27653,0.0],[25.617958,45.276538,0.0],[25.617935,45.276545,0.0],[25.617991,45.276633,0.0],[25.618001,45.27663,0.0],[25.618003,45.276634,0.0]]],"type":"MultiLineString"},"properties":{"tip_retea":"Gaze","stare":"Existent","operator":"Transgaz","adancime":null,"detalii":"Tehnologic - E.T. București","_s":{"f":"#ffc84f","fo":0.0,"s":"#ffc84f","so":1.0,"w":3.78,"r":5.0,"cap":"square","join":"bevel"},"_c":7}},{"type":"Feature","geometry":{"coordinates":[[[25.61795,45.276526,0.0],[25.617947,45.276527,0.0],[25.617939,45.27653,0.0]]],"type":"MultiLineString"},"properties":{"tip_retea":"Gaze","stare":"Existent","operator":"Transgaz","adancime":null,"detalii":"Tehnologic - E.T. București","_s":{"f":"#ffc84f","fo":0.0,"s":"#ffc84f","so":1.0,"w":3.78,"r":5.0,"cap":"square","join":"bevel"},"_c":7}},{"type":"Feature","geometry":{"coordinates":[[[25.617952,45.276529,0.0],[25.617949,45.27653,0.0],[25.61794,45.276532,0.0]]],"type":"MultiLineString"},"properties":{"tip_retea":"Gaze","stare":"Existent","operator":"Transgaz","adancime":null,"detalii":"Tehnologic - E.T. București","_s":{"f":"#ffc84f","fo":0.0,"s":"#ffc84f","so":1.0,"w":3.78,"r":5.0,"cap":"square","join":"bevel"},"_c":7}},{"type":"Feature","geometry":{"coordinates":[[[25.617953,45.27653,0.0],[25.61795,45.276531,0.0],[25.617942,45.276534,0.0]]],"type":"MultiLineString"},"properties":{"tip_retea":"Gaze","stare":"Existent","operator":"Transgaz","adancime":null,"detalii":"Tehnologic - E.T. București","_s":{"f":"#ffc84f","fo":0.0,"s":"#ffc84f","so":1.0,"w":3.78,"r":5.0,"cap":"square","join":"bevel"},"_c":7}},{"type":"Feature","geometry":{"coordinates":[[[25.618027,45.276492,0.0],[25.618033,45.276499,0.0],[25.618082,45.27657,0.0],[25.617983,45.276601,0.0]]],"type":"MultiLineString"},"properties":{"tip_retea":"Gaze","stare":"Existent","operator":"Transgaz","adancime":null,"detalii":"Tehnologic - E.T. București","_s":{"f":"#ffc84f","fo":0.0,"s":"#ffc84f","so":1.0,"w":3.78,"r":5.0,"cap":"square","join":"bevel"},"_c":7}},{"type":"Feature","geometry":{"coordinates":[[[25.971709,44.95907,0.0],[25.971711,44.959079,0.0],[25.971715,44.959079,0.0],[25.971723,44.959078,0.0],[25.971732,44.959077,0.0],[25.971736,44.959076,0.0],[25.971734,44.959067,0.0]]],"type":"MultiLineString"},"properties":{"tip_retea":"Gaze","stare":"Existent","operator":"Transgaz","adancime":null,"detalii":"Tehnologic - E.T. București","_s":{"f":"#ffc84f","fo":0.0,"s":"#ffc84f","so":1.0,"w":3.78,"r":5.0,"cap":"square","join":"bevel"},"_c":7}},{"type":"Feature","geometry":{"coordinates":[[[25.971691,44.959006,0.0],[25.971678,44.959006,0.0],[25.971678,44.959009,0.0],[25.971679,44.959015,0.0],[25.971679,44.959021,0.0],[25.971679,44.959024,0.0],[25.971692,44.959024,0.0]]],"type":"MultiLineString"},"properties":{"tip_retea":"Gaze","stare":"Existent","operator":"Transgaz","adancime":null,"detalii":"Tehnologic - E.T. București","_s":{"f":"#ffc84f","fo":0.0,"s":"#ffc84f","so":1.0,"w":3.78,"r":5.0,"cap":"square","join":"bevel"},"_c":7}},{"type":"Feature","geometry":{"coordinates":[[[25.971742,44.958982,0.0],[25.971729,44.958922,0.0]]],"type":"MultiLineString"},"properties":{"tip_retea":"Gaze","stare":"Existent","operator":"Transgaz","adancime":null,"detalii":"Tehnologic - E.T. București","_s":{"f":"#ffc84f","fo":0.0,"s":"#ffc84f","so":1.0,"w":3.78,"r":5.0,"cap":"square","join":"bevel"},"_c":7}},{"type":"Feature","geometry":{"coordinates":[[[25.971731,44.959044,0.0],[25.97173,44.959038,0.0],[25.971728,44.959028,0.0],[25.971725,44.959019,0.0],[25.971723,44.959008,0.0],[25.971721,44.959,0.0],[25.97172,44.958995,0.0]]],"type":"MultiLineString"},"properties":{"tip_retea":"Gaze","stare":"Existent","operator":"Transgaz","adancime":null,"detalii":"Tehnologic - E.T. București","_s":{"f":"#ffc84f","fo":0.0,"s":"#ffc84f","so":1.0,"w":3.78,"r":5.0,"cap":"square","join":"bevel"},"_c":7}},{"type":"Feature","geometry":{"coordinates":[[[25.971693,44.959045,0.0],[25.971691,44.959015,0.0],[25.97169,44.958991,0.0]]],"type":"MultiLineString"},"properties":{"tip_retea":"Gaze","stare":"Existent","operator":"Transgaz","adancime":null,"detalii":"Tehnologic - E.T. București","_s":{"f":"#ffc84f","fo":0.0,"s":"#ffc84f","so":1.0,"w":3.78,"r":5.0,"cap":"square","join":"bevel"},"_c":7}},{"type":"Feature","geometry":{"coordinates":[[[25.98787,44.926556,0.0],[25.987888,44.926561,0.0],[25.988071,44.926616,0.0],[25.988323,44.926455,0.0],[25.988613,44.926281,0.0],[25.992291,44.924212,0.0],[25.993004,44.923841,0.0],[25.993824,44.923436,0.0],[25.994447,44.923118,0.0],[25.995371,44.92263,0.0],[25.995557,44.922528,0.0],[25.995582,44.922511,0.0]]],"type":"MultiLineString"},"properties":{"tip_retea":"Gaze","stare":"Existent","operator":"Transgaz","adancime":null,"detalii":"Tehnologic - E.T. București","_s":{"f":"#ffc84f","fo":0.0,"s":"#ffc84f","so":1.0,"w":3.78,"r":5.0,"cap":"square","join":"bevel"},"_c":7}},{"type":"Feature","geometry":{"coordinates":[[[25.987638,44.926539,0.0],[25.987627,44.926535,0.0],[25.987632,44.926529,0.0],[25.987638,44.92652,0.0],[25.987644,44.926512,0.0],[25.987648,44.926507,0.0],[25.98766,44.926511,0.0]]],"type":"MultiLineString"},"properties":{"tip_retea":"Gaze","stare":"Existent","operator":"Transgaz","adancime":null,"detalii":"Tehnologic - E.T. București","_s":{"f":"#ffc84f","fo":0.0,"s":"#ffc84f","so":1.0,"w":3.78,"r":5.0,"cap":"square","join":"bevel"},"_c":7}},{"type":"Feature","geometry":{"coordinates":[[[25.990125,44.924566,0.0],[25.989685,44.924733,0.0],[25.988992,44.925301,0.0],[25.988965,44.925319,0.0]]],"type":"MultiLineString"},"properties":{"tip_retea":"Gaze","stare":"Existent","operator":"Transgaz","adancime":null,"detalii":"Tehnologic - E.T. București","_s":{"f":"#ffc84f","fo":0.0,"s":"#ffc84f","so":1.0,"w":3.78,"r":5.0,"cap":"square","join":"bevel"},"_c":7}},{"type":"Feature","geometry":{"coordinates":[[[25.987597,44.926475,0.0],[25.987665,44.926494,0.0],[25.987708,44.926507,0.0]]],"type":"MultiLineString"},"properties":{"tip_retea":"Gaze","stare":"Existent","operator":"Transgaz","adancime":null,"detalii":"Tehnologic - E.T. București","_s":{"f":"#ffc84f","fo":0.0,"s":"#ffc84f","so":1.0,"w":3.78,"r":5.0,"cap":"square","join":"bevel"},"_c":7}},{"type":"Feature","geometry":{"coordinates":[[[26.161399,44.952595,0.0],[26.161401,44.952474,0.0],[26.161076,44.95247,0.0],[26.161075,44.952527,0.0]]],"type":"MultiLineString"},"properties":{"tip_retea":"Gaze","stare":"Existent","operator":"Transgaz","adancime":null,"detalii":"Tehnologic - E.T. București","_s":{"f":"#ffc84f","fo":0.0,"s":"#ffc84f","so":1.0,"w":3.78,"r":5.0,"cap":"square","join":"bevel"},"_c":7}},{"type":"Feature","geometry":{"coordinates":[[[25.924817,44.847641,0.0],[25.925137,44.849059,0.0],[25.925442,44.850459,0.0],[25.925484,44.850659,0.0]]],"type":"MultiLineString"},"properties":{"tip_retea":"Gaze","stare":"Existent","operator":"Transgaz","adancime":null,"detalii":"Tehnologic - E.T. București","_s":{"f":"#ffc84f","fo":0.0,"s":"#ffc84f","so":1.0,"w":3.78,"r":5.0,"cap":"square","join":"bevel"},"_c":7}},{"type":"Feature","geometry":{"coordinates":[[[25.924222,44.845344,0.0],[25.924209,44.845345,0.0],[25.924228,44.845416,0.0],[25.924241,44.845414,0.0]]],"type":"MultiLineString"},"properties":{"tip_retea":"Gaze","stare":"Existent","operator":"Transgaz","adancime":null,"detalii":"Tehnologic - E.T. București","_s":{"f":"#ffc84f","fo":0.0,"s":"#ffc84f","so":1.0,"w":3.78,"r":5.0,"cap":"square","join":"bevel"},"_c":7}},{"type":"Feature","geometry":{"coordinates":[[[25.92609,44.853016,0.0],[25.926414,44.854161,0.0],[25.926602,44.855029,0.0],[25.926897,44.855579,0.0],[25.92707,44.855861,0.0],[25.927577,44.855933,0.0],[25.927663,44.855945,0.0],[25.93026,44.856275,0.0],[25.932232,44.856492,0.0],[25.932315,44.856502,0.0]]],"type":"MultiLineString"},"properties":{"tip_retea":"Gaze","stare":"Existent","operator":"Transgaz","adancime":null,"detalii":"Tehnologic - E.T. București","_s":{"f":"#ffc84f","fo":0.0,"s":"#ffc84f","so":1.0,"w":3.78,"r":5.0,"cap":"square","join":"bevel"},"_c":7}},{"type":"Feature","geometry":{"coordinates":[[[25.921459,44.966661,0.0],[25.92127,44.966555,0.0],[25.921162,44.966564,0.0],[25.921074,44.966581,0.0],[25.92105,44.966586,0.0],[25.921008,44.966609,0.0],[25.920908,44.966663,0.0],[25.920846,44.966697,0.0],[25.920782,44.96673,0.0],[25.920694,44.966774,0.0],[25.920636,44.966803,0.0],[25.920538,44.966851,0.0],[25.920385,44.966934,0.0],[25.920354,44.966959,0.0],[25.920303,44.966937,0.0],[25.920201,44.966858,0.0],[25.920179,44.966836,0.0],[25.920117,44.966785,0.0],[25.920017,44.966702,0.0],[25.919984,44.966669,0.0],[25.91994,44.966633,0.0],[25.919887,44.96659,0.0],[25.919865,44.966567,0.0],[25.919848,44.966555,0.0],[25.919762,44.966477,0.0],[25.919699,44.966421,0.0],[25.919548,44.966282,0.0],[25.91939,44.966071,0.0],[25.919245,44.965852,0.0],[25.919161,44.96571,0.0],[25.918951,44.965271,0.0],[25.918898,44.965139,0.0],[25.918858,44.965015,0.0],[25.91883,44.96494,0.0],[25.91876,44.964735,0.0],[25.918692,44.964541,0.0],[25.91867,44.964483,0.0],[25.918659,44.964426,0.0],[25.918651,44.964415,0.0],[25.918627,44.964406,0.0],[25.918455,44.964392,0.0],[25.918371,44.9644,0.0],[25.918179,44.964411,0.0],[25.917727,44.964446,0.0],[25.917296,44.964464,0.0],[25.917236,44.964466,0.0],[25.916415,44.964514,0.0],[25.91566,44.964553,0.0],[25.915213,44.964582,0.0],[25.915119,44.964586,0.0],[25.915032,44.964575,0.0],[25.914963,44.964549,0.0],[25.914925,44.964526,0.0],[25.914887,44.964518,0.0],[25.914607,44.964528,0.0],[25.91455,44.96453,0.0],[25.914519,44.964535,0.0],[25.914498,44.964542,0.0],[25.914446,44.964577,0.0],[25.914371,44.964622,0.0],[25.914312,44.964633,0.0],[25.914047,44.964646,0.0],[25.913356,44.964681,0.0],[25.912434,44.964736,0.0],[25.911786,44.964765,0.0],[25.910889,44.964813,0.0],[25.909905,44.964864,0.0],[25.909289,44.964897,0.0],[25.905374,44.965402,0.0],[25.904171,44.965561,0.0],[25.903585,44.965641,0.0],[25.902765,44.965747,0.0],[25.902124,44.965841,0.0],[25.902085,44.965844,0.0],[25.90191,44.965869,0.0],[25.901364,44.965958,0.0],[25.900524,44.966111,0.0]]],"type":"MultiLineString"},"properties":{"tip_retea":"Gaze","stare":"Existent","operator":"Transgaz","adancime":null,"detalii":"Tehnologic - E.T. București","_s":{"f":"#ffc84f","fo":0.0,"s":"#ffc84f","so":1.0,"w":3.78,"r":5.0,"cap":"square","join":"bevel"},"_c":7}},{"type":"Feature","geometry":{"coordinates":[[[25.66159,45.199652,0.0],[25.661789,45.199621,0.0],[25.661888,45.199657,0.0],[25.661989,45.199705,0.0],[25.662307,45.199809,0.0],[25.66248,45.199863,0.0],[25.662614,45.199897,0.0],[25.662644,45.19989,0.0],[25.662673,45.199853,0.0]]],"type":"MultiLineString"},"properties":{"tip_retea":"Gaze","stare":"Existent","operator":"Transgaz","adancime":null,"detalii":"Tehnologic - E.T. București","_s":{"f":"#ffc84f","fo":0.0,"s":"#ffc84f","so":1.0,"w":3.78,"r":5.0,"cap":"square","join":"bevel"},"_c":7}},{"type":"Feature","geometry":{"coordinates":[[[26.031078,44.961823,0.0],[26.03113,44.961757,0.0],[26.031251,44.961612,0.0],[26.031341,44.961497,0.0],[26.03142,44.961409,0.0],[26.031502,44.961318,0.0],[26.031614,44.961196,0.0],[26.03174,44.961069,0.0],[26.031848,44.960954,0.0],[26.031953,44.960839,0.0],[26.032124,44.960611,0.0],[26.032273,44.960411,0.0],[26.032386,44.960273,0.0],[26.032414,44.960231,0.0],[26.032453,44.960186,0.0],[26.03246,44.960146,0.0],[26.032459,44.960111,0.0],[26.032463,44.960064,0.0],[26.032464,44.959973,0.0],[26.032464,44.959886,0.0],[26.032471,44.959693,0.0],[26.032479,44.959448,0.0],[26.032486,44.959145,0.0],[26.032492,44.959113,0.0],[26.032509,44.959081,0.0],[26.032532,44.959063,0.0],[26.03258,44.95901,0.0],[26.032629,44.958955,0.0],[26.032715,44.958864,0.0],[26.032868,44.958708,0.0],[26.033063,44.958503,0.0],[26.033289,44.958271,0.0],[26.033502,44.958058,0.0],[26.033764,44.957798,0.0],[26.033992,44.957562,0.0],[26.034191,44.957364,0.0],[26.034439,44.957111,0.0],[26.034616,44.956924,0.0],[26.034741,44.956797,0.0],[26.034766,44.956789,0.0],[26.034779,44.956785,0.0],[26.034796,44.956786,0.0],[26.034811,44.956786,0.0],[26.03482,44.95679,0.0],[26.034857,44.956811,0.0],[26.034953,44.956862,0.0],[26.035107,44.956944,0.0],[26.035317,44.95707,0.0],[26.035443,44.957144,0.0],[26.03553,44.957193,0.0],[26.035807,44.957357,0.0],[26.036113,44.957529,0.0],[26.036209,44.957583,0.0],[26.036452,44.957729,0.0],[26.036771,44.957924,0.0],[26.036917,44.958006,0.0],[26.037054,44.958089,0.0],[26.037344,44.958259,0.0],[26.037497,44.95835,0.0],[26.037582,44.958401,0.0],[26.03774,44.958495,0.0],[26.037786,44.958525,0.0],[26.037934,44.95861,0.0],[26.037973,44.958634,0.0],[26.038017,44.95866,0.0],[26.038034,44.95867,0.0],[26.038068,44.95869,0.0]]],"type":"MultiLineString"},"properties":{"tip_retea":"Gaze","stare":"Existent","operator":"Transgaz","adancime":null,"detalii":"Tehnologic - E.T. București","_s":{"f":"#ffc84f","fo":0.0,"s":"#ffc84f","so":1.0,"w":3.78,"r":5.0,"cap":"square","join":"bevel"},"_c":7}},{"type":"Feature","geometry":{"coordinates":[[[26.038034,44.95867,0.0],[26.038021,44.95868,0.0],[26.038055,44.9587,0.0],[26.038068,44.95869,0.0]]],"type":"MultiLineString"},"properties":{"tip_retea":"Gaze","stare":"Existent","operator":"Transgaz","adancime":null,"detalii":"Tehnologic - E.T. București","_s":{"f":"#ffc84f","fo":0.0,"s":"#ffc84f","so":1.0,"w":3.78,"r":5.0,"cap":"square","join":"bevel"},"_c":7}},{"type":"Feature","geometry":{"coordinates":[[[25.634088,45.232821,0.0],[25.634114,45.232746,0.0],[25.634166,45.232593,0.0],[25.634213,45.232445,0.0],[25.634219,45.232427,0.0],[25.634225,45.232408,0.0],[25.634238,45.232367,0.0]]],"type":"MultiLineString"},"properties":{"tip_retea":"Gaze","stare":"Existent","operator":"Transgaz","adancime":null,"detalii":"Tehnologic - E.T. București","_s":{"f":"#ffc84f","fo":0.0,"s":"#ffc84f","so":1.0,"w":3.78,"r":5.0,"cap":"square","join":"bevel"},"_c":7}},{"type":"Feature","geometry":{"coordinates":[[[25.62126,45.267013,0.0],[25.621261,45.266985,0.0],[25.621257,45.266764,0.0],[25.621262,45.266695,0.0],[25.621263,45.266665,0.0],[25.621271,45.266651,0.0],[25.621276,45.266646,0.0],[25.621298,45.266633,0.0],[25.621372,45.266628,0.0],[25.621553,45.266604,0.0],[25.621656,45.266593,0.0],[25.621724,45.266583,0.0],[25.621843,45.266572,0.0],[25.621934,45.266561,0.0],[25.622001,45.26655,0.0],[25.622123,45.266532,0.0],[25.622213,45.266525,0.0],[25.62224,45.266523,0.0]]],"type":"MultiLineString"},"properties":{"tip_retea":"Gaze","stare":"Existent","operator":"Transgaz","adancime":null,"detalii":"Tehnologic - E.T. București","_s":{"f":"#ffc84f","fo":0.0,"s":"#ffc84f","so":1.0,"w":3.78,"r":5.0,"cap":"square","join":"bevel"},"_c":7}},{"type":"Feature","geometry":{"coordinates":[[[25.531411,45.429977,0.0],[25.53139,45.429977,0.0],[25.531329,45.429977,0.0]]],"type":"MultiLineString"},"properties":{"tip_retea":"Gaze","stare":"Existent","operator":"Transgaz","adancime":null,"detalii":"Tehnologic - E.T. Brașov","_s":{"f":"#ffc84f","fo":0.0,"s":"#ffc84f","so":1.0,"w":3.78,"r":5.0,"cap":"square","join":"bevel"},"_c":6}},{"type":"Feature","geometry":{"coordinates":[[[25.531411,45.430041,0.0],[25.531405,45.430041,0.0],[25.531326,45.430041,0.0]]],"type":"MultiLineString"},"properties":{"tip_retea":"Gaze","stare":"Existent","operator":"Transgaz","adancime":null,"detalii":"Tehnologic - E.T. Brașov","_s":{"f":"#ffc84f","fo":0.0,"s":"#ffc84f","so":1.0,"w":3.78,"r":5.0,"cap":"square","join":"bevel"},"_c":6}},{"type":"Feature","geometry":{"coordinates":[[[25.53137,45.429907,0.0],[25.531403,45.429907,0.0],[25.5314,45.430028,0.0],[25.531411,45.430028,0.0]]],"type":"MultiLineString"},"properties":{"tip_retea":"Gaze","stare":"Existent","operator":"Transgaz","adancime":null,"detalii":"Tehnologic - E.T. Brașov","_s":{"f":"#ffc84f","fo":0.0,"s":"#ffc84f","so":1.0,"w":3.78,"r":5.0,"cap":"square","join":"bevel"},"_c":6}},{"type":"Feature","geometry":{"coordinates":[[[25.52306,45.409712,0.0],[25.523064,45.409709,0.0],[25.523059,45.409706,0.0],[25.523054,45.409702,0.0]]],"type":"MultiLineString"},"properties":{"tip_retea":"Gaze","stare":"Existent","operator":"Transgaz","adancime":null,"detalii":"Tehnologic - E.T. Brașov","_s":{"f":"#ffc84f","fo":0.0,"s":"#ffc84f","so":1.0,"w":3.78,"r":5.0,"cap":"square","join":"bevel"},"_c":6}},{"type":"Feature","geometry":{"coordinates":[[[25.523009,45.409739,0.0],[25.523005,45.409737,0.0],[25.523009,45.409733,0.0]]],"type":"MultiLineString"},"properties":{"tip_retea":"Gaze","stare":"Existent","operator":"Transgaz","adancime":null,"detalii":"Tehnologic - E.T. Brașov","_s":{"f":"#ffc84f","fo":0.0,"s":"#ffc84f","so":1.0,"w":3.78,"r":5.0,"cap":"square","join":"bevel"},"_c":6}},{"type":"Feature","geometry":{"coordinates":[[[26.161127,44.952716,0.0],[26.161483,44.952731,0.0]]],"type":"MultiLineString"},"properties":{"tip_retea":"Gaze","stare":"Existent","operator":"Transgaz","adancime":null,"detalii":"Conductă terți - E.T. București","_s":{"f":"#5f54dc","fo":0.0,"s":"#5f54dc","so":1.0,"w":3.78,"r":5.0,"cap":"square","join":"bevel"},"_c":1}},{"type":"Feature","geometry":{"coordinates":[[[26.161444,44.952729,0.0],[26.161446,44.952623,0.0],[26.161399,44.952621,0.0]]],"type":"MultiLineString"},"properties":{"tip_retea":"Gaze","stare":"Existent","operator":"Transgaz","adancime":null,"detalii":"Conductă terți - E.T. București","_s":{"f":"#5f54dc","fo":0.0,"s":"#5f54dc","so":1.0,"w":3.78,"r":5.0,"cap":"square","join":"bevel"},"_c":1}},{"type":"Feature","geometry":{"coordinates":[[[26.161127,44.952716,0.0],[26.16111,44.952716,0.0],[26.161114,44.952648,0.0],[26.161398,44.95266,0.0],[26.161399,44.952595,0.0]]],"type":"MultiLineString"},"properties":{"tip_retea":"Gaze","stare":"Existent","operator":"Transgaz","adancime":null,"detalii":"Conductă terți - E.T. București","_s":{"f":"#5f54dc","fo":0.0,"s":"#5f54dc","so":1.0,"w":3.78,"r":5.0,"cap":"square","join":"bevel"},"_c":1}},{"type":"Feature","geometry":{"coordinates":[[[25.510368,45.468954,0.0],[25.510366,45.468945,0.0],[25.510364,45.468892,0.0],[25.510369,45.468239,0.0],[25.510376,45.468004,0.0],[25.510482,45.467295,0.0],[25.510594,45.467078,0.0],[25.510815,45.466894,0.0],[25.510843,45.466802,0.0],[25.511074,45.466103,0.0],[25.511145,45.465723,0.0],[25.511261,45.465289,0.0],[25.511355,45.464217,0.0],[25.51148,45.463629,0.0],[25.51152,45.463416,0.0],[25.511858,45.462836,0.0],[25.51258,45.461807,0.0],[25.51272,45.460975,0.0],[25.513323,45.460296,0.0],[25.513613,45.460059,0.0],[25.514296,45.459628,0.0],[25.514927,45.459174,0.0],[25.515351,45.458593,0.0],[25.515406,45.458053,0.0],[25.515502,45.457179,0.0],[25.515368,45.456384,0.0],[25.515152,45.455721,0.0],[25.515277,45.455022,0.0],[25.515257,45.454293,0.0],[25.515223,45.454102,0.0],[25.515181,45.453826,0.0],[25.515199,45.453575,0.0],[25.515556,45.452583,0.0],[25.515868,45.452067,0.0],[25.51656,45.451595,0.0],[25.517338,45.451205,0.0],[25.517989,45.450866,0.0],[25.519052,45.450096,0.0],[25.519981,45.449442,0.0]]],"type":"MultiLineString"},"properties":{"tip_retea":"Gaze","stare":"Existent","operator":"Transgaz","adancime":null,"detalii":"Conductă transport - E.T. Brașov","_s":{"f":"#232323","fo":0.0,"s":"#232323","so":1.0,"w":3.78,"r":5.0,"cap":"square","join":"bevel","ml":true},"_c":2}},{"type":"Feature","geometry":{"coordinates":[[[25.519981,45.449442,0.0],[25.520012,45.449421,0.0],[25.520543,45.449057,0.0],[25.520763,45.448904,0.0],[25.520896,45.448817,0.0],[25.521402,45.448343,0.0],[25.521751,45.447983,0.0],[25.522174,45.447619,0.0],[25.522804,45.447178,0.0],[25.522875,45.447123,0.0],[25.522826,45.446833,0.0],[25.522747,45.446486,0.0],[25.522668,45.446113,0.0],[25.522645,45.445999,0.0],[25.522572,45.445708,0.0],[25.522698,45.445366,0.0],[25.522903,45.444948,0.0],[25.523266,45.444491,0.0],[25.523506,45.444174,0.0]]],"type":"MultiLineString"},"properties":{"tip_retea":"Gaze","stare":"Existent","operator":"Transgaz","adancime":null,"detalii":"Conductă transport - E.T. Brașov","_s":{"f":"#232323","fo":0.0,"s":"#232323","so":1.0,"w":3.78,"r":5.0,"cap":"square","join":"bevel","ml":true},"_c":2}},{"type":"Feature","geometry":{"coordinates":[[[25.531375,45.429907,0.0],[25.531405,45.429397,0.0],[25.531415,45.429051,0.0],[25.531462,45.428734,0.0],[25.531142,45.428131,0.0],[25.531077,45.42777,0.0],[25.531025,45.427318,0.0],[25.530916,45.4268,0.0],[25.530788,45.425859,0.0],[25.530676,45.42515,0.0],[25.530589,45.424636,0.0],[25.530463,45.424006,0.0],[25.53016,45.423498,0.0],[25.529846,45.423174,0.0],[25.529025,45.422798,0.0],[25.52827,45.42236,0.0],[25.527648,45.421898,0.0],[25.527414,45.421737,0.0],[25.526952,45.421481,0.0],[25.52625,45.421141,0.0],[25.525878,45.421027,0.0],[25.52537,45.420833,0.0],[25.525226,45.420668,0.0],[25.525156,45.420354,0.0],[25.525178,45.420188,0.0],[25.525271,45.419978,0.0],[25.525661,45.419525,0.0],[25.526632,45.418742,0.0],[25.527393,45.418745,0.0],[25.527949,45.418684,0.0],[25.528512,45.4186,0.0],[25.529231,45.418265,0.0],[25.529836,45.418057,0.0],[25.529978,45.417851,0.0],[25.530383,45.417229,0.0],[25.530669,45.416721,0.0],[25.530843,45.416157,0.0],[25.530686,45.41549,0.0],[25.530688,45.415001,0.0],[25.530748,45.414624,0.0],[25.530781,45.414301,0.0],[25.530763,45.413872,0.0],[25.530469,45.413557,0.0],[25.530313,45.413305,0.0],[25.530061,45.41312,0.0],[25.529642,45.412927,0.0],[25.528947,45.412559,0.0],[25.528748,45.412529,0.0],[25.527556,45.412328,0.0],[25.527056,45.412308,0.0],[25.526572,45.412054,0.0],[25.525671,45.411595,0.0],[25.524951,45.411266,0.0],[25.524488,45.410972,0.0],[25.524411,45.410902,0.0],[25.523977,45.410567,0.0],[25.523731,45.410379,0.0],[25.523568,45.410243,0.0],[25.523056,45.4097,0.0],[25.522722,45.409503,0.0],[25.522103,45.409242,0.0],[25.521499,45.408888,0.0],[25.521423,45.408554,0.0],[25.521402,45.408501,0.0],[25.521135,45.408258,0.0],[25.520746,45.407817,0.0],[25.520557,45.407559,0.0],[25.520366,45.407253,0.0],[25.519816,45.406586,0.0],[25.519724,45.406456,0.0],[25.51975,45.406337,0.0],[25.520258,45.40608,0.0],[25.520926,45.405691,0.0],[25.521694,45.405225,0.0],[25.522007,45.405046,0.0],[25.522629,45.404768,0.0],[25.523042,45.404695,0.0],[25.523761,45.404696,0.0],[25.52483,45.404299,0.0],[25.525739,45.404005,0.0],[25.528846,45.403599,0.0],[25.530139,45.402776,0.0],[25.530505,45.401957,0.0],[25.530839,45.401102,0.0],[25.531651,45.400319,0.0],[25.531838,45.400052,0.0],[25.532246,45.399525,0.0],[25.532901,45.398766,0.0],[25.533321,45.398286,0.0],[25.533549,45.398111,0.0],[25.533704,45.397977,0.0],[25.533861,45.397808,0.0],[25.533874,45.3977,0.0],[25.533821,45.397574,0.0],[25.533704,45.397273,0.0],[25.533465,45.396817,0.0],[25.533299,45.396142,0.0],[25.533707,45.395875,0.0],[25.534017,45.395706,0.0],[25.534516,45.395358,0.0],[25.534659,45.395228,0.0],[25.534719,45.395134,0.0],[25.534746,45.395041,0.0],[25.534685,45.394931,0.0],[25.534482,45.394499,0.0],[25.534162,45.394154,0.0],[25.533877,45.393762,0.0],[25.533842,45.393683,0.0],[25.533795,45.393429,0.0],[25.533698,45.392834,0.0],[25.534131,45.39216,0.0],[25.534272,45.391954,0.0],[25.534261,45.391677,0.0],[25.534197,45.391021,0.0],[25.534043,45.390861,0.0],[25.53331,45.390532,0.0],[25.533158,45.390215,0.0],[25.533066,45.390018,0.0],[25.533122,45.389317,0.0],[25.533065,45.388957,0.0],[25.532901,45.387898,0.0],[25.532348,45.38755,0.0],[25.532189,45.387397,0.0],[25.531579,45.386828,0.0],[25.531102,45.386091,0.0],[25.530814,45.385508,0.0],[25.530795,45.385142,0.0],[25.530744,45.384961,0.0],[25.530508,45.384395,0.0],[25.530349,45.383214,0.0],[25.530309,45.382516,0.0],[25.530425,45.381983,0.0],[25.530414,45.38194,0.0],[25.53039,45.381847,0.0],[25.530329,45.381699,0.0],[25.530251,45.381491,0.0],[25.530061,45.381268,0.0],[25.52953,45.38064,0.0],[25.529549,45.380603,0.0],[25.529622,45.380498,0.0],[25.529729,45.380394,0.0],[25.529955,45.380179,0.0],[25.53026,45.379865,0.0],[25.530548,45.379618,0.0],[25.530807,45.379053,0.0],[25.531005,45.378445,0.0],[25.531331,45.37789,0.0],[25.531426,45.377714,0.0],[25.53142,45.377296,0.0],[25.531313,45.376942,0.0],[25.531417,45.376323,0.0],[25.531787,45.375676,0.0],[25.532115,45.374611,0.0],[25.532198,45.373996,0.0],[25.53225,45.373409,0.0],[25.532416,45.372748,0.0],[25.532394,45.372366,0.0],[25.532393,45.37235,0.0],[25.532368,45.372048,0.0],[25.532363,45.371804,0.0],[25.532501,45.371401,0.0],[25.532559,45.37131,0.0],[25.532744,45.371019,0.0],[25.532823,45.370853,0.0],[25.533026,45.370513,0.0],[25.53302,45.369902,0.0],[25.533034,45.369567,0.0],[25.533169,45.368957,0.0],[25.533221,45.368756,0.0],[25.533939,45.367565,0.0],[25.533955,45.367528,0.0],[25.533924,45.367319,0.0],[25.533834,45.366816,0.0],[25.533812,45.366636,0.0],[25.534047,45.366054,0.0],[25.534004,45.365408,0.0],[25.533993,45.365291,0.0],[25.533949,45.365118,0.0],[25.533846,45.364775,0.0],[25.533784,45.364569,0.0],[25.533536,45.363465,0.0],[25.533956,45.361938,0.0],[25.53365,45.361608,0.0],[25.533433,45.361308,0.0],[25.533172,45.360893,0.0],[25.533094,45.360663,0.0],[25.532985,45.359962,0.0],[25.532976,45.359813,0.0]]],"type":"MultiLineString"},"properties":{"tip_retea":"Gaze","stare":"Existent","operator":"Transgaz","adancime":null,"detalii":"Conductă transport - E.T. Brașov","_s":{"f":"#232323","fo":0.0,"s":"#232323","so":1.0,"w":3.78,"r":5.0,"cap":"square","join":"bevel","ml":true},"_c":2}},{"type":"Feature","geometry":{"coordinates":[[[25.563036,45.465903,0.0],[25.563368,45.465566,0.0],[25.563746,45.465142,0.0],[25.564203,45.463867,0.0],[25.564277,45.463704,0.0],[25.564487,45.463308,0.0],[25.564651,45.463198,0.0],[25.564776,45.463107,0.0],[25.564818,45.463072,0.0],[25.564837,45.463032,0.0],[25.564717,45.462917,0.0],[25.564655,45.462873,0.0],[25.564653,45.462844,0.0],[25.564723,45.462809,0.0],[25.564862,45.462746,0.0],[25.565002,45.46263,0.0],[25.565284,45.462316,0.0],[25.565474,45.462103,0.0],[25.565643,45.461915,0.0],[25.565779,45.461766,0.0],[25.566049,45.461467,0.0],[25.566317,45.461165,0.0],[25.566522,45.460945,0.0],[25.566628,45.460728,0.0],[25.566704,45.460454,0.0],[25.56679,45.460175,0.0],[25.566868,45.459913,0.0],[25.566946,45.459641,0.0],[25.566988,45.459437,0.0],[25.567055,45.459002,0.0],[25.566969,45.458723,0.0],[25.566986,45.458668,0.0],[25.56695,45.458516,0.0],[25.566943,45.458487,0.0],[25.566802,45.457651,0.0],[25.566717,45.456904,0.0],[25.566653,45.456456,0.0],[25.566489,45.456014,0.0],[25.566251,45.455615,0.0],[25.566221,45.45557,0.0],[25.566077,45.455341,0.0],[25.565908,45.455062,0.0],[25.565713,45.454734,0.0],[25.565541,45.454435,0.0],[25.565105,45.454047,0.0],[25.564709,45.453513,0.0],[25.564398,45.452984,0.0],[25.56412,45.452658,0.0],[25.563666,45.452355,0.0],[25.563503,45.452069,0.0],[25.563255,45.451713,0.0],[25.563185,45.451675,0.0]]],"type":"MultiLineString"},"properties":{"tip_retea":"Gaze","stare":"Existent","operator":"Transgaz","adancime":null,"detalii":"Conductă transport - E.T. Brașov","_s":{"f":"#232323","fo":0.0,"s":"#232323","so":1.0,"w":3.78,"r":5.0,"cap":"square","join":"bevel","ml":true},"_c":2}},{"type":"Feature","geometry":{"coordinates":[[[25.510541,45.469092,0.0],[25.510511,45.468961,0.0],[25.510488,45.468873,0.0],[25.510437,45.468261,0.0],[25.510454,45.467802,0.0],[25.510677,45.467123,0.0],[25.510948,45.466827,0.0],[25.511148,45.466442,0.0],[25.511261,45.465656,0.0],[25.511367,45.465286,0.0],[25.511491,45.46452,0.0],[25.511552,45.464127,0.0],[25.511518,45.463827,0.0],[25.511741,45.463108,0.0],[25.512247,45.462533,0.0],[25.512685,45.461849,0.0],[25.512922,45.461044,0.0],[25.513287,45.460438,0.0],[25.513726,45.460033,0.0],[25.514245,45.459761,0.0],[25.515163,45.459038,0.0],[25.515468,45.458596,0.0],[25.515479,45.458005,0.0],[25.515541,45.457113,0.0],[25.515409,45.456369,0.0],[25.515232,45.455684,0.0],[25.515326,45.455024,0.0],[25.515378,45.454601,0.0],[25.515225,45.453798,0.0],[25.515279,45.453624,0.0],[25.515752,45.452664,0.0],[25.515971,45.452097,0.0],[25.516561,45.451664,0.0],[25.517025,45.451466,0.0],[25.517361,45.451277,0.0],[25.518032,45.450916,0.0],[25.518787,45.450517,0.0],[25.520077,45.449375,0.0],[25.520081,45.449371,0.0],[25.520304,45.449091,0.0],[25.520475,45.448923,0.0],[25.520653,45.448737,0.0],[25.520809,45.448576,0.0],[25.521045,45.448323,0.0],[25.521248,45.448127,0.0],[25.521369,45.447982,0.0],[25.521465,45.447839,0.0],[25.521823,45.447422,0.0],[25.521917,45.447257,0.0],[25.522009,45.447037,0.0],[25.522014,45.446954,0.0],[25.521895,45.44673,0.0],[25.521834,45.446593,0.0],[25.521867,45.446433,0.0],[25.522174,45.446004,0.0],[25.522341,45.445689,0.0],[25.522623,45.445251,0.0],[25.522807,45.444928,0.0],[25.52315,45.444452,0.0],[25.523477,45.444011,0.0],[25.523561,45.443937,0.0]]],"type":"MultiLineString"},"properties":{"tip_retea":"Gaze","stare":"Existent","operator":"Transgaz","adancime":null,"detalii":"Conductă transport - E.T. Brașov","_s":{"f":"#232323","fo":0.0,"s":"#232323","so":1.0,"w":3.78,"r":5.0,"cap":"square","join":"bevel","ml":true},"_c":2}},{"type":"Feature","geometry":{"coordinates":[[[25.523561,45.443937,0.0],[25.523859,45.443822,0.0]]],"type":"MultiLineString"},"properties":{"tip_retea":"Gaze","stare":"Existent","operator":"Transgaz","adancime":null,"detalii":"Conductă transport - E.T. Brașov","_s":{"f":"#232323","fo":0.0,"s":"#232323","so":1.0,"w":3.78,"r":5.0,"cap":"square","join":"bevel","ml":true},"_c":2}},{"type":"Feature","geometry":{"coordinates":[[[25.523859,45.443822,0.0],[25.523941,45.443783,0.0],[25.524346,45.443239,0.0],[25.524421,45.442964,0.0]]],"type":"MultiLineString"},"properties":{"tip_retea":"Gaze","stare":"Existent","operator":"Transgaz","adancime":null,"detalii":"Conductă transport - E.T. Brașov","_s":{"f":"#232323","fo":0.0,"s":"#232323","so":1.0,"w":3.78,"r":5.0,"cap":"square","join":"bevel","ml":true},"_c":2}},{"type":"Feature","geometry":{"coordinates":[[[25.524421,45.442964,0.0],[25.524506,45.442653,0.0]]],"type":"MultiLineString"},"properties":{"tip_retea":"Gaze","stare":"Existent","operator":"Transgaz","adancime":null,"detalii":"Conductă transport - E.T. Brașov","_s":{"f":"#232323","fo":0.0,"s":"#232323","so":1.0,"w":3.78,"r":5.0,"cap":"square","join":"bevel","ml":true},"_c":2}},{"type":"Feature","geometry":{"coordinates":[[[25.524506,45.442653,0.0],[25.524835,45.441798,0.0],[25.525297,45.441311,0.0],[25.525643,45.440895,0.0],[25.526042,45.440337,0.0],[25.526628,45.439502,0.0],[25.526976,45.438976,0.0],[25.527265,45.438561,0.0],[25.527795,45.437841,0.0],[25.528288,45.437261,0.0],[25.52861,45.436743,0.0],[25.528989,45.436208,0.0],[25.529188,45.435936,0.0],[25.529152,45.435629,0.0],[25.52913,45.435495,0.0],[25.529259,45.435239,0.0],[25.529669,45.434573,0.0],[25.529921,45.434056,0.0],[25.530237,45.433432,0.0],[25.530436,45.433007,0.0],[25.530961,45.4317,0.0],[25.531261,45.431031,0.0],[25.531411,45.430699,0.0],[25.531411,45.430041,0.0],[25.531411,45.430028,0.0],[25.531411,45.430008,0.0]]],"type":"MultiLineString"},"properties":{"tip_retea":"Gaze","stare":"Existent","operator":"Transgaz","adancime":null,"detalii":"Conductă transport - E.T. Brașov","_s":{"f":"#232323","fo":0.0,"s":"#232323","so":1.0,"w":3.78,"r":5.0,"cap":"square","join":"bevel","ml":true},"_c":2}},{"type":"Feature","geometry":{"coordinates":[[[25.525133,45.420356,0.0],[25.525087,45.420234,0.0]]],"type":"MultiLineString"},"properties":{"tip_retea":"Gaze","stare":"Existent","operator":"Transgaz","adancime":null,"detalii":"Conductă transport - E.T. Brașov","_s":{"f":"#232323","fo":0.0,"s":"#232323","so":1.0,"w":3.78,"r":5.0,"cap":"square","join":"bevel","ml":true},"_c":2}},{"type":"Feature","geometry":{"coordinates":[[[25.520629,45.407796,0.0],[25.520463,45.40753,0.0]]],"type":"MultiLineString"},"properties":{"tip_retea":"Gaze","stare":"Existent","operator":"Transgaz","adancime":null,"detalii":"Conductă transport - E.T. Brașov","_s":{"f":"#232323","fo":0.0,"s":"#232323","so":1.0,"w":3.78,"r":5.0,"cap":"square","join":"bevel","ml":true},"_c":2}},{"type":"Feature","geometry":{"coordinates":[[[25.563185,45.451675,0.0],[25.563133,45.451646,0.0],[25.563011,45.451574,0.0],[25.562961,45.451641,0.0],[25.562896,45.451631,0.0]]],"type":"MultiLineString"},"properties":{"tip_retea":"Gaze","stare":"Existent","operator":"Transgaz","adancime":null,"detalii":"Conductă transport - E.T. Brașov","_s":{"f":"#232323","fo":0.0,"s":"#232323","so":1.0,"w":3.78,"r":5.0,"cap":"square","join":"bevel","ml":true},"_c":2}},{"type":"Feature","geometry":{"coordinates":[[[25.523852,45.443794,0.0],[25.52429,45.443221,0.0],[25.52443,45.442728,0.0],[25.524787,45.441796,0.0],[25.525238,45.441312,0.0],[25.525588,45.440885,0.0],[25.526102,45.440219,0.0],[25.526554,45.439501,0.0],[25.526896,45.438951,0.0],[25.527719,45.437805,0.0],[25.528481,45.436643,0.0],[25.528714,45.43614,0.0],[25.528872,45.435825,0.0],[25.528988,45.435635,0.0],[25.529167,45.435258,0.0],[25.529593,45.434549,0.0],[25.530139,45.433425,0.0],[25.530341,45.432971,0.0],[25.530848,45.431703,0.0],[25.531146,45.431037,0.0],[25.531321,45.430659,0.0],[25.531326,45.430041,0.0],[25.531327,45.430028,0.0],[25.531328,45.430011,0.0],[25.531328,45.429993,0.0],[25.531329,45.429977,0.0],[25.531339,45.429832,0.0],[25.531369,45.429403,0.0],[25.531394,45.429024,0.0],[25.531388,45.428762,0.0],[25.531173,45.428114,0.0],[25.53112,45.427814,0.0],[25.531084,45.427438,0.0],[25.530957,45.426776,0.0],[25.530694,45.425143,0.0],[25.530613,45.424655,0.0],[25.530501,45.424038,0.0],[25.530183,45.423501,0.0],[25.529863,45.423153,0.0],[25.529052,45.42278,0.0],[25.528293,45.422349,0.0],[25.527656,45.421887,0.0],[25.527433,45.421727,0.0],[25.527014,45.421467,0.0],[25.526288,45.42114,0.0],[25.525987,45.421049,0.0],[25.525387,45.42082,0.0],[25.525253,45.420659,0.0],[25.525185,45.420352,0.0],[25.525197,45.420199,0.0],[25.525153,45.420125,0.0],[25.525152,45.420103,0.0],[25.52515,45.420067,0.0],[25.52515,45.420056,0.0],[25.525146,45.419956,0.0],[25.525145,45.419937,0.0],[25.525149,45.419926,0.0],[25.525156,45.419917,0.0],[25.525166,45.419904,0.0],[25.52523,45.419827,0.0],[25.525298,45.41975,0.0],[25.525309,45.419735,0.0],[25.525511,45.419492,0.0],[25.525545,45.419452,0.0],[25.52556,45.419441,0.0],[25.52558,45.419432,0.0],[25.525733,45.419358,0.0],[25.525778,45.419324,0.0],[25.526677,45.41875,0.0],[25.527397,45.418755,0.0],[25.527954,45.418696,0.0],[25.528518,45.41862,0.0],[25.529838,45.418074,0.0],[25.529986,45.41785,0.0],[25.530405,45.417233,0.0],[25.53069,45.416724,0.0],[25.530857,45.416161,0.0],[25.530726,45.415482,0.0],[25.530736,45.415039,0.0],[25.530796,45.414523,0.0],[25.530824,45.414284,0.0],[25.530803,45.413867,0.0],[25.530518,45.413556,0.0],[25.530355,45.413285,0.0],[25.530093,45.413101,0.0],[25.529668,45.4129,0.0],[25.528988,45.412523,0.0],[25.527558,45.412301,0.0],[25.527081,45.412278,0.0],[25.52656,45.41202,0.0],[25.526008,45.411748,0.0],[25.525594,45.411512,0.0],[25.524914,45.411224,0.0],[25.524518,45.410958,0.0],[25.524419,45.410882,0.0],[25.524011,45.410536,0.0],[25.52384,45.410382,0.0],[25.52363,45.410229,0.0],[25.523552,45.41016,0.0],[25.523056,45.409709,0.0],[25.522717,45.409524,0.0],[25.52208,45.40926,0.0],[25.521457,45.408896,0.0],[25.521285,45.408515,0.0],[25.521109,45.408261,0.0],[25.520737,45.407862,0.0],[25.520525,45.407553,0.0],[25.520346,45.407261,0.0],[25.519862,45.406698,0.0],[25.51975,45.406582,0.0],[25.519664,45.406462,0.0],[25.519684,45.406344,0.0],[25.520234,45.40606,0.0],[25.520446,45.405928,0.0],[25.521686,45.405201,0.0],[25.521994,45.40503,0.0],[25.522604,45.404696,0.0],[25.523027,45.404649,0.0],[25.523753,45.404636,0.0],[25.525731,45.403968,0.0],[25.528937,45.403449,0.0],[25.530089,45.402757,0.0],[25.530411,45.401989,0.0],[25.530804,45.401102,0.0],[25.531582,45.400334,0.0],[25.531789,45.400023,0.0],[25.532152,45.399505,0.0],[25.532571,45.399079,0.0],[25.53281,45.39878,0.0],[25.533189,45.398267,0.0],[25.533324,45.397755,0.0],[25.533454,45.397399,0.0],[25.533535,45.39712,0.0],[25.533418,45.396811,0.0],[25.533289,45.396322,0.0],[25.53294,45.395561,0.0],[25.532645,45.394662,0.0],[25.532508,45.393815,0.0],[25.532498,45.39353,0.0],[25.532576,45.392765,0.0],[25.532565,45.392228,0.0],[25.53258,45.392117,0.0],[25.532615,45.391577,0.0],[25.532622,45.391211,0.0],[25.532878,45.389979,0.0],[25.533015,45.389335,0.0],[25.532993,45.388978,0.0],[25.532934,45.388628,0.0],[25.532853,45.387907,0.0],[25.532673,45.387732,0.0],[25.532259,45.387317,0.0],[25.531927,45.386989,0.0],[25.531739,45.386788,0.0],[25.53113,45.386084,0.0],[25.530852,45.385503,0.0],[25.530819,45.385161,0.0],[25.530664,45.384625,0.0],[25.530583,45.384364,0.0],[25.530414,45.383197,0.0],[25.530368,45.382536,0.0],[25.530523,45.381974,0.0],[25.530519,45.381926,0.0],[25.530511,45.381914,0.0],[25.530458,45.381881,0.0],[25.530205,45.381722,0.0],[25.529913,45.381562,0.0],[25.529656,45.381384,0.0],[25.529323,45.381059,0.0],[25.529419,45.380741,0.0],[25.529486,45.380624,0.0],[25.529541,45.380548,0.0],[25.530245,45.379997,0.0],[25.530812,45.379748,0.0],[25.530852,45.379679,0.0],[25.530861,45.379366,0.0],[25.531071,45.378467,0.0],[25.531401,45.377934,0.0],[25.53151,45.377731,0.0],[25.531506,45.377268,0.0],[25.531394,45.376981,0.0],[25.53148,45.376359,0.0],[25.531843,45.375698,0.0],[25.532185,45.374616,0.0],[25.532266,45.374008,0.0],[25.532361,45.373437,0.0],[25.532772,45.372734,0.0],[25.532892,45.372551,0.0],[25.53291,45.372371,0.0],[25.532794,45.372275,0.0],[25.532567,45.372064,0.0],[25.532447,45.371867,0.0],[25.532581,45.371541,0.0],[25.532656,45.371369,0.0],[25.532924,45.371183,0.0],[25.532981,45.371125,0.0],[25.533196,45.37078,0.0],[25.533099,45.37052,0.0],[25.533087,45.369619,0.0],[25.533252,45.36907,0.0],[25.533326,45.368821,0.0],[25.533355,45.368733,0.0],[25.534036,45.367531,0.0],[25.533987,45.367341,0.0],[25.533896,45.366812,0.0],[25.533862,45.366583,0.0],[25.534105,45.366039,0.0],[25.534062,45.365416,0.0],[25.534049,45.365319,0.0],[25.534,45.365096,0.0],[25.533928,45.364821,0.0],[25.533852,45.364549,0.0],[25.533575,45.363429,0.0],[25.533777,45.361906,0.0],[25.533605,45.361626,0.0],[25.533382,45.361307,0.0],[25.533224,45.361104,0.0],[25.53306,45.360626,0.0],[25.532903,45.359935,0.0],[25.532927,45.359728,0.0]]],"type":"MultiLineString"},"properties":{"tip_retea":"Gaze","stare":"Existent","operator":"Transgaz","adancime":null,"detalii":"Conductă transport - E.T. Brașov","_s":{"f":"#232323","fo":0.0,"s":"#232323","so":1.0,"w":3.78,"r":5.0,"cap":"square","join":"bevel","ml":true},"_c":2}},{"type":"Feature","geometry":{"coordinates":[[[25.523506,45.444174,0.0],[25.523573,45.444086,0.0],[25.52362,45.444014,0.0],[25.523755,45.443892,0.0],[25.523837,45.443814,0.0],[25.523852,45.443794,0.0]]],"type":"MultiLineString"},"properties":{"tip_retea":"Gaze","stare":"Existent","operator":"Transgaz","adancime":null,"detalii":"Conductă transport - E.T. Brașov","_s":{"f":"#232323","fo":0.0,"s":"#232323","so":1.0,"w":3.78,"r":5.0,"cap":"square","join":"bevel","ml":true},"_c":2}},{"type":"Feature","geometry":{"coordinates":[[[25.531411,45.430008,0.0],[25.531411,45.429977,0.0],[25.531411,45.429972,0.0],[25.531306,45.42982,0.0],[25.531235,45.429085,0.0],[25.531342,45.428835,0.0],[25.53132,45.428673,0.0],[25.531136,45.42817,0.0],[25.531013,45.427747,0.0],[25.530944,45.427433,0.0],[25.530817,45.426395,0.0],[25.530744,45.425869,0.0],[25.53065,45.425159,0.0],[25.530541,45.424705,0.0],[25.530409,45.424014,0.0],[25.530114,45.423517,0.0],[25.529824,45.423199,0.0],[25.529197,45.422955,0.0],[25.528224,45.42238,0.0],[25.527645,45.421945,0.0],[25.527393,45.421787,0.0],[25.5269,45.421486,0.0],[25.526266,45.421176,0.0],[25.525843,45.42103,0.0],[25.52526,45.420824,0.0],[25.52516,45.420685,0.0],[25.525133,45.420356,0.0]]],"type":"MultiLineString"},"properties":{"tip_retea":"Gaze","stare":"Existent","operator":"Transgaz","adancime":null,"detalii":"Conductă transport - E.T. Brașov","_s":{"f":"#232323","fo":0.0,"s":"#232323","so":1.0,"w":3.78,"r":5.0,"cap":"square","join":"bevel","ml":true},"_c":2}},{"type":"Feature","geometry":{"coordinates":[[[25.53266,45.35535,0.0],[25.532542,45.354411,0.0],[25.532472,45.35329,0.0],[25.532659,45.352906,0.0],[25.533048,45.352267,0.0],[25.533182,45.351856,0.0],[25.533228,45.351572,0.0],[25.533218,45.351487,0.0],[25.533191,45.351379,0.0],[25.533179,45.351295,0.0],[25.53317,45.351219,0.0],[25.533154,45.351061,0.0],[25.533173,45.350975,0.0],[25.533229,45.350884,0.0],[25.533247,45.350835,0.0],[25.53325,45.350811,0.0],[25.533288,45.350522,0.0],[25.533286,45.350467,0.0],[25.533229,45.35017,0.0],[25.53322,45.350138,0.0],[25.53321,45.350106,0.0],[25.533176,45.35,0.0],[25.533138,45.349887,0.0],[25.533112,45.349794,0.0],[25.533098,45.349753,0.0],[25.533081,45.349696,0.0],[25.533079,45.349689,0.0],[25.533055,45.349618,0.0],[25.533048,45.349603,0.0],[25.533017,45.349569,0.0],[25.532991,45.349539,0.0],[25.532938,45.349474,0.0],[25.532899,45.349426,0.0],[25.532797,45.349304,0.0],[25.532685,45.349144,0.0],[25.532577,45.349012,0.0],[25.532455,45.348862,0.0],[25.532337,45.348721,0.0],[25.53226,45.348626,0.0],[25.532213,45.348561,0.0],[25.532178,45.348508,0.0],[25.532146,45.348452,0.0],[25.531636,45.347661,0.0],[25.531131,45.346806,0.0],[25.531111,45.346753,0.0],[25.531036,45.346513,0.0],[25.530999,45.34592,0.0],[25.531164,45.345361,0.0],[25.531336,45.344905,0.0],[25.531781,45.344313,0.0],[25.531905,45.34387,0.0],[25.531972,45.343785,0.0],[25.532312,45.343567,0.0],[25.533112,45.342927,0.0],[25.534441,45.342504,0.0],[25.535,45.342304,0.0],[25.536038,45.34196,0.0],[25.536858,45.341727,0.0],[25.538265,45.341314,0.0],[25.538903,45.341157,0.0],[25.539778,45.341167,0.0],[25.540932,45.341175,0.0],[25.541901,45.341129,0.0],[25.542209,45.340768,0.0],[25.542526,45.340337,0.0],[25.54263,45.340273,0.0],[25.54293,45.340139,0.0],[25.543584,45.339851,0.0],[25.544488,45.339482,0.0],[25.545375,45.33897,0.0],[25.546043,45.338596,0.0],[25.546673,45.338085,0.0],[25.547332,45.3374,0.0],[25.548121,45.336547,0.0],[25.549241,45.335482,0.0],[25.549775,45.335087,0.0],[25.549903,45.335021,0.0],[25.550446,45.334754,0.0],[25.550961,45.334448,0.0]]],"type":"MultiLineString"},"properties":{"tip_retea":"Gaze","stare":"Existent","operator":"Transgaz","adancime":null,"detalii":"Conductă transport - E.T. Brașov","_s":{"f":"#232323","fo":0.0,"s":"#232323","so":1.0,"w":3.78,"r":5.0,"cap":"square","join":"bevel","ml":true},"_c":2}},{"type":"Feature","geometry":{"coordinates":[[[25.525087,45.420234,0.0],[25.525066,45.420178,0.0],[25.525055,45.420129,0.0],[25.525036,45.420022,0.0],[25.525039,45.419994,0.0],[25.525269,45.419714,0.0],[25.525349,45.419622,0.0],[25.52543,45.419531,0.0],[25.525466,45.419489,0.0],[25.525547,45.419397,0.0],[25.525566,45.419383,0.0],[25.525663,45.41933,0.0],[25.525706,45.419326,0.0],[25.525754,45.419315,0.0],[25.526463,45.418786,0.0],[25.526608,45.418718,0.0],[25.527397,45.418711,0.0],[25.527932,45.418646,0.0],[25.528536,45.418554,0.0],[25.529195,45.418244,0.0],[25.529798,45.418039,0.0],[25.529937,45.417858,0.0],[25.530363,45.417195,0.0],[25.530591,45.416705,0.0],[25.530755,45.41615,0.0],[25.53061,45.415496,0.0],[25.530666,45.414997,0.0],[25.530702,45.414678,0.0],[25.530643,45.413879,0.0],[25.530411,45.413564,0.0],[25.53027,45.413305,0.0],[25.53003,45.413155,0.0],[25.529606,45.412961,0.0],[25.528743,45.412563,0.0],[25.528441,45.412509,0.0],[25.527558,45.412354,0.0],[25.527016,45.412341,0.0],[25.526569,45.412105,0.0],[25.525516,45.411549,0.0],[25.524895,45.411293,0.0],[25.524438,45.411011,0.0],[25.524366,45.410947,0.0],[25.523939,45.410595,0.0],[25.523772,45.410457,0.0],[25.523588,45.410317,0.0],[25.523221,45.409938,0.0],[25.522416,45.409447,0.0],[25.522089,45.409285,0.0],[25.521428,45.408932,0.0],[25.52118,45.408509,0.0],[25.521099,45.408389,0.0],[25.521039,45.40828,0.0],[25.520629,45.407796,0.0]]],"type":"MultiLineString"},"properties":{"tip_retea":"Gaze","stare":"Existent","operator":"Transgaz","adancime":null,"detalii":"Conductă transport - E.T. Brașov","_s":{"f":"#232323","fo":0.0,"s":"#232323","so":1.0,"w":3.78,"r":5.0,"cap":"square","join":"bevel","ml":true},"_c":2}},{"type":"Feature","geometry":{"coordinates":[[[25.520463,45.40753,0.0],[25.520278,45.407309,0.0],[25.519517,45.406452,0.0],[25.519595,45.406277,0.0],[25.520178,45.405984,0.0],[25.520773,45.405658,0.0],[25.521602,45.405174,0.0],[25.521923,45.404998,0.0],[25.522616,45.404631,0.0],[25.523039,45.404614,0.0],[25.52364,45.404606,0.0],[25.524498,45.404197,0.0],[25.52594,45.40373,0.0],[25.528928,45.403393,0.0],[25.530039,45.402731,0.0],[25.530328,45.401957,0.0],[25.530791,45.401081,0.0],[25.531511,45.400265,0.0],[25.531717,45.399985,0.0],[25.532076,45.39942,0.0],[25.532535,45.398985,0.0],[25.532772,45.398742,0.0],[25.533128,45.398265,0.0],[25.53326,45.397708,0.0],[25.533351,45.397393,0.0],[25.533387,45.39727,0.0],[25.53337,45.396809,0.0],[25.533215,45.396346,0.0],[25.532886,45.395574,0.0],[25.532581,45.394689,0.0],[25.532408,45.393813,0.0],[25.532406,45.393546,0.0],[25.532512,45.392759,0.0],[25.532506,45.392093,0.0],[25.532549,45.391582,0.0],[25.532566,45.39119,0.0],[25.532725,45.390175,0.0],[25.532944,45.388967,0.0],[25.532904,45.388644,0.0],[25.532768,45.388044,0.0],[25.532463,45.38775,0.0],[25.532114,45.387413,0.0],[25.531521,45.386823,0.0],[25.531079,45.386101,0.0],[25.53079,45.385505,0.0],[25.530788,45.385197,0.0],[25.530771,45.385158,0.0],[25.530415,45.384349,0.0],[25.530255,45.383226,0.0],[25.530193,45.382457,0.0],[25.530283,45.381998,0.0],[25.530195,45.38179,0.0],[25.529662,45.38145,0.0],[25.529276,45.381065,0.0],[25.52909,45.380543,0.0],[25.529119,45.380379,0.0],[25.52953,45.379787,0.0],[25.529736,45.379553,0.0],[25.53047,45.378785,0.0],[25.531036,45.377973,0.0],[25.531215,45.377617,0.0],[25.531222,45.376938,0.0],[25.531392,45.376266,0.0],[25.531741,45.375623,0.0],[25.531994,45.374583,0.0],[25.532204,45.372324,0.0],[25.53225,45.371839,0.0],[25.532356,45.371426,0.0],[25.532781,45.370834,0.0],[25.532844,45.370586,0.0],[25.532905,45.369919,0.0],[25.53309,45.368876,0.0],[25.533147,45.368742,0.0],[25.533826,45.367349,0.0],[25.533725,45.366897,0.0],[25.533914,45.366075,0.0],[25.533955,45.365424,0.0],[25.533945,45.365238,0.0],[25.533914,45.365136,0.0],[25.533883,45.365023,0.0],[25.533825,45.364822,0.0],[25.533736,45.364604,0.0],[25.533519,45.363537,0.0],[25.533494,45.363439,0.0],[25.533931,45.361847,0.0],[25.533685,45.361582,0.0],[25.533466,45.361316,0.0],[25.533223,45.360902,0.0],[25.533127,45.36068,0.0],[25.53304,45.360048,0.0],[25.533028,45.3598,0.0]]],"type":"MultiLineString"},"properties":{"tip_retea":"Gaze","stare":"Existent","operator":"Transgaz","adancime":null,"detalii":"Conductă transport - E.T. Brașov","_s":{"f":"#232323","fo":0.0,"s":"#232323","so":1.0,"w":3.78,"r":5.0,"cap":"square","join":"bevel","ml":true},"_c":2}},{"type":"Feature","geometry":{"coordinates":[[[25.532854,45.356313,0.0],[25.532621,45.354461,0.0],[25.532616,45.353846,0.0],[25.532568,45.353329,0.0],[25.532777,45.352881,0.0],[25.533138,45.352256,0.0],[25.533238,45.352063,0.0],[25.533276,45.351651,0.0],[25.533247,45.351438,0.0],[25.533226,45.351329,0.0],[25.533221,45.351277,0.0],[25.53327,45.35097,0.0],[25.533305,45.350816,0.0],[25.533336,45.350597,0.0],[25.533295,45.350309,0.0],[25.53325,45.350156,0.0],[25.533243,45.350129,0.0],[25.533235,45.350105,0.0],[25.533227,45.350073,0.0],[25.53322,45.35005,0.0],[25.533201,45.349994,0.0],[25.533185,45.34993,0.0],[25.533171,45.349877,0.0],[25.53316,45.349841,0.0],[25.533142,45.349779,0.0],[25.533141,45.349774,0.0],[25.53314,45.349771,0.0],[25.53314,45.349767,0.0],[25.533139,45.349763,0.0],[25.533131,45.349716,0.0],[25.533125,45.349675,0.0],[25.533114,45.349617,0.0],[25.533111,45.3496,0.0],[25.533103,45.349556,0.0],[25.533092,45.349496,0.0],[25.533087,45.349456,0.0],[25.533081,45.349432,0.0],[25.533067,45.34937,0.0],[25.53303,45.349173,0.0],[25.532961,45.349018,0.0],[25.532865,45.348921,0.0],[25.532726,45.348828,0.0],[25.53257,45.348724,0.0],[25.532432,45.348619,0.0],[25.532271,45.348476,0.0],[25.532236,45.348447,0.0],[25.532228,45.348435,0.0],[25.532224,45.348429,0.0],[25.531984,45.34807,0.0],[25.531661,45.347564,0.0],[25.531317,45.346904,0.0],[25.531173,45.346352,0.0],[25.531708,45.346036,0.0],[25.532131,45.345976,0.0],[25.532601,45.344896,0.0],[25.532809,45.34424,0.0],[25.533017,45.343517,0.0],[25.533163,45.343234,0.0],[25.533803,45.343014,0.0],[25.536196,45.342108,0.0],[25.536884,45.341887,0.0],[25.537591,45.34171,0.0],[25.538381,45.341706,0.0],[25.539444,45.341723,0.0],[25.540543,45.341595,0.0],[25.541171,45.341274,0.0],[25.541884,45.341185,0.0],[25.54234,45.341165,0.0],[25.543102,45.340667,0.0],[25.544134,45.339903,0.0],[25.544569,45.339513,0.0],[25.545414,45.338985,0.0],[25.546126,45.338566,0.0],[25.546683,45.338111,0.0],[25.547395,45.337427,0.0],[25.548178,45.33657,0.0],[25.548282,45.336445,0.0],[25.549312,45.335481,0.0],[25.549812,45.335116,0.0],[25.550501,45.334773,0.0],[25.550988,45.334472,0.0]]],"type":"MultiLineString"},"properties":{"tip_retea":"Gaze","stare":"Existent","operator":"Transgaz","adancime":null,"detalii":"Conductă transport - E.T. Brașov","_s":{"f":"#232323","fo":0.0,"s":"#232323","so":1.0,"w":3.78,"r":5.0,"cap":"square","join":"bevel","ml":true},"_c":2}},{"type":"Feature","geometry":{"coordinates":[[[25.532515,45.357492,0.0],[25.532564,45.35699,0.0],[25.532565,45.356631,0.0],[25.532539,45.356212,0.0],[25.532521,45.355323,0.0],[25.532486,45.354973,0.0],[25.532459,45.3544,0.0],[25.532408,45.353873,0.0],[25.532365,45.353291,0.0],[25.532558,45.352917,0.0],[25.532998,45.352256,0.0],[25.533125,45.351881,0.0],[25.533194,45.351533,0.0],[25.533112,45.351288,0.0],[25.533103,45.351197,0.0],[25.533116,45.35106,0.0],[25.533145,45.350936,0.0],[25.533161,45.350901,0.0],[25.533208,45.350781,0.0],[25.533244,45.350545,0.0],[25.533243,45.350501,0.0],[25.533229,45.350447,0.0],[25.533215,45.350358,0.0],[25.533199,45.350256,0.0],[25.533191,45.35018,0.0],[25.533186,45.350137,0.0],[25.533185,45.35013,0.0],[25.533184,45.350123,0.0],[25.533174,45.350098,0.0],[25.533118,45.349916,0.0],[25.533107,45.349878,0.0],[25.533085,45.349814,0.0],[25.533071,45.349769,0.0],[25.53304,45.349671,0.0],[25.533033,45.349657,0.0],[25.532977,45.349562,0.0],[25.532936,45.349496,0.0],[25.532931,45.349488,0.0],[25.532754,45.349285,0.0],[25.532715,45.34924,0.0],[25.532674,45.349185,0.0],[25.532504,45.348975,0.0],[25.532395,45.348846,0.0],[25.532263,45.348686,0.0],[25.532181,45.34859,0.0],[25.532094,45.34846,0.0],[25.531563,45.347626,0.0],[25.531255,45.347112,0.0],[25.531074,45.346819,0.0],[25.530994,45.346486,0.0],[25.530935,45.345926,0.0],[25.530961,45.345256,0.0],[25.531314,45.344841,0.0],[25.531731,45.344299,0.0],[25.531983,45.343892,0.0],[25.532427,45.34375,0.0],[25.532287,45.343525,0.0],[25.533079,45.342901,0.0],[25.534971,45.342277,0.0],[25.536374,45.3418,0.0],[25.538233,45.341244,0.0],[25.538882,45.341118,0.0],[25.539765,45.341125,0.0],[25.540913,45.341094,0.0],[25.541903,45.341068,0.0],[25.542131,45.340728,0.0],[25.542499,45.340313,0.0],[25.54267,45.340224,0.0],[25.543618,45.339804,0.0],[25.544567,45.339411,0.0],[25.545343,45.338935,0.0],[25.546022,45.338557,0.0],[25.546605,45.338058,0.0],[25.547312,45.33738,0.0],[25.548195,45.336423,0.0],[25.549217,45.335458,0.0],[25.549751,45.335064,0.0],[25.550728,45.334379,0.0]]],"type":"MultiLineString"},"properties":{"tip_retea":"Gaze","stare":"Existent","operator":"Transgaz","adancime":null,"detalii":"Conductă transport - E.T. Brașov","_s":{"f":"#232323","fo":0.0,"s":"#232323","so":1.0,"w":3.78,"r":5.0,"cap":"square","join":"bevel","ml":true},"_c":2}},{"type":"Feature","geometry":{"coordinates":[[[25.93313,44.959664,0.0],[25.933123,44.959685,0.0],[25.933108,44.95971,0.0],[25.933073,44.959736,0.0],[25.933027,44.959741,0.0],[25.932981,44.959748,0.0],[25.932908,44.959757,0.0],[25.932874,44.959783,0.0],[25.932788,44.959843,0.0],[25.932421,44.960077,0.0],[25.931942,44.96038,0.0],[25.931658,44.960566,0.0],[25.931304,44.960808,0.0],[25.930722,44.961182,0.0],[25.93057,44.961275,0.0],[25.930331,44.961439,0.0],[25.930117,44.961577,0.0],[25.930089,44.961595,0.0],[25.929733,44.96183,0.0],[25.92945,44.962008,0.0],[25.92901,44.962278,0.0],[25.928881,44.962364,0.0],[25.928739,44.962459,0.0],[25.928505,44.96261,0.0],[25.928165,44.962834,0.0],[25.927706,44.96313,0.0],[25.92752,44.96326,0.0],[25.927053,44.963569,0.0],[25.926682,44.96377,0.0],[25.926614,44.963805,0.0],[25.926522,44.963862,0.0],[25.926481,44.963888,0.0],[25.926449,44.963906,0.0],[25.926442,44.963936,0.0],[25.926444,44.96396,0.0],[25.926438,44.964025,0.0],[25.926439,44.964057,0.0],[25.926442,44.964154,0.0],[25.926442,44.964178,0.0],[25.926435,44.964249,0.0],[25.926432,44.964273,0.0],[25.926435,44.964303,0.0],[25.926414,44.964327,0.0],[25.926381,44.964337,0.0],[25.926355,44.964349,0.0],[25.926157,44.964436,0.0],[25.925867,44.964592,0.0],[25.925507,44.964786,0.0],[25.925101,44.96501,0.0],[25.924819,44.965159,0.0],[25.924557,44.965299,0.0],[25.924391,44.965384,0.0],[25.924322,44.965426,0.0],[25.924118,44.965537,0.0],[25.923987,44.965608,0.0],[25.923777,44.965708,0.0],[25.923518,44.965836,0.0],[25.923263,44.965976,0.0],[25.923109,44.966057,0.0],[25.922981,44.966125,0.0],[25.922585,44.96634,0.0],[25.922163,44.966575,0.0],[25.921911,44.96671,0.0],[25.921636,44.966827,0.0],[25.921484,44.966874,0.0],[25.921451,44.966874,0.0],[25.921429,44.966873,0.0]]],"type":"MultiLineString"},"properties":{"tip_retea":"Gaze","stare":"Existent","operator":"Transgaz","adancime":null,"detalii":"Conductă transport - E.T. București","_s":{"f":"#232323","fo":0.0,"s":"#232323","so":1.0,"w":3.78,"r":5.0,"cap":"square","join":"bevel","ml":true},"_c":3}},{"type":"Feature","geometry":{"coordinates":[[[25.739147,45.105482,0.0],[25.739367,45.105429,0.0],[25.739646,45.105361,0.0],[25.739958,45.105281,0.0],[25.740212,45.105226,0.0],[25.740433,45.105173,0.0],[25.740614,45.105135,0.0],[25.740764,45.105098,0.0],[25.740876,45.105064,0.0],[25.741153,45.104911,0.0],[25.741411,45.104771,0.0],[25.741526,45.104707,0.0],[25.741575,45.104674,0.0],[25.741582,45.104654,0.0],[25.741607,45.104586,0.0],[25.741691,45.104391,0.0],[25.7418,45.104127,0.0],[25.74191,45.103859,0.0],[25.742,45.103667,0.0],[25.742111,45.103585,0.0],[25.74233,45.103421,0.0],[25.742444,45.103333,0.0],[25.742676,45.103158,0.0],[25.742852,45.10303,0.0],[25.743072,45.102867,0.0],[25.743193,45.102779,0.0],[25.74341,45.102604,0.0],[25.743699,45.102382,0.0],[25.743824,45.102285,0.0],[25.743973,45.102174,0.0],[25.744125,45.102057,0.0],[25.744363,45.101884,0.0],[25.744609,45.101704,0.0],[25.744903,45.101489,0.0],[25.745076,45.101356,0.0],[25.745009,45.10141,0.0],[25.745097,45.101332,0.0],[25.745124,45.101301,0.0],[25.745221,45.101152,0.0],[25.745372,45.100871,0.0],[25.745616,45.100475,0.0],[25.745751,45.100248,0.0],[25.746115,45.099603,0.0],[25.746418,45.099099,0.0],[25.746621,45.098754,0.0],[25.746735,45.098574,0.0],[25.746842,45.098405,0.0],[25.746954,45.098237,0.0],[25.747106,45.098005,0.0],[25.74727,45.097774,0.0],[25.747462,45.097516,0.0],[25.747609,45.09734,0.0],[25.747665,45.097273,0.0],[25.747899,45.096998,0.0],[25.748114,45.096761,0.0],[25.74832,45.096519,0.0],[25.748437,45.096217,0.0],[25.748587,45.095825,0.0],[25.748691,45.095561,0.0],[25.748797,45.095269,0.0],[25.748832,45.095155,0.0],[25.7489,45.094955,0.0],[25.748954,45.094794,0.0],[25.749009,45.094614,0.0],[25.749065,45.094425,0.0],[25.749118,45.094205,0.0],[25.749152,45.09401,0.0],[25.749184,45.093731,0.0],[25.749195,45.0936,0.0],[25.7492,45.093398,0.0],[25.749198,45.093173,0.0],[25.749154,45.092693,0.0],[25.749103,45.092413,0.0],[25.749018,45.092119,0.0],[25.748993,45.09207,0.0],[25.748948,45.091818,0.0],[25.748817,45.091428,0.0],[25.748732,45.091184,0.0],[25.748695,45.091037,0.0],[25.748765,45.090928,0.0],[25.748795,45.090882,0.0],[25.748853,45.090791,0.0],[25.748917,45.09069,0.0],[25.749145,45.090325,0.0],[25.74931,45.090074,0.0],[25.749502,45.089777,0.0],[25.749793,45.089312,0.0],[25.750017,45.088798,0.0],[25.750086,45.088617,0.0],[25.750215,45.088263,0.0],[25.750376,45.087866,0.0],[25.750597,45.087429,0.0],[25.750835,45.086908,0.0],[25.750827,45.086665,0.0],[25.750828,45.086601,0.0],[25.750692,45.086404,0.0],[25.750631,45.086346,0.0],[25.750456,45.086314,0.0],[25.749919,45.086235,0.0],[25.749633,45.086194,0.0],[25.749592,45.086188,0.0],[25.74941,45.086154,0.0],[25.74909,45.086319,0.0],[25.748498,45.08593,0.0],[25.74831,45.085767,0.0],[25.748413,45.085483,0.0],[25.748492,45.085331,0.0],[25.748702,45.084891,0.0],[25.749384,45.083077,0.0],[25.749759,45.082078,0.0],[25.750044,45.081371,0.0],[25.750381,45.080614,0.0],[25.75053,45.08024,0.0],[25.751095,45.080245,0.0],[25.752112,45.080214,0.0],[25.753096,45.080211,0.0],[25.753775,45.080228,0.0],[25.755602,45.080402,0.0],[25.755758,45.080222,0.0],[25.75609,45.079922,0.0],[25.756116,45.0799,0.0],[25.756152,45.079866,0.0],[25.756265,45.079781,0.0],[25.756935,45.079319,0.0],[25.758094,45.078775,0.0],[25.759611,45.078346,0.0],[25.76074,45.078272,0.0],[25.761741,45.078204,0.0],[25.763102,45.077791,0.0],[25.764543,45.077285,0.0],[25.765861,45.076288,0.0],[25.766539,45.075824,0.0],[25.767404,45.075373,0.0],[25.768667,45.07486,0.0],[25.770117,45.074061,0.0],[25.770719,45.072612,0.0],[25.771018,45.071836,0.0],[25.771139,45.071529,0.0],[25.770825,45.069925,0.0],[25.770716,45.068644,0.0],[25.771189,45.067607,0.0],[25.771699,45.065969,0.0],[25.772111,45.065496,0.0],[25.772718,45.064807,0.0],[25.772786,45.064695,0.0],[25.772932,45.064505,0.0],[25.773221,45.063458,0.0],[25.773565,45.062278,0.0],[25.773615,45.061566,0.0],[25.773747,45.060678,0.0],[25.773858,45.059485,0.0],[25.774058,45.058491,0.0],[25.775201,45.057171,0.0],[25.776049,45.055354,0.0],[25.776553,45.054354,0.0],[25.776903,45.053479,0.0],[25.776916,45.053437,0.0],[25.77721,45.052696,0.0],[25.777752,45.050875,0.0],[25.778091,45.049719,0.0],[25.778103,45.049664,0.0],[25.778389,45.048785,0.0],[25.778771,45.047441,0.0],[25.779707,45.045045,0.0],[25.780005,45.044088,0.0],[25.78014,45.042466,0.0],[25.780396,45.040437,0.0],[25.780698,45.038661,0.0],[25.780992,45.037478,0.0],[25.781517,45.03618,0.0],[25.781542,45.03613,0.0],[25.781587,45.036051,0.0],[25.782118,45.035137,0.0],[25.782278,45.034879,0.0],[25.782597,45.034239,0.0],[25.78279,45.033431,0.0],[25.782922,45.033032,0.0],[25.783056,45.032681,0.0],[25.783177,45.03238,0.0],[25.783158,45.032328,0.0],[25.782964,45.032178,0.0],[25.779852,45.030043,0.0],[25.779766,45.029991,0.0],[25.779588,45.029855,0.0],[25.77958,45.029811,0.0],[25.779807,45.02915,0.0],[25.780116,45.028253,0.0],[25.780242,45.027966,0.0],[25.780572,45.02711,0.0],[25.780882,45.026238,0.0],[25.781245,45.025426,0.0],[25.781324,45.024544,0.0],[25.781343,45.024487,0.0],[25.781381,45.024357,0.0],[25.781503,45.023973,0.0],[25.781628,45.023896,0.0],[25.781748,45.023816,0.0],[25.782086,45.023592,0.0],[25.782351,45.023447,0.0],[25.7827,45.023249,0.0],[25.783112,45.023018,0.0],[25.783534,45.022818,0.0],[25.783582,45.022791,0.0],[25.784117,45.022359,0.0],[25.784454,45.022096,0.0],[25.784487,45.022055,0.0],[25.784772,45.021381,0.0],[25.784862,45.021167,0.0],[25.785337,45.020018,0.0],[25.785634,45.019438,0.0],[25.786119,45.018551,0.0],[25.78693,45.017604,0.0],[25.78801,45.016612,0.0],[25.789106,45.015935,0.0],[25.790997,45.014521,0.0],[25.791643,45.013532,0.0],[25.792087,45.012573,0.0],[25.792714,45.011463,0.0],[25.793608,45.010218,0.0],[25.793648,45.009999,0.0],[25.793679,45.009409,0.0],[25.793634,45.00831,0.0],[25.793563,45.007646,0.0],[25.794047,45.004975,0.0],[25.794074,45.00449,0.0],[25.794166,45.003066,0.0],[25.794127,45.001898,0.0],[25.794087,45.00143,0.0],[25.794137,45.000955,0.0],[25.794269,45.000092,0.0],[25.794298,44.999765,0.0],[25.794457,44.998981,0.0],[25.794776,44.997744,0.0],[25.794835,44.997271,0.0],[25.794915,44.996606,0.0],[25.794892,44.996446,0.0],[25.794595,44.996169,0.0],[25.794418,44.996022,0.0],[25.793664,44.995286,0.0],[25.793602,44.995243,0.0],[25.792462,44.99525,0.0],[25.789986,44.995222,0.0],[25.788806,44.995209,0.0],[25.788631,44.995211,0.0],[25.788321,44.995028,0.0],[25.788118,44.994811,0.0],[25.787507,44.994065,0.0],[25.787314,44.993873,0.0],[25.787063,44.993681,0.0],[25.786644,44.993634,0.0],[25.785253,44.993717,0.0],[25.783342,44.993888,0.0],[25.782271,44.994046,0.0],[25.780997,44.99421,0.0],[25.779355,44.994413,0.0],[25.777478,44.994651,0.0],[25.776803,44.994729,0.0],[25.776601,44.994754,0.0],[25.776579,44.994714,0.0],[25.776495,44.994572,0.0],[25.776132,44.992995,0.0],[25.776151,44.992254,0.0],[25.776211,44.991769,0.0],[25.776367,44.990685,0.0],[25.776464,44.990049,0.0],[25.776555,44.989436,0.0],[25.776674,44.988597,0.0],[25.7768,44.987779,0.0],[25.776999,44.986745,0.0],[25.777076,44.986014,0.0],[25.777165,44.985414,0.0],[25.777244,44.984853,0.0],[25.777582,44.98377,0.0],[25.777949,44.98275,0.0],[25.778303,44.981639,0.0],[25.778567,44.980813,0.0],[25.778773,44.980243,0.0],[25.778811,44.980137,0.0],[25.778851,44.980021,0.0],[25.778946,44.979743,0.0],[25.779098,44.979298,0.0],[25.779138,44.979181,0.0],[25.779209,44.978974,0.0],[25.779214,44.978961,0.0],[25.779222,44.978939,0.0],[25.779228,44.978923,0.0],[25.779244,44.978881,0.0],[25.77928,44.978785,0.0],[25.779289,44.978761,0.0],[25.779293,44.978749,0.0]]],"type":"MultiLineString"},"properties":{"tip_retea":"Gaze","stare":"Existent","operator":"Transgaz","adancime":null,"detalii":"Conductă transport - E.T. București","_s":{"f":"#232323","fo":0.0,"s":"#232323","so":1.0,"w":3.78,"r":5.0,"cap":"square","join":"bevel","ml":true},"_c":3}},{"type":"Feature","geometry":{"coordinates":[[[25.620579,45.268585,0.0],[25.620769,45.268435,0.0],[25.620962,45.268234,0.0],[25.621259,45.267949,0.0],[25.621296,45.267744,0.0],[25.621303,45.267652,0.0],[25.621304,45.267405,0.0],[25.621303,45.267217,0.0],[25.621305,45.266966,0.0],[25.621305,45.266756,0.0],[25.621311,45.26671,0.0],[25.621324,45.266699,0.0],[25.621344,45.266687,0.0],[25.62137,45.266682,0.0],[25.621399,45.266674,0.0],[25.621556,45.266647,0.0],[25.621807,45.266616,0.0],[25.621887,45.266609,0.0],[25.622285,45.266564,0.0],[25.622324,45.26656,0.0],[25.622339,45.266549,0.0],[25.622348,45.26654,0.0],[25.622365,45.266523,0.0],[25.622367,45.266511,0.0],[25.622372,45.266452,0.0],[25.622392,45.266259,0.0],[25.622434,45.265986,0.0],[25.622462,45.265728,0.0],[25.622499,45.265359,0.0],[25.6225,45.265203,0.0],[25.622482,45.264805,0.0],[25.622466,45.26441,0.0],[25.622456,45.264004,0.0],[25.622447,45.26364,0.0],[25.622446,45.263576,0.0],[25.622435,45.263546,0.0],[25.62242,45.263536,0.0],[25.622394,45.263523,0.0],[25.622352,45.263516,0.0],[25.622282,45.263499,0.0],[25.622161,45.263475,0.0],[25.621977,45.263431,0.0],[25.621779,45.263391,0.0],[25.621586,45.263352,0.0],[25.621553,45.263346,0.0],[25.62153,45.263341,0.0],[25.621486,45.263333,0.0],[25.621414,45.263324,0.0],[25.621371,45.263316,0.0],[25.62135,45.26331,0.0],[25.621325,45.263303,0.0],[25.621305,45.263291,0.0],[25.621293,45.263272,0.0],[25.621291,45.26326,0.0],[25.621299,45.263233,0.0],[25.621305,45.263213,0.0],[25.621309,45.263176,0.0],[25.621318,45.263118,0.0],[25.621341,45.263009,0.0],[25.62135,45.262963,0.0],[25.621393,45.262749,0.0],[25.621479,45.262557,0.0],[25.621518,45.262476,0.0],[25.621618,45.262268,0.0],[25.62165,45.262185,0.0],[25.621764,45.261929,0.0],[25.621871,45.261697,0.0],[25.622056,45.261319,0.0],[25.622242,45.260922,0.0],[25.622322,45.260748,0.0],[25.622419,45.260544,0.0],[25.622533,45.260318,0.0],[25.622595,45.260202,0.0],[25.622619,45.260152,0.0],[25.622675,45.260041,0.0],[25.622735,45.259933,0.0],[25.622751,45.259893,0.0],[25.622758,45.259878,0.0],[25.622759,45.259855,0.0],[25.622764,45.259828,0.0],[25.622763,45.259767,0.0],[25.622767,45.259693,0.0],[25.622767,45.25972,0.0],[25.622767,45.259591,0.0],[25.622767,45.259551,0.0],[25.622768,45.259533,0.0],[25.622774,45.259475,0.0],[25.622783,45.259292,0.0],[25.622749,45.259126,0.0],[25.622733,45.258973,0.0],[25.622739,45.258939,0.0],[25.622757,45.258921,0.0],[25.622803,45.258907,0.0],[25.622831,45.2589,0.0],[25.622953,45.258894,0.0],[25.623118,45.258869,0.0],[25.623403,45.258829,0.0],[25.623634,45.258794,0.0],[25.623721,45.258757,0.0],[25.623793,45.258727,0.0],[25.623869,45.25869,0.0],[25.623962,45.258643,0.0],[25.624022,45.258613,0.0],[25.624078,45.258583,0.0],[25.624142,45.25855,0.0],[25.624248,45.258503,0.0],[25.624381,45.258448,0.0],[25.624411,45.258435,0.0],[25.624427,45.258418,0.0],[25.624449,45.258385,0.0],[25.624475,45.25833,0.0],[25.624582,45.258139,0.0],[25.624691,45.257959,0.0],[25.624752,45.257851,0.0],[25.624827,45.257717,0.0],[25.62499,45.25748,0.0],[25.625204,45.257037,0.0],[25.625416,45.256615,0.0],[25.625739,45.255973,0.0],[25.626177,45.255102,0.0],[25.626361,45.254731,0.0],[25.62649,45.254461,0.0],[25.626651,45.253994,0.0],[25.626748,45.253525,0.0],[25.626884,45.253053,0.0],[25.627007,45.252647,0.0],[25.627287,45.252095,0.0],[25.627499,45.251653,0.0],[25.627949,45.250945,0.0],[25.628552,45.250208,0.0],[25.628694,45.2497,0.0],[25.628749,45.249103,0.0],[25.628754,45.248893,0.0],[25.628761,45.248562,0.0],[25.628787,45.248016,0.0],[25.628762,45.247803,0.0],[25.628724,45.247481,0.0],[25.628719,45.24733,0.0],[25.628811,45.246794,0.0],[25.628861,45.246574,0.0],[25.628932,45.2462,0.0],[25.628967,45.245933,0.0],[25.628999,45.245624,0.0],[25.62902,45.245416,0.0],[25.629032,45.245261,0.0],[25.629059,45.245039,0.0],[25.629559,45.244944,0.0],[25.629674,45.244941,0.0],[25.629735,45.244912,0.0],[25.629971,45.244442,0.0],[25.630206,45.244049,0.0],[25.630289,45.243819,0.0],[25.630351,45.243179,0.0],[25.630355,45.242875,0.0],[25.630326,45.242754,0.0],[25.630316,45.242688,0.0],[25.630327,45.242571,0.0],[25.630337,45.242557,0.0],[25.630351,45.24254,0.0],[25.630371,45.242529,0.0],[25.630449,45.242467,0.0],[25.630587,45.242306,0.0],[25.631414,45.241125,0.0],[25.631418,45.241104,0.0],[25.631418,45.241044,0.0],[25.631528,45.240809,0.0],[25.631543,45.240774,0.0],[25.631602,45.240669,0.0],[25.631825,45.240376,0.0],[25.632008,45.239995,0.0],[25.632074,45.239763,0.0],[25.632179,45.239354,0.0],[25.632235,45.239105,0.0],[25.632301,45.238824,0.0],[25.63239,45.238521,0.0],[25.632474,45.238379,0.0],[25.632548,45.23815,0.0],[25.632577,45.238059,0.0],[25.632607,45.237965,0.0],[25.632611,45.237953,0.0],[25.632638,45.23787,0.0],[25.63269,45.237712,0.0],[25.632782,45.23743,0.0],[25.632933,45.236957,0.0],[25.633057,45.236568,0.0],[25.633171,45.23621,0.0],[25.63332,45.235742,0.0],[25.633449,45.235339,0.0],[25.633554,45.235008,0.0],[25.633659,45.234678,0.0],[25.633742,45.234523,0.0],[25.633793,45.234427,0.0],[25.633937,45.234156,0.0],[25.633951,45.233883,0.0],[25.633956,45.233707,0.0],[25.633945,45.233365,0.0],[25.63397,45.233155,0.0],[25.63399,45.233098,0.0],[25.634055,45.232914,0.0],[25.634056,45.232905,0.0],[25.634056,45.232896,0.0],[25.634057,45.232788,0.0],[25.634057,45.23268,0.0],[25.634069,45.232573,0.0],[25.63408,45.232465,0.0],[25.634086,45.232392,0.0],[25.634089,45.232379,0.0],[25.634101,45.232364,0.0],[25.634128,45.232354,0.0],[25.63418,45.232353,0.0],[25.634277,45.232361,0.0],[25.634293,45.232362,0.0],[25.634306,45.232361,0.0],[25.634518,45.232354,0.0],[25.63466,45.232348,0.0],[25.634838,45.23234,0.0],[25.634855,45.232289,0.0],[25.634885,45.232201,0.0],[25.6349,45.232155,0.0],[25.63491,45.23212,0.0],[25.63495,45.232,0.0],[25.635155,45.231408,0.0],[25.635258,45.231087,0.0],[25.635343,45.23052,0.0],[25.63541,45.230238,0.0],[25.635521,45.230003,0.0],[25.635563,45.229906,0.0],[25.635665,45.229752,0.0],[25.635782,45.229566,0.0],[25.635885,45.229353,0.0],[25.635918,45.22931,0.0],[25.63593,45.229292,0.0],[25.635941,45.229266,0.0],[25.635958,45.22924,0.0],[25.635976,45.22921,0.0],[25.63599,45.229189,0.0],[25.636013,45.229135,0.0],[25.636126,45.228832,0.0],[25.636164,45.228697,0.0],[25.636534,45.227868,0.0],[25.636671,45.227595,0.0],[25.636749,45.227446,0.0],[25.63698,45.227107,0.0],[25.637122,45.226931,0.0],[25.637438,45.226539,0.0],[25.637508,45.22646,0.0],[25.637595,45.22635,0.0],[25.637689,45.22625,0.0],[25.637777,45.226151,0.0],[25.637827,45.226101,0.0],[25.637938,45.225955,0.0],[25.637976,45.225905,0.0],[25.638049,45.225785,0.0],[25.638258,45.22555,0.0],[25.638514,45.22523,0.0],[25.638602,45.22512,0.0],[25.638719,45.224974,0.0],[25.638813,45.224856,0.0],[25.638909,45.224736,0.0],[25.638971,45.224658,0.0],[25.63903,45.224585,0.0],[25.639074,45.22453,0.0],[25.639138,45.224459,0.0],[25.639238,45.224401,0.0],[25.63933,45.224347,0.0],[25.639428,45.224291,0.0],[25.63955,45.224219,0.0],[25.639799,45.224073,0.0],[25.639966,45.223969,0.0],[25.640129,45.223846,0.0],[25.640357,45.223673,0.0],[25.640478,45.22358,0.0],[25.640608,45.223468,0.0],[25.64088,45.223266,0.0],[25.640988,45.223177,0.0],[25.641236,45.222993,0.0],[25.641377,45.22288,0.0],[25.641627,45.222701,0.0],[25.641718,45.222624,0.0],[25.641885,45.222485,0.0],[25.641973,45.222412,0.0],[25.642133,45.222278,0.0],[25.642208,45.222216,0.0],[25.642531,45.221946,0.0],[25.642575,45.221909,0.0],[25.642911,45.221583,0.0],[25.643245,45.221263,0.0],[25.643566,45.220891,0.0],[25.643777,45.220662,0.0],[25.644023,45.220414,0.0],[25.644103,45.220341,0.0],[25.644117,45.220321,0.0],[25.644115,45.22031,0.0],[25.644101,45.220164,0.0],[25.644066,45.220008,0.0],[25.644057,45.219942,0.0],[25.644459,45.219287,0.0],[25.644788,45.218936,0.0],[25.64536,45.218336,0.0],[25.645802,45.217889,0.0],[25.646089,45.217597,0.0],[25.646261,45.217418,0.0],[25.646324,45.217363,0.0],[25.646335,45.217352,0.0],[25.646366,45.217349,0.0],[25.646501,45.217365,0.0],[25.646633,45.217374,0.0],[25.64708,45.217403,0.0],[25.647372,45.217417,0.0],[25.647403,45.217396,0.0],[25.647562,45.21728,0.0],[25.647736,45.217148,0.0],[25.647943,45.216958,0.0],[25.648063,45.216817,0.0],[25.648238,45.216569,0.0],[25.648386,45.216347,0.0],[25.648456,45.216213,0.0],[25.648578,45.216015,0.0],[25.648717,45.215768,0.0],[25.648911,45.215459,0.0],[25.649065,45.215252,0.0],[25.649138,45.215199,0.0],[25.649182,45.215187,0.0],[25.649225,45.215208,0.0],[25.649266,45.215224,0.0],[25.649544,45.215328,0.0],[25.649658,45.215379,0.0],[25.649695,45.215389,0.0],[25.649723,45.215378,0.0],[25.64975,45.215346,0.0],[25.649813,45.21528,0.0],[25.649988,45.21512,0.0],[25.650269,45.214854,0.0],[25.650671,45.214482,0.0],[25.65101,45.214169,0.0],[25.651295,45.213899,0.0],[25.651531,45.213669,0.0],[25.651733,45.213483,0.0],[25.651866,45.213355,0.0],[25.651932,45.213272,0.0],[25.651966,45.21319,0.0],[25.652222,45.212925,0.0],[25.652495,45.212756,0.0],[25.653195,45.212256,0.0],[25.653955,45.211687,0.0],[25.654091,45.211602,0.0],[25.654337,45.21142,0.0],[25.65465,45.211205,0.0],[25.654983,45.210997,0.0],[25.655244,45.210817,0.0],[25.655553,45.210535,0.0],[25.655988,45.210074,0.0],[25.656237,45.20979,0.0],[25.65638,45.209612,0.0],[25.656527,45.209427,0.0],[25.656772,45.209089,0.0],[25.656953,45.20886,0.0],[25.657086,45.208684,0.0],[25.657164,45.208585,0.0],[25.657218,45.2085,0.0],[25.657324,45.208393,0.0],[25.657487,45.208182,0.0],[25.657886,45.207746,0.0],[25.658051,45.207575,0.0],[25.658165,45.207466,0.0],[25.658241,45.207405,0.0],[25.658226,45.207368,0.0],[25.658199,45.207339,0.0],[25.658147,45.207338,0.0],[25.658087,45.207314,0.0],[25.657799,45.207122,0.0],[25.657684,45.20703,0.0],[25.657529,45.206898,0.0],[25.657438,45.206828,0.0],[25.657324,45.206776,0.0],[25.657237,45.206748,0.0],[25.657116,45.206703,0.0],[25.657047,45.206673,0.0],[25.657054,45.20662,0.0],[25.657108,45.206569,0.0],[25.657283,45.206311,0.0],[25.657578,45.205936,0.0],[25.657754,45.205599,0.0],[25.657891,45.205446,0.0],[25.658044,45.20527,0.0],[25.658298,45.20503,0.0],[25.658613,45.204789,0.0],[25.658942,45.20457,0.0],[25.659293,45.204331,0.0],[25.659561,45.204116,0.0],[25.659691,45.204004,0.0],[25.659935,45.203792,0.0],[25.660079,45.203578,0.0],[25.6602,45.203301,0.0],[25.660246,45.203149,0.0],[25.660302,45.202934,0.0],[25.660399,45.202661,0.0],[25.660462,45.202429,0.0],[25.660518,45.202225,0.0],[25.660642,45.202043,0.0],[25.660705,45.201829,0.0],[25.660764,45.20158,0.0],[25.66081,45.201379,0.0],[25.660835,45.201166,0.0],[25.660977,45.20083,0.0],[25.661162,45.200493,0.0],[25.66127,45.20032,0.0],[25.661389,45.20008,0.0],[25.66144,45.199955,0.0],[25.661491,45.199846,0.0],[25.661542,45.199736,0.0],[25.661611,45.199599,0.0],[25.661621,45.199587,0.0],[25.661632,45.199583,0.0],[25.661649,45.199587,0.0],[25.661757,45.199605,0.0],[25.661861,45.199628,0.0],[25.662015,45.19967,0.0],[25.662515,45.199804,0.0],[25.662621,45.199843,0.0],[25.662646,45.199851,0.0],[25.662653,45.199852,0.0],[25.662666,45.199851,0.0],[25.662675,45.199847,0.0],[25.662684,45.199836,0.0],[25.662765,45.199735,0.0],[25.663018,45.199447,0.0],[25.663298,45.199127,0.0],[25.663605,45.198816,0.0],[25.663716,45.198696,0.0],[25.663877,45.198533,0.0],[25.664212,45.198351,0.0],[25.664398,45.198243,0.0],[25.664507,45.198203,0.0],[25.664665,45.198159,0.0],[25.664742,45.198136,0.0],[25.664748,45.198131,0.0],[25.664751,45.198124,0.0],[25.664751,45.198116,0.0],[25.664744,45.198104,0.0],[25.664674,45.198016,0.0],[25.664477,45.197768,0.0],[25.664379,45.197643,0.0],[25.664369,45.197632,0.0],[25.664365,45.197619,0.0],[25.664365,45.197605,0.0],[25.664375,45.197588,0.0],[25.664402,45.19757,0.0],[25.664573,45.197452,0.0],[25.664943,45.197198,0.0],[25.666093,45.196362,0.0],[25.666618,45.19595,0.0],[25.666958,45.195671,0.0],[25.667415,45.195327,0.0],[25.668237,45.194701,0.0],[25.668714,45.194336,0.0],[25.669085,45.194058,0.0],[25.669569,45.193722,0.0],[25.669786,45.193545,0.0],[25.669973,45.193392,0.0],[25.670225,45.193136,0.0],[25.670294,45.193067,0.0],[25.670438,45.192922,0.0],[25.670496,45.192862,0.0],[25.670518,45.192846,0.0],[25.670545,45.192837,0.0],[25.670576,45.192834,0.0],[25.670606,45.192838,0.0],[25.670876,45.192964,0.0],[25.671114,45.193075,0.0],[25.671565,45.193285,0.0],[25.671935,45.193458,0.0],[25.672049,45.193511,0.0],[25.672079,45.193516,0.0],[25.672109,45.193515,0.0],[25.672138,45.193506,0.0],[25.67216,45.193492,0.0],[25.672248,45.193425,0.0],[25.672357,45.193342,0.0],[25.67243,45.193239,0.0],[25.672478,45.193178,0.0],[25.672574,45.193057,0.0],[25.67296,45.192611,0.0],[25.673329,45.192199,0.0],[25.673767,45.19174,0.0],[25.674093,45.191289,0.0],[25.674718,45.190449,0.0],[25.674827,45.190302,0.0],[25.674862,45.190256,0.0],[25.67534,45.1897,0.0],[25.675621,45.189264,0.0],[25.675922,45.188792,0.0],[25.676174,45.188329,0.0],[25.676464,45.187758,0.0],[25.676504,45.187662,0.0],[25.676522,45.18759,0.0],[25.676531,45.187555,0.0],[25.676571,45.18744,0.0],[25.677075,45.186529,0.0],[25.677216,45.186362,0.0],[25.677598,45.185894,0.0],[25.677986,45.185429,0.0],[25.678164,45.185221,0.0],[25.678213,45.185113,0.0],[25.678247,45.185039,0.0],[25.678267,45.184994,0.0],[25.678296,45.18493,0.0],[25.678305,45.184919,0.0],[25.678316,45.184909,0.0],[25.678342,45.184894,0.0],[25.678575,45.184765,0.0],[25.67861,45.184735,0.0],[25.678642,45.184696,0.0],[25.678681,45.184617,0.0],[25.678776,45.184493,0.0],[25.678877,45.184378,0.0],[25.67897,45.184276,0.0],[25.679017,45.184221,0.0],[25.679065,45.184027,0.0],[25.679095,45.183909,0.0],[25.679284,45.183145,0.0],[25.679332,45.183008,0.0],[25.679402,45.182755,0.0],[25.67945,45.18258,0.0],[25.679461,45.182542,0.0],[25.679497,45.182424,0.0],[25.679547,45.18226,0.0],[25.679622,45.182038,0.0],[25.679741,45.18169,0.0],[25.679881,45.181254,0.0],[25.679919,45.18113,0.0],[25.680002,45.180876,0.0],[25.680062,45.180675,0.0],[25.680128,45.180426,0.0],[25.6802,45.180157,0.0],[25.680268,45.179927,0.0],[25.680299,45.17982,0.0],[25.680408,45.179509,0.0],[25.680497,45.179305,0.0],[25.680615,45.179095,0.0],[25.680726,45.178949,0.0],[25.680834,45.178808,0.0],[25.680981,45.178647,0.0],[25.681191,45.178432,0.0],[25.681394,45.178246,0.0],[25.681719,45.178037,0.0],[25.681916,45.177886,0.0],[25.682116,45.177721,0.0],[25.682297,45.177562,0.0],[25.682378,45.177485,0.0],[25.682392,45.177474,0.0],[25.682404,45.177467,0.0],[25.682417,45.177463,0.0],[25.682431,45.177461,0.0],[25.682445,45.177462,0.0],[25.68247,45.177465,0.0],[25.682494,45.177468,0.0],[25.682582,45.177479,0.0],[25.68266,45.177488,0.0],[25.682699,45.177493,0.0],[25.682742,45.177499,0.0],[25.682792,45.177506,0.0],[25.682849,45.177514,0.0],[25.68306,45.177544,0.0],[25.683154,45.177558,0.0],[25.683289,45.177575,0.0],[25.683355,45.177588,0.0],[25.683401,45.177574,0.0],[25.683428,45.177538,0.0],[25.683463,45.177497,0.0],[25.683618,45.177345,0.0],[25.683835,45.177122,0.0],[25.684005,45.176934,0.0],[25.684246,45.176632,0.0],[25.68428,45.176601,0.0],[25.684355,45.176521,0.0],[25.684394,45.176475,0.0],[25.684497,45.176393,0.0],[25.684616,45.176383,0.0],[25.684718,45.176369,0.0],[25.684804,45.176339,0.0],[25.68487,45.17628,0.0],[25.684964,45.176221,0.0],[25.685019,45.17618,0.0],[25.685086,45.176122,0.0],[25.685165,45.176097,0.0],[25.68528,45.176085,0.0],[25.685383,45.176065,0.0],[25.685438,45.176052,0.0],[25.685556,45.175964,0.0],[25.685674,45.175879,0.0],[25.685776,45.175809,0.0],[25.685854,45.175775,0.0],[25.685958,45.17569,0.0],[25.685977,45.175663,0.0],[25.686118,45.175346,0.0],[25.686192,45.175194,0.0],[25.686259,45.174944,0.0],[25.686302,45.174802,0.0],[25.686418,45.174519,0.0],[25.686421,45.174507,0.0],[25.686418,45.174412,0.0],[25.686414,45.17411,0.0],[25.686404,45.173837,0.0],[25.686403,45.173659,0.0],[25.686396,45.173428,0.0],[25.686397,45.173309,0.0],[25.686388,45.173119,0.0],[25.686379,45.172852,0.0],[25.686359,45.172598,0.0],[25.686338,45.172097,0.0],[25.686334,45.171909,0.0],[25.68633,45.171647,0.0],[25.686316,45.17148,0.0],[25.686313,45.171392,0.0],[25.686295,45.171202,0.0],[25.686285,45.170925,0.0],[25.686262,45.170708,0.0],[25.686269,45.170619,0.0],[25.68629,45.17056,0.0],[25.686319,45.170486,0.0],[25.686451,45.170156,0.0],[25.686559,45.169918,0.0],[25.686652,45.169688,0.0],[25.686757,45.169446,0.0],[25.686896,45.169081,0.0],[25.687012,45.168759,0.0],[25.687177,45.168274,0.0],[25.687297,45.167923,0.0],[25.687331,45.167803,0.0],[25.687365,45.167702,0.0],[25.687438,45.167475,0.0],[25.68751,45.167258,0.0],[25.687592,45.16702,0.0],[25.687628,45.166904,0.0],[25.687673,45.16679,0.0],[25.68777,45.1665,0.0],[25.687896,45.166159,0.0],[25.688046,45.165723,0.0],[25.688179,45.165348,0.0],[25.688279,45.165083,0.0],[25.688429,45.1647,0.0],[25.688539,45.164407,0.0],[25.688642,45.164227,0.0],[25.688781,45.164054,0.0],[25.688956,45.163832,0.0],[25.688979,45.163808,0.0],[25.689095,45.16367,0.0],[25.689273,45.163456,0.0],[25.689396,45.163315,0.0],[25.689459,45.163244,0.0],[25.689523,45.163073,0.0],[25.68958,45.162906,0.0],[25.689632,45.162766,0.0],[25.689687,45.162585,0.0],[25.689758,45.162374,0.0],[25.689813,45.162215,0.0],[25.689867,45.162066,0.0],[25.689904,45.161969,0.0],[25.69002,45.161685,0.0],[25.690107,45.161422,0.0],[25.690202,45.161153,0.0],[25.690321,45.160812,0.0],[25.690431,45.160512,0.0],[25.690524,45.160241,0.0],[25.690594,45.160049,0.0],[25.69068,45.159835,0.0],[25.690847,45.159397,0.0],[25.69091,45.159213,0.0],[25.69105,45.158817,0.0],[25.691142,45.15856,0.0],[25.691245,45.158269,0.0],[25.691327,45.158039,0.0],[25.691392,45.157819,0.0],[25.69158,45.157173,0.0],[25.691645,45.156975,0.0],[25.691679,45.156864,0.0],[25.691735,45.156672,0.0],[25.6918,45.15639,0.0],[25.691832,45.156221,0.0],[25.691925,45.155839,0.0],[25.69198,45.155591,0.0],[25.692006,45.155486,0.0],[25.692029,45.155417,0.0],[25.692046,45.155385,0.0],[25.692154,45.155259,0.0],[25.692217,45.15518,0.0],[25.692265,45.155084,0.0],[25.692279,45.15506,0.0],[25.692344,45.154927,0.0],[25.692474,45.154657,0.0],[25.692496,45.154602,0.0],[25.692577,45.154405,0.0],[25.692663,45.154149,0.0],[25.692703,45.153996,0.0],[25.692742,45.153856,0.0],[25.69277,45.153718,0.0],[25.692815,45.153408,0.0],[25.692827,45.153204,0.0],[25.692825,45.152979,0.0],[25.692789,45.152706,0.0],[25.692767,45.152478,0.0],[25.692751,45.152204,0.0],[25.692758,45.151909,0.0],[25.692757,45.151777,0.0],[25.692767,45.15165,0.0],[25.692767,45.151449,0.0],[25.692769,45.151397,0.0],[25.692759,45.15135,0.0],[25.692743,45.151281,0.0],[25.692723,45.151183,0.0],[25.692691,45.151054,0.0],[25.692672,45.150987,0.0],[25.692659,45.150934,0.0],[25.692635,45.150852,0.0],[25.692606,45.150763,0.0],[25.692584,45.150708,0.0],[25.692567,45.150634,0.0],[25.69258,45.150548,0.0],[25.692607,45.150485,0.0],[25.692631,45.150425,0.0],[25.692663,45.150363,0.0],[25.692692,45.1503,0.0],[25.692733,45.150217,0.0],[25.692871,45.149947,0.0],[25.692922,45.149852,0.0],[25.692959,45.149786,0.0],[25.693133,45.149485,0.0],[25.693159,45.149427,0.0],[25.693186,45.149378,0.0],[25.693267,45.149257,0.0],[25.693422,45.149029,0.0],[25.693475,45.148966,0.0],[25.693598,45.148796,0.0],[25.693745,45.148609,0.0],[25.693865,45.148452,0.0],[25.693981,45.148302,0.0],[25.694066,45.148232,0.0],[25.694227,45.148109,0.0],[25.69442,45.147979,0.0],[25.694512,45.147918,0.0],[25.694653,45.147831,0.0],[25.694818,45.147709,0.0],[25.694949,45.147614,0.0],[25.695046,45.14753,0.0],[25.695124,45.147457,0.0],[25.695186,45.147396,0.0],[25.695257,45.147329,0.0],[25.695345,45.147226,0.0],[25.695447,45.147133,0.0],[25.695508,45.147073,0.0],[25.695559,45.147022,0.0],[25.695712,45.146848,0.0],[25.696026,45.146456,0.0],[25.696308,45.146057,0.0],[25.696515,45.145773,0.0],[25.696724,45.145279,0.0],[25.696921,45.144896,0.0],[25.697106,45.144526,0.0],[25.697235,45.144304,0.0],[25.697417,45.144076,0.0],[25.697457,45.143997,0.0],[25.6976,45.14364,0.0],[25.697766,45.143293,0.0],[25.697965,45.14293,0.0],[25.698056,45.142609,0.0],[25.698121,45.142384,0.0],[25.698902,45.141224,0.0],[25.699119,45.140995,0.0],[25.700526,45.14035,0.0],[25.702266,45.139329,0.0],[25.703417,45.138925,0.0],[25.706029,45.137936,0.0],[25.708989,45.137096,0.0],[25.710016,45.13677,0.0],[25.710438,45.136541,0.0],[25.710718,45.13638,0.0],[25.711973,45.135675,0.0],[25.712155,45.135567,0.0],[25.712196,45.135543,0.0],[25.712331,45.135461,0.0],[25.712633,45.135284,0.0],[25.713125,45.135033,0.0],[25.713591,45.134818,0.0],[25.714162,45.134569,0.0],[25.714862,45.134255,0.0],[25.715607,45.133963,0.0],[25.716334,45.133801,0.0],[25.716428,45.133802,0.0],[25.716448,45.133803,0.0],[25.716465,45.1338,0.0],[25.716479,45.133794,0.0],[25.716521,45.133733,0.0],[25.716541,45.133699,0.0],[25.716556,45.133679,0.0],[25.716576,45.133655,0.0],[25.716645,45.133558,0.0],[25.716786,45.133366,0.0],[25.71698,45.133102,0.0],[25.717098,45.132954,0.0],[25.717353,45.132619,0.0],[25.717543,45.132359,0.0],[25.717658,45.132185,0.0],[25.717794,45.131965,0.0],[25.717926,45.131729,0.0],[25.718001,45.131568,0.0],[25.718162,45.131249,0.0],[25.718194,45.131175,0.0],[25.718205,45.131148,0.0],[25.718223,45.131098,0.0],[25.718219,45.13109,0.0],[25.71821,45.131082,0.0],[25.718195,45.131075,0.0],[25.717926,45.130996,0.0],[25.717565,45.130888,0.0],[25.717518,45.130873,0.0],[25.717442,45.130851,0.0],[25.717411,45.130846,0.0],[25.717374,45.130837,0.0],[25.717318,45.130823,0.0],[25.717278,45.130818,0.0],[25.717245,45.130806,0.0],[25.71723,45.130777,0.0],[25.717262,45.130734,0.0],[25.717364,45.130596,0.0],[25.717542,45.130359,0.0],[25.717728,45.130076,0.0],[25.717804,45.129957,0.0],[25.717908,45.129781,0.0],[25.718131,45.129358,0.0],[25.718204,45.129195,0.0],[25.718304,45.1289,0.0],[25.718381,45.128695,0.0],[25.718417,45.128604,0.0],[25.718431,45.128565,0.0],[25.718439,45.12855,0.0],[25.718493,45.128498,0.0],[25.718602,45.128374,0.0],[25.718601,45.128328,0.0],[25.718603,45.128288,0.0],[25.718604,45.128246,0.0],[25.718606,45.128219,0.0],[25.718598,45.128205,0.0],[25.718574,45.12818,0.0],[25.718558,45.128169,0.0],[25.718507,45.128132,0.0],[25.71846,45.128097,0.0],[25.718407,45.128062,0.0],[25.718355,45.12803,0.0],[25.71832,45.128001,0.0],[25.718274,45.127966,0.0],[25.718259,45.127924,0.0],[25.718255,45.127878,0.0],[25.718254,45.127866,0.0],[25.718253,45.127856,0.0],[25.718249,45.127805,0.0],[25.718233,45.127733,0.0],[25.718246,45.127601,0.0],[25.718345,45.127459,0.0],[25.718335,45.127426,0.0],[25.718324,45.127345,0.0],[25.718299,45.127096,0.0],[25.71827,45.126873,0.0],[25.718283,45.126833,0.0],[25.718315,45.12677,0.0],[25.718451,45.12651,0.0],[25.718561,45.126326,0.0],[25.718693,45.126111,0.0],[25.718793,45.125955,0.0],[25.718949,45.125713,0.0],[25.719138,45.125417,0.0],[25.719314,45.125173,0.0],[25.719599,45.124864,0.0],[25.71991,45.124534,0.0],[25.720226,45.124215,0.0],[25.720536,45.123858,0.0],[25.720829,45.123545,0.0],[25.721025,45.123336,0.0],[25.721236,45.123099,0.0],[25.721555,45.122721,0.0],[25.721851,45.122386,0.0],[25.722156,45.122067,0.0],[25.72259,45.121565,0.0],[25.722844,45.121254,0.0],[25.722989,45.121086,0.0],[25.723075,45.120985,0.0],[25.723154,45.120901,0.0],[25.723289,45.120731,0.0],[25.723391,45.120612,0.0],[25.723446,45.120546,0.0],[25.723527,45.120478,0.0],[25.723653,45.120392,0.0],[25.723709,45.120355,0.0],[25.723752,45.120326,0.0],[25.723823,45.120284,0.0],[25.724687,45.119792,0.0],[25.724702,45.119747,0.0],[25.724658,45.119676,0.0],[25.72452,45.119558,0.0],[25.724299,45.119397,0.0],[25.724427,45.119285,0.0],[25.724522,45.119196,0.0],[25.725326,45.118582,0.0],[25.725882,45.118147,0.0],[25.72761,45.116815,0.0],[25.727802,45.116681,0.0],[25.72878,45.115945,0.0],[25.729411,45.115513,0.0],[25.729656,45.115353,0.0],[25.73061,45.11475,0.0],[25.731196,45.114375,0.0],[25.731511,45.114177,0.0],[25.731553,45.114151,0.0],[25.73184,45.114,0.0],[25.732094,45.113863,0.0],[25.7322,45.113804,0.0],[25.732257,45.113771,0.0],[25.732301,45.11375,0.0],[25.732523,45.113566,0.0],[25.732668,45.113423,0.0],[25.732774,45.113317,0.0],[25.732928,45.113177,0.0],[25.733104,45.113011,0.0],[25.733343,45.112771,0.0],[25.733535,45.112573,0.0],[25.733665,45.112398,0.0],[25.733815,45.112195,0.0],[25.733882,45.112089,0.0],[25.734005,45.111914,0.0],[25.734134,45.111727,0.0],[25.73425,45.111547,0.0],[25.734332,45.11142,0.0],[25.734497,45.111161,0.0],[25.734693,45.110871,0.0],[25.73485,45.110638,0.0],[25.735125,45.11031,0.0],[25.735426,45.109956,0.0],[25.735672,45.109664,0.0],[25.73581,45.109507,0.0],[25.73593,45.10936,0.0],[25.736163,45.109068,0.0],[25.736432,45.108723,0.0],[25.736568,45.108544,0.0],[25.736723,45.108327,0.0],[25.736887,45.108114,0.0],[25.737039,45.107902,0.0],[25.73722,45.107642,0.0],[25.737284,45.107548,0.0],[25.737477,45.107356,0.0],[25.737808,45.107047,0.0],[25.737982,45.106889,0.0],[25.738013,45.106855,0.0],[25.738051,45.106824,0.0],[25.738233,45.106644,0.0],[25.738345,45.106526,0.0],[25.738384,45.106487,0.0],[25.738549,45.106271,0.0],[25.738669,45.10611,0.0],[25.738736,45.10603,0.0],[25.73884,45.105874,0.0],[25.738948,45.105703,0.0],[25.73898,45.105646,0.0],[25.739072,45.105535,0.0],[25.739093,45.105507,0.0],[25.739103,45.105495,0.0],[25.73912,45.105488,0.0],[25.739133,45.105485,0.0],[25.739147,45.105482,0.0]]],"type":"MultiLineString"},"properties":{"tip_retea":"Gaze","stare":"Existent","operator":"Transgaz","adancime":null,"detalii":"Conductă transport - E.T. București","_s":{"f":"#232323","fo":0.0,"s":"#232323","so":1.0,"w":3.78,"r":5.0,"cap":"square","join":"bevel","ml":true},"_c":3}},{"type":"Feature","geometry":{"coordinates":[[[25.574025,45.307291,0.0],[25.574041,45.307273,0.0],[25.574378,45.307093,0.0],[25.574651,45.306971,0.0],[25.574965,45.30681,0.0],[25.575266,45.306648,0.0],[25.575696,45.30644,0.0],[25.576196,45.306134,0.0],[25.57656,45.305902,0.0],[25.576883,45.30565,0.0],[25.577057,45.305575,0.0],[25.577134,45.305552,0.0],[25.577342,45.305529,0.0],[25.577562,45.305524,0.0],[25.578228,45.305585,0.0],[25.578345,45.305629,0.0],[25.578453,45.305629,0.0],[25.579308,45.305603,0.0],[25.579879,45.305518,0.0],[25.579946,45.305493,0.0],[25.579996,45.305463,0.0],[25.580393,45.30522,0.0],[25.580572,45.305137,0.0],[25.580954,45.304891,0.0],[25.58122,45.30468,0.0],[25.581404,45.304515,0.0],[25.581636,45.304354,0.0],[25.581789,45.304256,0.0],[25.582027,45.304172,0.0],[25.582335,45.304061,0.0],[25.582582,45.303956,0.0],[25.582898,45.303811,0.0],[25.583171,45.303718,0.0],[25.583439,45.303643,0.0],[25.58376,45.303508,0.0],[25.584169,45.303342,0.0],[25.584572,45.303127,0.0],[25.584781,45.302945,0.0],[25.585033,45.302719,0.0],[25.585288,45.302493,0.0],[25.585531,45.302216,0.0],[25.585879,45.301835,0.0],[25.586192,45.301479,0.0],[25.58642,45.30125,0.0],[25.586687,45.301023,0.0],[25.586974,45.300873,0.0],[25.587223,45.300837,0.0],[25.587468,45.300803,0.0],[25.587576,45.300787,0.0],[25.587655,45.30085,0.0],[25.587728,45.300898,0.0],[25.587808,45.300953,0.0],[25.587855,45.300984,0.0],[25.587921,45.301029,0.0],[25.588018,45.301225,0.0],[25.587954,45.301253,0.0],[25.588031,45.301331,0.0],[25.588106,45.301395,0.0],[25.588288,45.301364,0.0],[25.588525,45.301327,0.0],[25.588726,45.301288,0.0],[25.589027,45.301103,0.0],[25.58931,45.300915,0.0],[25.589614,45.300709,0.0],[25.590103,45.300443,0.0],[25.590424,45.300229,0.0],[25.590808,45.299982,0.0],[25.591078,45.299805,0.0],[25.591302,45.29967,0.0],[25.591505,45.299547,0.0],[25.591815,45.299403,0.0],[25.592013,45.299284,0.0],[25.59219,45.299176,0.0],[25.592297,45.299068,0.0],[25.5926,45.298832,0.0],[25.593032,45.298606,0.0],[25.593326,45.298617,0.0],[25.593577,45.298634,0.0],[25.594075,45.298606,0.0],[25.59447,45.298494,0.0],[25.59487,45.298374,0.0],[25.595131,45.298272,0.0],[25.595318,45.298194,0.0],[25.595507,45.298073,0.0],[25.595966,45.297896,0.0],[25.596154,45.297823,0.0],[25.596659,45.297806,0.0],[25.597002,45.297794,0.0],[25.597518,45.297821,0.0],[25.59784,45.297718,0.0],[25.597933,45.297664,0.0],[25.598241,45.297512,0.0],[25.59848,45.297378,0.0],[25.59892,45.297121,0.0],[25.599193,45.297004,0.0],[25.599332,45.296964,0.0],[25.599541,45.296966,0.0],[25.599783,45.296966,0.0],[25.600282,45.297043,0.0],[25.600606,45.297077,0.0],[25.60071,45.297055,0.0],[25.600791,45.297012,0.0],[25.600881,45.296954,0.0],[25.600973,45.296862,0.0],[25.601111,45.296666,0.0],[25.601185,45.296556,0.0],[25.601279,45.296421,0.0],[25.60144,45.296237,0.0],[25.601804,45.29621,0.0],[25.602102,45.296189,0.0],[25.602321,45.296157,0.0],[25.602736,45.296069,0.0],[25.603183,45.295962,0.0],[25.603592,45.295855,0.0],[25.60393,45.295767,0.0],[25.604172,45.29572,0.0],[25.604538,45.29565,0.0],[25.604908,45.29558,0.0],[25.605282,45.295509,0.0],[25.605518,45.295461,0.0],[25.605673,45.29543,0.0],[25.605749,45.295322,0.0],[25.605937,45.295208,0.0],[25.606291,45.294995,0.0],[25.606578,45.29489,0.0],[25.60685,45.294787,0.0],[25.60713,45.29471,0.0],[25.607543,45.294588,0.0],[25.607924,45.294481,0.0],[25.608416,45.294344,0.0],[25.608977,45.294188,0.0],[25.609776,45.294018,0.0],[25.610509,45.293829,0.0],[25.610656,45.293794,0.0],[25.611021,45.29372,0.0],[25.611659,45.293597,0.0],[25.612326,45.293558,0.0],[25.613221,45.293463,0.0],[25.61329,45.293439,0.0],[25.613397,45.293375,0.0],[25.613648,45.293219,0.0],[25.613867,45.29308,0.0],[25.614049,45.292883,0.0],[25.614084,45.292804,0.0],[25.614057,45.292749,0.0],[25.613849,45.292635,0.0],[25.613818,45.292567,0.0],[25.613653,45.292146,0.0],[25.613598,45.291914,0.0],[25.613592,45.291815,0.0],[25.613568,45.291779,0.0],[25.61346,45.291687,0.0],[25.613092,45.291536,0.0],[25.612609,45.291491,0.0],[25.612225,45.291449,0.0],[25.612008,45.291418,0.0],[25.611783,45.291352,0.0],[25.611606,45.291238,0.0],[25.611571,45.291131,0.0],[25.611637,45.291009,0.0],[25.611857,45.290794,0.0],[25.611979,45.290654,0.0],[25.612113,45.290551,0.0],[25.612228,45.290457,0.0],[25.612245,45.290386,0.0],[25.612216,45.290293,0.0],[25.612184,45.290267,0.0],[25.612145,45.290235,0.0],[25.612019,45.290135,0.0],[25.611844,45.289972,0.0],[25.611736,45.289857,0.0],[25.611642,45.289765,0.0],[25.611643,45.289745,0.0],[25.611741,45.289701,0.0],[25.611987,45.289628,0.0],[25.612282,45.289537,0.0],[25.612664,45.289423,0.0],[25.613011,45.289314,0.0],[25.613044,45.28928,0.0],[25.613396,45.288867,0.0],[25.61367,45.288571,0.0],[25.613887,45.288351,0.0],[25.614225,45.288007,0.0],[25.614418,45.287818,0.0],[25.614577,45.28767,0.0],[25.614867,45.287362,0.0],[25.61493,45.287277,0.0],[25.615089,45.28686,0.0],[25.615155,45.286587,0.0],[25.615177,45.286482,0.0],[25.61526,45.286222,0.0],[25.615389,45.285887,0.0],[25.615453,45.285694,0.0],[25.6155,45.285498,0.0],[25.61557,45.285305,0.0],[25.615793,45.285023,0.0],[25.61597,45.284808,0.0],[25.616147,45.284562,0.0],[25.616406,45.284216,0.0],[25.616594,45.283936,0.0],[25.616651,45.283849,0.0],[25.616718,45.283723,0.0],[25.616849,45.283514,0.0],[25.616883,45.283459,0.0],[25.616995,45.283257,0.0],[25.617081,45.283116,0.0],[25.617043,45.283037,0.0],[25.617019,45.282992,0.0],[25.616973,45.28292,0.0],[25.616927,45.282868,0.0],[25.616837,45.282832,0.0],[25.61662,45.282752,0.0],[25.616356,45.282655,0.0],[25.616262,45.282628,0.0],[25.616238,45.282533,0.0],[25.616281,45.282423,0.0],[25.616376,45.282234,0.0],[25.616458,45.282078,0.0],[25.616609,45.281798,0.0],[25.616773,45.281533,0.0],[25.616934,45.281256,0.0],[25.617071,45.281057,0.0],[25.617262,45.280759,0.0],[25.617424,45.280498,0.0],[25.617606,45.280187,0.0],[25.617773,45.2799,0.0],[25.617811,45.279835,0.0],[25.617831,45.279708,0.0],[25.617808,45.27963,0.0],[25.617786,45.279562,0.0],[25.617783,45.279553,0.0],[25.61772,45.279304,0.0],[25.617645,45.279009,0.0],[25.617676,45.278957,0.0],[25.617718,45.278917,0.0],[25.617871,45.278764,0.0],[25.618158,45.278481,0.0],[25.618332,45.278182,0.0],[25.618567,45.277847,0.0],[25.618638,45.277626,0.0],[25.618641,45.277531,0.0],[25.618652,45.277378,0.0],[25.618552,45.277158,0.0],[25.618328,45.276938,0.0],[25.61827,45.276847,0.0],[25.618264,45.276839,0.0]]],"type":"MultiLineString"},"properties":{"tip_retea":"Gaze","stare":"Existent","operator":"Transgaz","adancime":null,"detalii":"Conductă transport - E.T. București","_s":{"f":"#232323","fo":0.0,"s":"#232323","so":1.0,"w":3.78,"r":5.0,"cap":"square","join":"bevel","ml":true},"_c":3}},{"type":"Feature","geometry":{"coordinates":[[[25.569611,45.308898,0.0],[25.569764,45.30879,0.0],[25.570163,45.308805,0.0],[25.57051,45.308796,0.0],[25.57066,45.308785,0.0],[25.570886,45.308768,0.0],[25.570954,45.308785,0.0],[25.571005,45.308798,0.0],[25.571384,45.308892,0.0],[25.571684,45.308967,0.0],[25.571836,45.309004,0.0],[25.572065,45.309061,0.0],[25.572145,45.309081,0.0],[25.572331,45.308987,0.0],[25.5726,45.308698,0.0],[25.572942,45.308351,0.0],[25.573242,45.308046,0.0],[25.573462,45.307854,0.0],[25.573737,45.307623,0.0],[25.574008,45.307309,0.0],[25.574025,45.307291,0.0]]],"type":"MultiLineString"},"properties":{"tip_retea":"Gaze","stare":"Existent","operator":"Transgaz","adancime":null,"detalii":"Conductă transport - E.T. București","_s":{"f":"#232323","fo":0.0,"s":"#232323","so":1.0,"w":3.78,"r":5.0,"cap":"square","join":"bevel","ml":true},"_c":3}},{"type":"Feature","geometry":{"coordinates":[[[25.569031,45.308764,0.0],[25.569031,45.308764,0.0],[25.569611,45.308898,0.0]]],"type":"MultiLineString"},"properties":{"tip_retea":"Gaze","stare":"Existent","operator":"Transgaz","adancime":null,"detalii":"Conductă transport - E.T. București","_s":{"f":"#232323","fo":0.0,"s":"#232323","so":1.0,"w":3.78,"r":5.0,"cap":"square","join":"bevel","ml":true},"_c":3}},{"type":"Feature","geometry":{"coordinates":[[[25.779293,44.978749,0.0],[25.779297,44.978739,0.0],[25.7793,44.978731,0.0],[25.779303,44.978724,0.0],[25.7793,44.978711,0.0],[25.779284,44.978701,0.0],[25.779257,44.978686,0.0],[25.779171,44.978637,0.0],[25.779162,44.978617,0.0],[25.779163,44.978597,0.0],[25.779336,44.978061,0.0],[25.779542,44.977426,0.0],[25.779963,44.976042,0.0],[25.780145,44.975443,0.0],[25.780382,44.974758,0.0],[25.780633,44.974277,0.0],[25.780926,44.973832,0.0],[25.781137,44.973296,0.0],[25.781371,44.972541,0.0],[25.781487,44.972048,0.0],[25.781647,44.97148,0.0],[25.781855,44.970882,0.0],[25.781993,44.970485,0.0],[25.782392,44.96941,0.0],[25.78262,44.968787,0.0],[25.782864,44.96818,0.0],[25.783156,44.967283,0.0],[25.783221,44.967082,0.0],[25.78342,44.966472,0.0],[25.783644,44.965781,0.0],[25.78387,44.965085,0.0],[25.784098,44.964394,0.0],[25.784315,44.963714,0.0],[25.78463,44.962807,0.0],[25.784823,44.962253,0.0],[25.784966,44.96184,0.0],[25.785183,44.961215,0.0],[25.785673,44.959804,0.0],[25.786131,44.958333,0.0],[25.786134,44.958326,0.0],[25.786259,44.957902,0.0],[25.786312,44.957737,0.0],[25.786432,44.957398,0.0],[25.786572,44.956942,0.0],[25.786679,44.956638,0.0],[25.786701,44.956574,0.0],[25.786758,44.956421,0.0],[25.786855,44.956232,0.0],[25.787053,44.955959,0.0],[25.787321,44.955662,0.0],[25.787535,44.955404,0.0],[25.788209,44.954605,0.0],[25.788255,44.954549,0.0],[25.788296,44.9545,0.0],[25.788597,44.954136,0.0],[25.788874,44.953809,0.0],[25.788913,44.953762,0.0]]],"type":"MultiLineString"},"properties":{"tip_retea":"Gaze","stare":"Existent","operator":"Transgaz","adancime":null,"detalii":"Conductă transport - E.T. București","_s":{"f":"#232323","fo":0.0,"s":"#232323","so":1.0,"w":3.78,"r":5.0,"cap":"square","join":"bevel","ml":true},"_c":3}},{"type":"Feature","geometry":{"coordinates":[[[25.723292,45.120538,0.0],[25.723652,45.120343,0.0],[25.723802,45.120261,0.0],[25.723877,45.120218,0.0],[25.72404,45.120109,0.0],[25.724564,45.119802,0.0],[25.724662,45.119723,0.0],[25.724586,45.119652,0.0],[25.724474,45.119554,0.0],[25.724379,45.119474,0.0],[25.724248,45.119374,0.0],[25.724309,45.119321,0.0],[25.724718,45.118993,0.0],[25.725694,45.118225,0.0],[25.726578,45.117533,0.0],[25.727465,45.116853,0.0],[25.728206,45.116274,0.0],[25.729216,45.115553,0.0],[25.729374,45.115456,0.0],[25.730028,45.115046,0.0],[25.73075,45.114504,0.0],[25.731164,45.114172,0.0],[25.731225,45.114134,0.0],[25.731233,45.114129,0.0],[25.731244,45.114122,0.0],[25.731261,45.114111,0.0],[25.731269,45.114106,0.0],[25.73128,45.114099,0.0]]],"type":"MultiLineString"},"properties":{"tip_retea":"Gaze","stare":"Existent","operator":"Transgaz","adancime":null,"detalii":"Conductă transport - E.T. București","_s":{"f":"#232323","fo":0.0,"s":"#232323","so":1.0,"w":3.78,"r":5.0,"cap":"square","join":"bevel","ml":true},"_c":3}},{"type":"Feature","geometry":{"coordinates":[[[25.779289,44.978761,0.0],[25.779275,44.978759,0.0],[25.779261,44.978756,0.0],[25.779247,44.978753,0.0],[25.779043,44.978714,0.0]]],"type":"MultiLineString"},"properties":{"tip_retea":"Gaze","stare":"Existent","operator":"Transgaz","adancime":null,"detalii":"Conductă transport - E.T. București","_s":{"f":"#232323","fo":0.0,"s":"#232323","so":1.0,"w":3.78,"r":5.0,"cap":"square","join":"bevel","ml":true},"_c":3}},{"type":"Feature","geometry":{"coordinates":[[[26.019143,45.015034,0.0],[26.019143,45.015053,0.0],[26.019221,45.01508,0.0],[26.019512,45.015173,0.0],[26.020301,45.015437,0.0],[26.020582,45.015542,0.0],[26.020874,45.01565,0.0],[26.020801,45.015751,0.0],[26.020282,45.016183,0.0],[26.019808,45.016554,0.0],[26.019358,45.016902,0.0],[26.018942,45.017206,0.0],[26.018538,45.017461,0.0],[26.017977,45.017752,0.0],[26.017977,45.017752,0.0],[26.017583,45.01786,0.0],[26.017485,45.0179,0.0],[26.017292,45.018,0.0],[26.016939,45.018326,0.0],[26.016775,45.01848,0.0],[26.016732,45.018521,0.0],[26.016496,45.018734,0.0],[26.016479,45.018739,0.0],[26.016385,45.01875,0.0],[26.016279,45.01875,0.0]]],"type":"MultiLineString"},"properties":{"tip_retea":"Gaze","stare":"Existent","operator":"Transgaz","adancime":null,"detalii":"Conductă transport - E.T. București","_s":{"f":"#232323","fo":0.0,"s":"#232323","so":1.0,"w":3.78,"r":5.0,"cap":"square","join":"bevel","ml":true},"_c":3}},{"type":"Feature","geometry":{"coordinates":[[[25.797732,44.957128,0.0],[25.797969,44.957156,0.0],[25.798213,44.957179,0.0],[25.798554,44.957217,0.0],[25.798999,44.957275,0.0],[25.799496,44.957236,0.0],[25.801139,44.956868,0.0],[25.802223,44.956663,0.0],[25.802915,44.95656,0.0],[25.80357,44.956457,0.0],[25.807022,44.955842,0.0],[25.810896,44.955284,0.0],[25.811509,44.955202,0.0]]],"type":"MultiLineString"},"properties":{"tip_retea":"Gaze","stare":"Existent","operator":"Transgaz","adancime":null,"detalii":"Conductă transport - E.T. București","_s":{"f":"#232323","fo":0.0,"s":"#232323","so":1.0,"w":3.78,"r":5.0,"cap":"square","join":"bevel","ml":true},"_c":3}},{"type":"Feature","geometry":{"coordinates":[[[26.019929,45.000745,0.0],[26.020017,45.00074,0.0],[26.020332,45.000717,0.0],[26.021139,45.000843,0.0],[26.021583,45.0009,0.0],[26.021947,45.000952,0.0],[26.022061,45.000969,0.0],[26.022484,45.001059,0.0],[26.022534,45.001071,0.0],[26.022544,45.001074,0.0],[26.022573,45.001081,0.0],[26.022628,45.001067,0.0],[26.022708,45.001045,0.0],[26.022972,45.000979,0.0],[26.023007,45.00097,0.0],[26.023049,45.00096,0.0],[26.024132,45.000653,0.0],[26.024771,45.000492,0.0],[26.024925,45.000451,0.0],[26.025656,45.000119,0.0],[26.02651,44.999741,0.0],[26.027306,44.999391,0.0],[26.027605,44.999251,0.0],[26.027689,44.999212,0.0],[26.027725,44.999196,0.0],[26.027839,44.999209,0.0],[26.028304,44.999273,0.0],[26.028552,44.999308,0.0],[26.0286,44.999314,0.0],[26.028615,44.999266,0.0],[26.028758,44.998818,0.0],[26.02899,44.99808,0.0],[26.029129,44.997771,0.0],[26.029196,44.997602,0.0],[26.029293,44.997619,0.0],[26.030245,44.997783,0.0],[26.030867,44.997893,0.0],[26.031544,44.998019,0.0],[26.034306,44.998512,0.0],[26.034698,44.998582,0.0],[26.03468,44.998654,0.0],[26.034694,44.998656,0.0],[26.034786,44.998669,0.0],[26.034799,44.998671,0.0],[26.034852,44.998653,0.0],[26.034999,44.998606,0.0],[26.036099,44.998254,0.0],[26.036972,44.997927,0.0],[26.037771,44.997623,0.0],[26.0382,44.997459,0.0],[26.038855,44.997235,0.0],[26.03999,44.996808,0.0],[26.040721,44.996555,0.0],[26.04138,44.996328,0.0],[26.042062,44.996073,0.0],[26.042693,44.995808,0.0],[26.043415,44.995534,0.0],[26.043942,44.995344,0.0],[26.044448,44.995136,0.0],[26.04492,44.99495,0.0],[26.04563,44.994694,0.0],[26.046087,44.994508,0.0],[26.046319,44.994411,0.0],[26.046711,44.994259,0.0],[26.047726,44.993833,0.0],[26.04809,44.993677,0.0],[26.050071,44.992948,0.0],[26.050394,44.992823,0.0],[26.050874,44.992673,0.0],[26.051615,44.992424,0.0],[26.052327,44.99217,0.0],[26.052919,44.991952,0.0],[26.05297,44.991929,0.0],[26.053034,44.991898,0.0],[26.053043,44.991894,0.0],[26.053078,44.99188,0.0],[26.053098,44.991872,0.0],[26.053108,44.991865,0.0],[26.053111,44.991855,0.0],[26.053092,44.99184,0.0],[26.053043,44.991807,0.0],[26.052892,44.991702,0.0],[26.052771,44.99162,0.0],[26.052577,44.991491,0.0],[26.052467,44.991416,0.0],[26.052317,44.991322,0.0],[26.052152,44.991211,0.0],[26.052079,44.99116,0.0],[26.051885,44.991015,0.0],[26.051678,44.990864,0.0],[26.0514,44.990692,0.0],[26.051276,44.990614,0.0],[26.051066,44.990481,0.0],[26.050959,44.990431,0.0],[26.05094,44.99042,0.0],[26.050897,44.990396,0.0],[26.050852,44.990369,0.0],[26.050826,44.990357,0.0],[26.050817,44.990346,0.0],[26.050809,44.990338,0.0],[26.050804,44.990333,0.0],[26.050801,44.990324,0.0],[26.050799,44.990311,0.0],[26.050796,44.990294,0.0],[26.050788,44.990279,0.0],[26.050769,44.990262,0.0],[26.050647,44.990194,0.0],[26.050565,44.990145,0.0],[26.050447,44.990078,0.0],[26.050309,44.989992,0.0],[26.0502,44.989924,0.0],[26.050141,44.989886,0.0],[26.050031,44.989816,0.0],[26.049962,44.989771,0.0],[26.049931,44.989752,0.0],[26.049897,44.989729,0.0],[26.049836,44.989693,0.0],[26.049757,44.989641,0.0],[26.049693,44.989596,0.0],[26.049548,44.989477,0.0],[26.049397,44.989349,0.0],[26.049282,44.989265,0.0],[26.049076,44.989142,0.0],[26.048869,44.989024,0.0],[26.04864,44.988884,0.0],[26.048499,44.988795,0.0],[26.048356,44.988709,0.0],[26.048262,44.988646,0.0],[26.048142,44.988573,0.0],[26.0481,44.988551,0.0],[26.048083,44.988538,0.0],[26.048031,44.988507,0.0],[26.04801,44.988492,0.0],[26.048001,44.988485,0.0]]],"type":"MultiLineString"},"properties":{"tip_retea":"Gaze","stare":"Existent","operator":"Transgaz","adancime":null,"detalii":"Conductă transport - E.T. București","_s":{"f":"#232323","fo":0.0,"s":"#232323","so":1.0,"w":3.78,"r":5.0,"cap":"square","join":"bevel","ml":true},"_c":3}},{"type":"Feature","geometry":{"coordinates":[[[26.014175,44.982799,0.0],[26.014235,44.982553,0.0],[26.015171,44.979873,0.0],[26.015177,44.979848,0.0],[26.015179,44.97984,0.0],[26.015181,44.979834,0.0]]],"type":"MultiLineString"},"properties":{"tip_retea":"Gaze","stare":"Existent","operator":"Transgaz","adancime":null,"detalii":"Conductă transport - E.T. București","_s":{"f":"#232323","fo":0.0,"s":"#232323","so":1.0,"w":3.78,"r":5.0,"cap":"square","join":"bevel","ml":true},"_c":3}},{"type":"Feature","geometry":{"coordinates":[[[26.017628,44.967288,0.0],[26.017625,44.967266,0.0],[26.017621,44.967225,0.0],[26.017611,44.96716,0.0],[26.017626,44.967132,0.0],[26.017689,44.96712,0.0],[26.017871,44.967142,0.0],[26.017916,44.967174,0.0],[26.017957,44.967236,0.0],[26.018026,44.967349,0.0],[26.018135,44.967504,0.0],[26.018303,44.967691,0.0],[26.018419,44.967806,0.0],[26.01849,44.967875,0.0],[26.018661,44.968057,0.0],[26.018833,44.96824,0.0],[26.018919,44.96834,0.0],[26.019024,44.968345,0.0],[26.019357,44.968359,0.0],[26.019938,44.968388,0.0],[26.020033,44.968371,0.0],[26.020582,44.968111,0.0],[26.02085,44.967972,0.0],[26.021272,44.967656,0.0],[26.021337,44.967605,0.0],[26.021354,44.96759,0.0],[26.022062,44.967818,0.0],[26.022659,44.968056,0.0],[26.023476,44.968387,0.0],[26.023719,44.968072,0.0],[26.024315,44.967292,0.0],[26.024713,44.966778,0.0],[26.025371,44.965922,0.0],[26.025864,44.96536,0.0],[26.025946,44.965282,0.0],[26.02644,44.965465,0.0],[26.027392,44.965985,0.0],[26.028221,44.966079,0.0],[26.028468,44.966105,0.0],[26.028626,44.966114,0.0],[26.028633,44.966114,0.0],[26.028659,44.966116,0.0],[26.028685,44.966117,0.0],[26.0287,44.966118,0.0],[26.028714,44.966119,0.0],[26.028719,44.966118,0.0],[26.028724,44.966115,0.0],[26.028755,44.966082,0.0],[26.028784,44.966049,0.0],[26.029414,44.965347,0.0],[26.030144,44.964532,0.0],[26.031091,44.963482,0.0],[26.031297,44.963245,0.0],[26.031738,44.962769,0.0],[26.031775,44.96273,0.0],[26.032053,44.962456,0.0],[26.032098,44.962436,0.0],[26.03267,44.962154,0.0],[26.032929,44.962042,0.0],[26.033179,44.961963,0.0],[26.033423,44.961876,0.0],[26.033742,44.961765,0.0],[26.033962,44.961692,0.0],[26.034071,44.961656,0.0],[26.034188,44.96161,0.0],[26.034361,44.961555,0.0],[26.03467,44.961452,0.0],[26.034797,44.961397,0.0],[26.034812,44.961362,0.0],[26.034862,44.961266,0.0],[26.034907,44.961172,0.0],[26.034956,44.961069,0.0],[26.03498,44.961018,0.0],[26.035051,44.960876,0.0],[26.035084,44.96081,0.0],[26.035187,44.960588,0.0],[26.035267,44.960439,0.0],[26.035324,44.960336,0.0],[26.035427,44.960152,0.0],[26.035505,44.960054,0.0],[26.035643,44.959917,0.0],[26.035696,44.959862,0.0],[26.03587,44.959696,0.0],[26.035968,44.959602,0.0],[26.03604,44.959536,0.0],[26.036595,44.959055,0.0],[26.036825,44.958866,0.0],[26.03693,44.95878,0.0],[26.037019,44.95871,0.0],[26.037122,44.958648,0.0],[26.037174,44.958646,0.0],[26.037522,44.958672,0.0],[26.037739,44.958685,0.0],[26.037895,44.958698,0.0],[26.038052,44.958712,0.0],[26.038193,44.958725,0.0],[26.038291,44.958732,0.0],[26.038409,44.958741,0.0],[26.03844,44.958743,0.0],[26.038457,44.958746,0.0],[26.038584,44.958801,0.0],[26.038652,44.958834,0.0],[26.039334,44.959205,0.0],[26.039756,44.959449,0.0],[26.040157,44.95968,0.0],[26.040226,44.959636,0.0],[26.040418,44.959545,0.0],[26.040947,44.959079,0.0],[26.041303,44.959283,0.0],[26.041336,44.959259,0.0],[26.041399,44.959216,0.0],[26.041483,44.959254,0.0],[26.041572,44.959304,0.0],[26.041929,44.958984,0.0],[26.042494,44.958737,0.0],[26.042572,44.958702,0.0],[26.042613,44.958687,0.0],[26.042859,44.958827,0.0],[26.04315,44.958604,0.0],[26.044024,44.958303,0.0],[26.045432,44.957812,0.0],[26.046141,44.957574,0.0],[26.046921,44.957311,0.0],[26.047156,44.957234,0.0],[26.047712,44.956703,0.0],[26.047782,44.956638,0.0],[26.048621,44.957092,0.0],[26.048658,44.957116,0.0],[26.048685,44.957135,0.0],[26.048735,44.957168,0.0],[26.048835,44.957235,0.0],[26.04884,44.957238,0.0],[26.048845,44.95724,0.0],[26.048848,44.957241,0.0],[26.048853,44.95724,0.0],[26.048857,44.957239,0.0],[26.04901,44.957115,0.0],[26.049211,44.956944,0.0],[26.049386,44.956796,0.0],[26.049869,44.956408,0.0],[26.049967,44.956329,0.0],[26.050084,44.956235,0.0],[26.050148,44.956184,0.0],[26.050237,44.956108,0.0],[26.050338,44.956024,0.0],[26.050685,44.955731,0.0],[26.050978,44.955491,0.0],[26.05101,44.955466,0.0],[26.051043,44.955441,0.0],[26.051063,44.955426,0.0],[26.0512,44.955322,0.0],[26.051364,44.955199,0.0],[26.051731,44.954912,0.0],[26.052145,44.95459,0.0],[26.052153,44.954586,0.0],[26.052163,44.954584,0.0],[26.052174,44.954584,0.0],[26.052185,44.954587,0.0],[26.052257,44.954636,0.0],[26.052315,44.954675,0.0],[26.052345,44.954696,0.0],[26.052634,44.954896,0.0],[26.052714,44.954952,0.0],[26.052845,44.955041,0.0],[26.053226,44.955278,0.0],[26.053329,44.955255,0.0],[26.054973,44.954902,0.0],[26.056636,44.954579,0.0],[26.056807,44.954544,0.0],[26.056971,44.954569,0.0],[26.057325,44.954645,0.0],[26.057419,44.95466,0.0],[26.057548,44.95464,0.0],[26.059368,44.954327,0.0],[26.060056,44.954246,0.0],[26.060093,44.954245,0.0],[26.060137,44.954244,0.0],[26.060322,44.954249,0.0],[26.06102,44.954325,0.0],[26.061677,44.954381,0.0],[26.061703,44.954363,0.0]]],"type":"MultiLineString"},"properties":{"tip_retea":"Gaze","stare":"Existent","operator":"Transgaz","adancime":null,"detalii":"Conductă transport - E.T. București","_s":{"f":"#232323","fo":0.0,"s":"#232323","so":1.0,"w":3.78,"r":5.0,"cap":"square","join":"bevel","ml":true},"_c":3}},{"type":"Feature","geometry":{"coordinates":[[[25.99649,44.882459,0.0],[25.996473,44.882466,0.0]]],"type":"MultiLineString"},"properties":{"tip_retea":"Gaze","stare":"Existent","operator":"Transgaz","adancime":null,"detalii":"Conductă transport - E.T. București","_s":{"f":"#232323","fo":0.0,"s":"#232323","so":1.0,"w":3.78,"r":5.0,"cap":"square","join":"bevel","ml":true},"_c":3}},{"type":"Feature","geometry":{"coordinates":[[[25.880665,44.862147,0.0],[25.880672,44.862146,0.0],[25.880686,44.862146,0.0],[25.88071,44.862144,0.0],[25.880737,44.862143,0.0],[25.880785,44.862141,0.0],[25.882316,44.862115,0.0],[25.885039,44.862056,0.0],[25.886812,44.862011,0.0],[25.886938,44.862009,0.0],[25.887067,44.862018,0.0],[25.887467,44.862039,0.0],[25.889485,44.862178,0.0],[25.891198,44.862316,0.0],[25.893135,44.862472,0.0],[25.893679,44.862538,0.0],[25.895224,44.86274,0.0],[25.896283,44.862878,0.0],[25.897053,44.862979,0.0],[25.897801,44.863076,0.0],[25.89846,44.863164,0.0],[25.898877,44.863218,0.0],[25.899785,44.86333,0.0],[25.901974,44.863599,0.0],[25.903499,44.863786,0.0],[25.904618,44.863924,0.0],[25.905746,44.864063,0.0],[25.906407,44.864149,0.0],[25.907615,44.864306,0.0],[25.908755,44.864454,0.0],[25.910104,44.864629,0.0],[25.910889,44.864731,0.0],[25.911065,44.864743,0.0],[25.911215,44.864743,0.0],[25.913115,44.864923,0.0],[25.915206,44.865121,0.0],[25.916491,44.865242,0.0],[25.917961,44.865382,0.0],[25.919033,44.865483,0.0],[25.919607,44.865537,0.0],[25.920058,44.86558,0.0],[25.9206,44.865631,0.0],[25.920906,44.86566,0.0],[25.921434,44.86571,0.0],[25.922132,44.865776,0.0],[25.922699,44.86583,0.0],[25.923438,44.8659,0.0],[25.923766,44.865931,0.0],[25.924019,44.865955,0.0],[25.924833,44.865961,0.0],[25.925244,44.865963,0.0],[25.92655,44.865973,0.0],[25.928545,44.865987,0.0],[25.92988,44.865997,0.0],[25.930174,44.86596,0.0],[25.930254,44.865938,0.0],[25.930364,44.865909,0.0],[25.930467,44.865882,0.0],[25.930613,44.865847,0.0],[25.931145,44.865718,0.0],[25.931686,44.865587,0.0],[25.932288,44.865441,0.0],[25.932707,44.865342,0.0],[25.932935,44.865287,0.0],[25.933213,44.865224,0.0],[25.933356,44.86519,0.0],[25.933382,44.865185,0.0],[25.933408,44.865192,0.0],[25.933575,44.865321,0.0],[25.933833,44.86553,0.0],[25.933994,44.865665,0.0],[25.934027,44.865689,0.0],[25.934065,44.865721,0.0],[25.934195,44.86583,0.0],[25.934312,44.865893,0.0],[25.934468,44.865941,0.0],[25.935513,44.86624,0.0],[25.936698,44.866587,0.0],[25.937994,44.866967,0.0],[25.939471,44.8674,0.0],[25.941365,44.867936,0.0],[25.94201,44.86812,0.0],[25.943635,44.868586,0.0],[25.945108,44.869007,0.0],[25.947483,44.869691,0.0],[25.949793,44.870355,0.0],[25.950473,44.870551,0.0],[25.950747,44.870628,0.0],[25.951632,44.870879,0.0],[25.952793,44.871207,0.0],[25.953916,44.871525,0.0],[25.954159,44.871592,0.0],[25.955945,44.872061,0.0],[25.95694,44.872323,0.0],[25.958003,44.872602,0.0],[25.958661,44.87277,0.0],[25.95947,44.872977,0.0],[25.960302,44.87319,0.0],[25.961311,44.873443,0.0],[25.962019,44.873623,0.0],[25.962752,44.873809,0.0],[25.962931,44.873856,0.0],[25.9632,44.873929,0.0],[25.963964,44.874135,0.0],[25.966482,44.874774,0.0],[25.967217,44.876078,0.0],[25.967926,44.877334,0.0],[25.968412,44.878196,0.0],[25.968531,44.878407,0.0],[25.970326,44.879193,0.0],[25.971294,44.879625,0.0],[25.971434,44.879695,0.0],[25.972818,44.880308,0.0],[25.974524,44.881058,0.0],[25.975576,44.881528,0.0],[25.97704,44.881996,0.0],[25.97858,44.882479,0.0],[25.979943,44.882906,0.0],[25.980799,44.883174,0.0],[25.981087,44.883262,0.0],[25.9825,44.883178,0.0],[25.983561,44.883117,0.0],[25.986039,44.883015,0.0],[25.988538,44.882932,0.0],[25.989885,44.882852,0.0],[25.990468,44.882814,0.0],[25.993364,44.882673,0.0],[25.994541,44.882616,0.0],[25.995622,44.882546,0.0],[25.995784,44.882535,0.0],[25.9958,44.882534,0.0],[25.995931,44.882526,0.0],[25.996128,44.882515,0.0],[25.996238,44.882517,0.0],[25.996455,44.882517,0.0],[25.996522,44.882517,0.0],[25.996588,44.882517,0.0],[25.996589,44.882513,0.0]]],"type":"MultiLineString"},"properties":{"tip_retea":"Gaze","stare":"Existent","operator":"Transgaz","adancime":null,"detalii":"Conductă transport - E.T. București","_s":{"f":"#232323","fo":0.0,"s":"#232323","so":1.0,"w":3.78,"r":5.0,"cap":"square","join":"bevel","ml":true},"_c":3}},{"type":"Feature","geometry":{"coordinates":[[[25.88063,44.86216,0.0],[25.880629,44.862149,0.0],[25.880628,44.862139,0.0],[25.880629,44.862136,0.0],[25.880631,44.862133,0.0],[25.880635,44.86213,0.0],[25.880639,44.862129,0.0],[25.880643,44.862129,0.0],[25.880648,44.862129,0.0],[25.880729,44.862127,0.0],[25.880786,44.862126,0.0],[25.886775,44.861988,0.0],[25.886927,44.861985,0.0],[25.887476,44.861977,0.0],[25.889509,44.862133,0.0],[25.891201,44.862274,0.0],[25.893184,44.862429,0.0],[25.89369,44.862494,0.0],[25.895235,44.862699,0.0],[25.896309,44.862841,0.0],[25.897068,44.862941,0.0],[25.897573,44.863008,0.0],[25.897818,44.86304,0.0],[25.898474,44.863127,0.0],[25.898887,44.863177,0.0],[25.899793,44.863289,0.0],[25.901988,44.863561,0.0],[25.903512,44.863749,0.0],[25.904625,44.863886,0.0],[25.905809,44.864033,0.0],[25.906413,44.864113,0.0],[25.907624,44.864276,0.0],[25.908763,44.864425,0.0],[25.910113,44.864594,0.0],[25.910961,44.864698,0.0],[25.9112,44.864707,0.0],[25.91313,44.86489,0.0],[25.915216,44.865077,0.0],[25.916501,44.865208,0.0],[25.917969,44.86535,0.0],[25.919049,44.865456,0.0],[25.919619,44.865509,0.0],[25.920058,44.865554,0.0],[25.920615,44.865607,0.0],[25.920913,44.865634,0.0],[25.921432,44.865686,0.0],[25.922124,44.865746,0.0],[25.922703,44.8658,0.0],[25.923443,44.865869,0.0],[25.923778,44.8659,0.0],[25.924043,44.865925,0.0],[25.924833,44.865935,0.0],[25.925249,44.865937,0.0],[25.925704,44.865938,0.0],[25.926549,44.865938,0.0],[25.928546,44.865942,0.0],[25.929832,44.865949,0.0],[25.930218,44.865877,0.0],[25.930312,44.865851,0.0],[25.930382,44.865837,0.0],[25.930529,44.8658,0.0],[25.931065,44.865667,0.0],[25.931634,44.865525,0.0],[25.932201,44.865386,0.0],[25.932721,44.865256,0.0],[25.933153,44.86515,0.0],[25.933288,44.865119,0.0],[25.933368,44.865105,0.0],[25.933387,44.865111,0.0],[25.933423,44.865139,0.0],[25.933522,44.865204,0.0],[25.933635,44.865275,0.0],[25.933961,44.865474,0.0],[25.93419,44.865616,0.0],[25.934234,44.865646,0.0],[25.934343,44.865711,0.0],[25.934531,44.865829,0.0],[25.934579,44.865862,0.0],[25.93555,44.866179,0.0],[25.936724,44.866526,0.0],[25.938025,44.866911,0.0],[25.939496,44.867346,0.0],[25.941401,44.867885,0.0],[25.943685,44.868527,0.0],[25.945216,44.868952,0.0],[25.947543,44.869603,0.0],[25.949845,44.870265,0.0],[25.950404,44.870432,0.0],[25.950806,44.870548,0.0],[25.951148,44.870648,0.0],[25.951685,44.870803,0.0],[25.952859,44.871144,0.0],[25.953951,44.871461,0.0],[25.954189,44.871527,0.0],[25.955987,44.872004,0.0],[25.956993,44.872263,0.0],[25.958045,44.87254,0.0],[25.958697,44.872707,0.0],[25.959484,44.872909,0.0],[25.960329,44.873126,0.0],[25.961337,44.873384,0.0],[25.962049,44.873566,0.0],[25.962794,44.873767,0.0],[25.963215,44.873888,0.0],[25.964899,44.874327,0.0],[25.966555,44.874744,0.0],[25.967289,44.876065,0.0],[25.967834,44.877047,0.0],[25.968462,44.878179,0.0],[25.968588,44.878405,0.0],[25.968703,44.878451,0.0],[25.970372,44.879169,0.0],[25.971339,44.879599,0.0],[25.971465,44.879662,0.0],[25.972839,44.880267,0.0],[25.974551,44.881029,0.0],[25.975617,44.881506,0.0],[25.977066,44.881957,0.0],[25.978601,44.882442,0.0],[25.979959,44.882866,0.0],[25.980858,44.883136,0.0],[25.981048,44.883194,0.0],[25.981121,44.883216,0.0],[25.982489,44.883139,0.0],[25.983561,44.883076,0.0],[25.986035,44.882971,0.0],[25.988537,44.882894,0.0],[25.989881,44.882825,0.0],[25.990466,44.882795,0.0],[25.993364,44.882651,0.0],[25.994539,44.882593,0.0],[25.995592,44.882527,0.0],[25.995773,44.882516,0.0],[25.995778,44.882516,0.0],[25.995932,44.882506,0.0],[25.996125,44.882496,0.0],[25.996236,44.8825,0.0],[25.996451,44.882501,0.0],[25.996586,44.882509,0.0],[25.996589,44.882509,0.0],[25.996589,44.882513,0.0]]],"type":"MultiLineString"},"properties":{"tip_retea":"Gaze","stare":"Existent","operator":"Transgaz","adancime":null,"detalii":"Conductă transport - E.T. București","_s":{"f":"#232323","fo":0.0,"s":"#232323","so":1.0,"w":3.78,"r":5.0,"cap":"square","join":"bevel","ml":true},"_c":3}},{"type":"Feature","geometry":{"coordinates":[[[25.996506,44.882437,0.0],[25.996475,44.88245,0.0],[25.996067,44.882613,0.0],[25.996016,44.882641,0.0],[25.995994,44.882662,0.0],[25.995995,44.882684,0.0],[25.996344,44.883595,0.0],[25.996861,44.884779,0.0],[25.997475,44.88632,0.0],[25.997882,44.887349,0.0],[25.998156,44.888124,0.0],[25.998383,44.888264,0.0],[25.998319,44.888758,0.0],[25.998443,44.889201,0.0],[25.998575,44.889642,0.0],[25.998683,44.890047,0.0],[25.998974,44.89087,0.0],[25.999348,44.892366,0.0],[25.999479,44.892725,0.0],[25.999557,44.892897,0.0],[25.999843,44.893859,0.0],[26.000138,44.894801,0.0],[26.000196,44.895065,0.0],[26.000213,44.895139,0.0],[26.000245,44.895251,0.0],[26.000291,44.895432,0.0],[26.000379,44.895685,0.0],[26.000481,44.896018,0.0],[26.000565,44.896345,0.0],[26.00064,44.896615,0.0],[26.000731,44.896905,0.0],[26.000832,44.897203,0.0],[26.000964,44.897645,0.0],[26.001062,44.898027,0.0],[26.001191,44.898436,0.0],[26.00128,44.898758,0.0],[26.001563,44.89957,0.0],[26.002052,44.899684,0.0],[26.003292,44.900015,0.0],[26.003218,44.900385,0.0],[26.002674,44.901624,0.0],[26.002397,44.902316,0.0],[26.00206,44.903155,0.0],[26.001894,44.903569,0.0],[26.001766,44.904226,0.0],[26.001657,44.904788,0.0],[26.001234,44.906173,0.0],[26.000926,44.906945,0.0],[26.0006,44.907763,0.0],[26.000082,44.908971,0.0],[25.9993,44.910744,0.0],[25.998534,44.911619,0.0],[25.998332,44.91226,0.0],[25.998097,44.913003,0.0],[25.997916,44.913577,0.0],[25.997641,44.914449,0.0],[25.997405,44.915195,0.0],[25.997198,44.915851,0.0],[25.99697,44.916573,0.0],[25.996579,44.917524,0.0],[25.996208,44.918399,0.0],[25.996063,44.918742,0.0],[25.995773,44.919426,0.0],[25.995642,44.919734,0.0],[25.996305,44.920545,0.0],[25.996718,44.921031,0.0],[25.996848,44.921157,0.0],[25.996861,44.92117,0.0],[25.996741,44.921238,0.0]]],"type":"MultiLineString"},"properties":{"tip_retea":"Gaze","stare":"Existent","operator":"Transgaz","adancime":null,"detalii":"Conductă transport - E.T. București","_s":{"f":"#232323","fo":0.0,"s":"#232323","so":1.0,"w":3.78,"r":5.0,"cap":"square","join":"bevel","ml":true},"_c":3}},{"type":"Feature","geometry":{"coordinates":[[[25.812687,44.920226,0.0],[25.812712,44.920231,0.0],[25.812778,44.920244,0.0],[25.817473,44.921153,0.0],[25.822341,44.921915,0.0],[25.82238,44.92192,0.0],[25.822497,44.921934,0.0],[25.823177,44.922045,0.0],[25.82413,44.922219,0.0],[25.825078,44.922403,0.0],[25.825408,44.922468,0.0],[25.826904,44.922719,0.0],[25.827361,44.922809,0.0],[25.828103,44.922965,0.0],[25.829188,44.923165,0.0],[25.829251,44.923176,0.0],[25.8294,44.923204,0.0],[25.829945,44.923294,0.0]]],"type":"MultiLineString"},"properties":{"tip_retea":"Gaze","stare":"Existent","operator":"Transgaz","adancime":null,"detalii":"Conductă transport - E.T. București","_s":{"f":"#232323","fo":0.0,"s":"#232323","so":1.0,"w":3.78,"r":5.0,"cap":"square","join":"bevel","ml":true},"_c":3}},{"type":"Feature","geometry":{"coordinates":[[[25.555848,45.325754,0.0],[25.555812,45.325748,0.0],[25.555791,45.325745,0.0],[25.555778,45.325743,0.0],[25.555728,45.325735,0.0],[25.55565,45.325712,0.0],[25.555592,45.325687,0.0],[25.55555,45.325673,0.0],[25.555521,45.325651,0.0],[25.555329,45.325468,0.0],[25.555076,45.325223,0.0],[25.554971,45.32506,0.0],[25.554814,45.324897,0.0],[25.554782,45.324805,0.0],[25.55467,45.324572,0.0],[25.554558,45.324358,0.0],[25.554431,45.324107,0.0],[25.554367,45.323969,0.0],[25.554347,45.323849,0.0],[25.554343,45.323444,0.0],[25.554388,45.32331,0.0],[25.554404,45.323183,0.0],[25.554413,45.323145,0.0],[25.554431,45.323115,0.0],[25.554416,45.323063,0.0],[25.554288,45.322801,0.0],[25.5542,45.322547,0.0],[25.554133,45.322308,0.0],[25.554062,45.321943,0.0],[25.553931,45.321577,0.0],[25.553932,45.321402,0.0],[25.553917,45.321382,0.0],[25.553924,45.321316,0.0],[25.553937,45.321236,0.0],[25.553966,45.321047,0.0],[25.553972,45.320999,0.0],[25.553987,45.320932,0.0],[25.554023,45.320762,0.0],[25.554054,45.320635,0.0],[25.554068,45.320544,0.0],[25.554071,45.320406,0.0],[25.554022,45.320281,0.0],[25.554012,45.320214,0.0],[25.553993,45.320172,0.0],[25.553706,45.319787,0.0],[25.553648,45.319713,0.0],[25.553641,45.319688,0.0],[25.553608,45.319627,0.0],[25.553612,45.319589,0.0],[25.553625,45.319559,0.0],[25.553686,45.319439,0.0],[25.553679,45.319234,0.0],[25.55377,45.319103,0.0],[25.553807,45.318973,0.0],[25.554275,45.31849,0.0],[25.554424,45.318256,0.0],[25.554438,45.318121,0.0],[25.554441,45.317926,0.0],[25.554539,45.317755,0.0],[25.554643,45.317596,0.0],[25.554768,45.317449,0.0],[25.554892,45.317203,0.0],[25.554923,45.316988,0.0],[25.554932,45.316622,0.0],[25.554962,45.316291,0.0],[25.554964,45.316066,0.0],[25.554993,45.315916,0.0],[25.555077,45.315631,0.0],[25.555168,45.315318,0.0],[25.555291,45.315019,0.0],[25.555312,45.314999,0.0],[25.555472,45.314766,0.0],[25.555536,45.314581,0.0],[25.555554,45.314529,0.0],[25.555537,45.314416,0.0],[25.555456,45.314293,0.0],[25.555291,45.314051,0.0],[25.555142,45.313907,0.0],[25.555108,45.313838,0.0],[25.555188,45.313142,0.0],[25.55515,45.312971,0.0],[25.555049,45.312805,0.0],[25.55499,45.312663,0.0],[25.554761,45.312432,0.0],[25.554497,45.312138,0.0],[25.55438,45.311984,0.0],[25.554234,45.311875,0.0],[25.554022,45.311606,0.0],[25.554081,45.311336,0.0],[25.554145,45.311112,0.0],[25.554133,45.311088,0.0],[25.554087,45.311048,0.0],[25.553971,45.311006,0.0],[25.553766,45.310937,0.0],[25.553444,45.3108,0.0],[25.553172,45.310639,0.0],[25.553049,45.310578,0.0],[25.552962,45.310538,0.0],[25.552921,45.310523,0.0],[25.552781,45.310504,0.0],[25.552505,45.310508,0.0],[25.552178,45.310483,0.0],[25.551953,45.310485,0.0],[25.551461,45.3105,0.0],[25.550999,45.310527,0.0],[25.550451,45.3105,0.0],[25.549853,45.310512,0.0],[25.549536,45.310487,0.0],[25.548836,45.310504,0.0],[25.548284,45.31052,0.0],[25.547573,45.310566,0.0],[25.547093,45.310537,0.0],[25.546945,45.310545,0.0],[25.546906,45.310551,0.0],[25.546892,45.310538,0.0],[25.546849,45.31049,0.0],[25.546749,45.310371,0.0],[25.54667,45.31028,0.0],[25.546593,45.310187,0.0],[25.546461,45.310024,0.0],[25.546345,45.309879,0.0],[25.546126,45.309622,0.0],[25.545937,45.309412,0.0],[25.545719,45.309154,0.0],[25.545596,45.309038,0.0],[25.545484,45.308924,0.0],[25.545297,45.308826,0.0],[25.545045,45.308693,0.0],[25.544752,45.308587,0.0],[25.544708,45.308561,0.0],[25.544641,45.308533,0.0],[25.544529,45.308507,0.0],[25.54439,45.308485,0.0],[25.544248,45.308479,0.0],[25.544039,45.308471,0.0],[25.543846,45.308481,0.0],[25.543681,45.308499,0.0],[25.543558,45.308489,0.0],[25.543504,45.308481,0.0],[25.543462,45.308463,0.0],[25.543384,45.308408,0.0],[25.543169,45.308271,0.0],[25.54288,45.308064,0.0],[25.542673,45.30792,0.0],[25.542487,45.30779,0.0],[25.542429,45.307775,0.0],[25.542339,45.307734,0.0],[25.542128,45.307665,0.0],[25.541893,45.307577,0.0],[25.541722,45.30751,0.0],[25.541637,45.307477,0.0],[25.541406,45.307339,0.0],[25.540654,45.306882,0.0],[25.539895,45.306309,0.0],[25.539254,45.305804,0.0],[25.538668,45.305393,0.0],[25.538226,45.305097,0.0],[25.537694,45.304693,0.0],[25.537291,45.304452,0.0],[25.536974,45.304242,0.0],[25.536649,45.30402,0.0],[25.536086,45.303619,0.0],[25.535813,45.303429,0.0],[25.535634,45.303292,0.0],[25.535226,45.303008,0.0],[25.534831,45.302737,0.0],[25.534467,45.302495,0.0],[25.534332,45.302411,0.0],[25.534205,45.302327,0.0],[25.534044,45.302085,0.0],[25.533947,45.301944,0.0],[25.533882,45.301839,0.0],[25.533827,45.301772,0.0],[25.533652,45.301629,0.0],[25.533459,45.30151,0.0],[25.533248,45.301371,0.0],[25.533105,45.301275,0.0],[25.532895,45.301143,0.0],[25.53259,45.300936,0.0],[25.532278,45.300712,0.0],[25.532075,45.300584,0.0],[25.531835,45.300419,0.0],[25.531577,45.300261,0.0],[25.531163,45.29996,0.0],[25.530974,45.299842,0.0],[25.530753,45.299658,0.0],[25.530331,45.299377,0.0],[25.529961,45.299157,0.0],[25.529663,45.298919,0.0],[25.529384,45.29875,0.0],[25.529257,45.298676,0.0],[25.528984,45.298476,0.0],[25.528825,45.298378,0.0],[25.528588,45.298208,0.0],[25.528443,45.29808,0.0],[25.52822,45.297883,0.0],[25.528197,45.297867,0.0]]],"type":"MultiLineString"},"properties":{"tip_retea":"Gaze","stare":"Existent","operator":"Transgaz","adancime":null,"detalii":"Conductă transport - E.T. București","_s":{"f":"#232323","fo":0.0,"s":"#232323","so":1.0,"w":3.78,"r":5.0,"cap":"square","join":"bevel","ml":true},"_c":3}},{"type":"Feature","geometry":{"coordinates":[[[25.551973,45.333947,0.0],[25.552226,45.333817,0.0]]],"type":"MultiLineString"},"properties":{"tip_retea":"Gaze","stare":"Existent","operator":"Transgaz","adancime":null,"detalii":"Conductă transport - E.T. București","_s":{"f":"#232323","fo":0.0,"s":"#232323","so":1.0,"w":3.78,"r":5.0,"cap":"square","join":"bevel","ml":true},"_c":3}},{"type":"Feature","geometry":{"coordinates":[[[25.552005,45.333742,0.0],[25.552721,45.333434,0.0],[25.553384,45.333149,0.0],[25.553675,45.332689,0.0],[25.553777,45.33243,0.0],[25.553888,45.332103,0.0],[25.553555,45.33154,0.0],[25.553242,45.331164,0.0],[25.552665,45.330458,0.0],[25.552203,45.330272,0.0],[25.552123,45.329774,0.0],[25.552158,45.329082,0.0],[25.552091,45.329069,0.0],[25.552079,45.329057,0.0],[25.552112,45.328748,0.0],[25.552544,45.328446,0.0],[25.554707,45.326858,0.0],[25.55503,45.326551,0.0],[25.555641,45.325852,0.0],[25.555697,45.325704,0.0],[25.555862,45.325264,0.0],[25.556156,45.325193,0.0],[25.556835,45.325028,0.0],[25.556991,45.324991,0.0],[25.55769,45.324605,0.0],[25.557946,45.324477,0.0],[25.558072,45.324333,0.0],[25.55881,45.322988,0.0],[25.558879,45.322335,0.0],[25.558933,45.322139,0.0],[25.558959,45.322001,0.0],[25.558975,45.321989,0.0],[25.558997,45.321983,0.0],[25.559028,45.321976,0.0],[25.559054,45.321973,0.0],[25.559066,45.32197,0.0],[25.559076,45.32196,0.0],[25.559084,45.321939,0.0],[25.559118,45.321877,0.0],[25.559164,45.321816,0.0],[25.559192,45.321774,0.0],[25.55924,45.321701,0.0],[25.55926,45.321671,0.0],[25.559311,45.321593,0.0],[25.559337,45.321555,0.0],[25.559363,45.321521,0.0],[25.559426,45.321422,0.0],[25.561149,45.319465,0.0],[25.561297,45.319311,0.0],[25.561984,45.318597,0.0]]],"type":"MultiLineString"},"properties":{"tip_retea":"Gaze","stare":"Existent","operator":"Transgaz","adancime":null,"detalii":"Conductă transport - E.T. București","_s":{"f":"#232323","fo":0.0,"s":"#232323","so":1.0,"w":3.78,"r":5.0,"cap":"square","join":"bevel","ml":true},"_c":3}},{"type":"Feature","geometry":{"coordinates":[[[25.971972,44.958017,0.0],[25.972111,44.958011,0.0],[25.973715,44.957876,0.0],[25.975974,44.957664,0.0],[25.977488,44.957531,0.0],[25.979311,44.957365,0.0],[25.981672,44.957138,0.0],[25.984264,44.956917,0.0],[25.985695,44.956805,0.0],[25.986894,44.956721,0.0],[25.987217,44.956683,0.0],[25.987542,44.956678,0.0],[25.987807,44.956885,0.0],[25.98805,44.957118,0.0],[25.988164,44.957182,0.0],[25.988802,44.957388,0.0],[25.98965,44.957662,0.0],[25.991794,44.958368,0.0],[25.992213,44.958525,0.0],[25.992661,44.95867,0.0],[25.994408,44.959264,0.0],[25.996783,44.960063,0.0],[25.998487,44.96066,0.0],[25.998776,44.960797,0.0],[25.998839,44.960818,0.0],[25.999449,44.960923,0.0],[25.999996,44.961007,0.0],[26.000908,44.961431,0.0],[26.002071,44.961974,0.0],[26.002701,44.962311,0.0],[26.003472,44.962681,0.0],[26.004604,44.963235,0.0],[26.00547,44.963703,0.0],[26.005942,44.96392,0.0],[26.006367,44.964149,0.0],[26.006398,44.964148,0.0],[26.006599,44.964047,0.0],[26.00694,44.963922,0.0],[26.007329,44.963908,0.0]]],"type":"MultiLineString"},"properties":{"tip_retea":"Gaze","stare":"Existent","operator":"Transgaz","adancime":null,"detalii":"Conductă transport - E.T. București","_s":{"f":"#232323","fo":0.0,"s":"#232323","so":1.0,"w":3.78,"r":5.0,"cap":"square","join":"bevel","ml":true},"_c":3}},{"type":"Feature","geometry":{"coordinates":[[[25.99652,44.981151,0.0],[25.996557,44.981171,0.0],[25.997023,44.98143,0.0],[25.997441,44.981682,0.0],[25.9984,44.982227,0.0],[25.999125,44.982568,0.0],[25.999581,44.98291,0.0],[25.999626,44.98301,0.0],[25.999636,44.983093,0.0],[25.999654,44.983133,0.0],[25.999935,44.983654,0.0],[26.000228,44.984234,0.0],[26.000419,44.984629,0.0],[26.000563,44.984915,0.0],[26.000856,44.985499,0.0],[26.000927,44.985656,0.0],[26.001015,44.985796,0.0],[26.001214,44.985947,0.0],[26.001758,44.98627,0.0],[26.002596,44.98682,0.0],[26.002847,44.986975,0.0],[26.0032,44.987205,0.0],[26.00339,44.987323,0.0],[26.00368,44.987485,0.0],[26.003927,44.987619,0.0],[26.004103,44.987733,0.0],[26.004355,44.98791,0.0],[26.00529,44.988515,0.0],[26.005895,44.988838,0.0],[26.006058,44.988902,0.0],[26.006665,44.989156,0.0],[26.007086,44.989299,0.0],[26.007634,44.989501,0.0],[26.008194,44.989713,0.0],[26.008543,44.989831,0.0],[26.008684,44.989896,0.0],[26.008937,44.989963,0.0],[26.009984,44.990206,0.0],[26.010395,44.990286,0.0],[26.011037,44.990449,0.0],[26.011388,44.990552,0.0],[26.011444,44.990631,0.0],[26.012217,44.990912,0.0],[26.012723,44.991078,0.0],[26.012747,44.991086,0.0],[26.012972,44.991168,0.0],[26.013657,44.991433,0.0],[26.013745,44.99149,0.0],[26.013848,44.991562,0.0],[26.014002,44.991625,0.0],[26.014314,44.991741,0.0],[26.014387,44.991794,0.0],[26.014497,44.99194,0.0],[26.014747,44.992431,0.0],[26.014974,44.993051,0.0],[26.01509,44.993298,0.0],[26.015132,44.9934,0.0],[26.015128,44.993437,0.0],[26.014921,44.993923,0.0],[26.014858,44.994042,0.0],[26.014605,44.99464,0.0],[26.014522,44.994723,0.0],[26.014278,44.995067,0.0],[26.014097,44.995368,0.0],[26.014064,44.995405,0.0],[26.013943,44.995524,0.0],[26.014094,44.99568,0.0],[26.014107,44.995693,0.0],[26.014138,44.995725,0.0],[26.014027,44.995801,0.0],[26.013922,44.995879,0.0],[26.013666,44.996186,0.0],[26.013793,44.996329,0.0],[26.013915,44.996448,0.0],[26.015459,44.997451,0.0],[26.015737,44.997618,0.0],[26.01597,44.997736,0.0],[26.016123,44.997804,0.0],[26.01636,44.997907,0.0],[26.016878,44.998135,0.0],[26.017657,44.998464,0.0],[26.018334,44.998822,0.0],[26.018518,44.99884,0.0],[26.018666,44.998874,0.0],[26.018666,44.998875,0.0],[26.018683,44.998884,0.0],[26.0187,44.998894,0.0],[26.018823,44.998961,0.0],[26.019165,44.999136,0.0],[26.019204,44.999204,0.0],[26.019218,44.999256,0.0],[26.019376,44.999607,0.0],[26.019647,45.000179,0.0],[26.019929,45.000745,0.0]]],"type":"MultiLineString"},"properties":{"tip_retea":"Gaze","stare":"Existent","operator":"Transgaz","adancime":null,"detalii":"Conductă transport - E.T. București","_s":{"f":"#232323","fo":0.0,"s":"#232323","so":1.0,"w":3.78,"r":5.0,"cap":"square","join":"bevel","ml":true},"_c":3}},{"type":"Feature","geometry":{"coordinates":[[[25.77928,44.978785,0.0],[25.779267,44.978783,0.0],[25.77925,44.97878,0.0],[25.779032,44.978744,0.0]]],"type":"MultiLineString"},"properties":{"tip_retea":"Gaze","stare":"Existent","operator":"Transgaz","adancime":null,"detalii":"Conductă transport - E.T. București","_s":{"f":"#232323","fo":0.0,"s":"#232323","so":1.0,"w":3.78,"r":5.0,"cap":"square","join":"bevel","ml":true},"_c":3}},{"type":"Feature","geometry":{"coordinates":[[[25.829945,44.923294,0.0],[25.831054,44.923478,0.0],[25.832675,44.923747,0.0],[25.834508,44.924064,0.0],[25.837625,44.924597,0.0],[25.839003,44.924828,0.0],[25.839011,44.924922,0.0],[25.839002,44.92511,0.0],[25.83899,44.925279,0.0],[25.839895,44.925961,0.0],[25.842329,44.927752,0.0],[25.843043,44.928266,0.0],[25.84427,44.929144,0.0],[25.845041,44.929445,0.0],[25.845238,44.929498,0.0],[25.85651,44.932015,0.0],[25.85725,44.932196,0.0],[25.85734,44.932215,0.0],[25.857572,44.932266,0.0],[25.861002,44.931876,0.0],[25.861151,44.931864,0.0],[25.880363,44.929811,0.0],[25.880436,44.929785,0.0],[25.880517,44.929593,0.0],[25.880554,44.929507,0.0],[25.88072,44.929144,0.0],[25.882807,44.928927,0.0],[25.884581,44.928732,0.0],[25.887496,44.928418,0.0],[25.888616,44.928273,0.0],[25.889271,44.928215,0.0],[25.891782,44.927938,0.0],[25.893388,44.927758,0.0],[25.89344,44.927754,0.0],[25.906912,44.926538,0.0],[25.907372,44.926515,0.0],[25.907538,44.92651,0.0],[25.909703,44.926294,0.0],[25.919574,44.925277,0.0],[25.919621,44.925269,0.0],[25.919797,44.925224,0.0],[25.919801,44.925224,0.0],[25.921157,44.925145,0.0],[25.921362,44.925134,0.0],[25.921425,44.92513,0.0],[25.92222,44.925084,0.0],[25.922246,44.925082,0.0],[25.922265,44.925081,0.0],[25.922284,44.92508,0.0],[25.922322,44.925078,0.0],[25.922442,44.925096,0.0],[25.923647,44.925194,0.0],[25.925368,44.92524,0.0],[25.925547,44.925135,0.0],[25.925811,44.924588,0.0],[25.925838,44.924448,0.0],[25.925876,44.924255,0.0],[25.925881,44.92423,0.0],[25.925891,44.924181,0.0],[25.925914,44.924069,0.0],[25.925925,44.924058,0.0],[25.925952,44.924047,0.0],[25.925992,44.924032,0.0],[25.926393,44.923875,0.0],[25.926408,44.92387,0.0],[25.926572,44.923808,0.0],[25.927031,44.923631,0.0],[25.927495,44.923454,0.0],[25.928017,44.923255,0.0],[25.928584,44.923038,0.0],[25.929208,44.922798,0.0],[25.929627,44.922639,0.0],[25.929701,44.922611,0.0],[25.929724,44.922602,0.0],[25.929748,44.922593,0.0],[25.929839,44.922589,0.0],[25.930228,44.922575,0.0],[25.930626,44.92256,0.0],[25.931478,44.922529,0.0],[25.932486,44.92249,0.0],[25.932961,44.922473,0.0],[25.933466,44.922451,0.0],[25.934599,44.922407,0.0],[25.935617,44.922368,0.0],[25.936521,44.922332,0.0],[25.937336,44.922302,0.0],[25.938088,44.922271,0.0],[25.938194,44.922266,0.0],[25.938793,44.922242,0.0],[25.939358,44.922225,0.0],[25.939857,44.922204,0.0],[25.939938,44.922202,0.0],[25.940003,44.9222,0.0],[25.940154,44.922195,0.0],[25.940404,44.922185,0.0],[25.940772,44.92217,0.0],[25.94153,44.92214,0.0],[25.942201,44.922117,0.0],[25.942922,44.92209,0.0],[25.943708,44.922057,0.0],[25.944821,44.922015,0.0],[25.945326,44.921998,0.0],[25.946557,44.921948,0.0],[25.947017,44.921929,0.0],[25.948145,44.921889,0.0],[25.949002,44.921854,0.0],[25.949088,44.92185,0.0],[25.949502,44.921839,0.0],[25.950093,44.921818,0.0],[25.950874,44.921788,0.0],[25.951414,44.921768,0.0],[25.952344,44.921732,0.0],[25.953036,44.921705,0.0],[25.95368,44.921682,0.0],[25.954369,44.921657,0.0],[25.954924,44.921637,0.0],[25.955669,44.921608,0.0],[25.957712,44.921536,0.0],[25.957963,44.921527,0.0],[25.958501,44.921507,0.0],[25.958539,44.921506,0.0],[25.958604,44.921503,0.0],[25.958619,44.921502,0.0],[25.958628,44.921502,0.0],[25.958636,44.921501,0.0],[25.958649,44.921493,0.0],[25.958675,44.921474,0.0],[25.958881,44.921329,0.0],[25.959068,44.921207,0.0],[25.959306,44.921048,0.0],[25.959346,44.921024,0.0],[25.959353,44.921019,0.0],[25.959359,44.921018,0.0],[25.959369,44.921021,0.0],[25.959561,44.921086,0.0],[25.959868,44.921181,0.0],[25.960295,44.921305,0.0],[25.960924,44.921495,0.0],[25.961544,44.921682,0.0],[25.962061,44.921834,0.0],[25.962557,44.921983,0.0],[25.962567,44.921984,0.0],[25.962576,44.921981,0.0],[25.962595,44.921976,0.0],[25.962663,44.921958,0.0],[25.962788,44.921927,0.0],[25.963133,44.921847,0.0],[25.963649,44.921734,0.0],[25.964207,44.921594,0.0],[25.964636,44.921468,0.0],[25.96486,44.921388,0.0],[25.964867,44.921387,0.0],[25.964874,44.921387,0.0],[25.964881,44.92139,0.0],[25.964899,44.921396,0.0],[25.964965,44.921417,0.0],[25.96505,44.921444,0.0],[25.965269,44.921515,0.0],[25.965551,44.921596,0.0],[25.965932,44.921709,0.0],[25.966174,44.921785,0.0],[25.966728,44.921953,0.0],[25.967538,44.922201,0.0],[25.968533,44.922499,0.0],[25.968547,44.922503,0.0],[25.968566,44.922504,0.0],[25.968585,44.922499,0.0],[25.968602,44.922491,0.0],[25.968624,44.922466,0.0],[25.968671,44.922405,0.0],[25.968797,44.922244,0.0],[25.968961,44.922032,0.0],[25.968982,44.922008,0.0],[25.969002,44.921986,0.0],[25.969095,44.921869,0.0],[25.969196,44.921744,0.0],[25.969367,44.921527,0.0],[25.969399,44.921485,0.0],[25.969423,44.921456,0.0],[25.969452,44.921418,0.0],[25.969549,44.921306,0.0],[25.969604,44.921243,0.0],[25.969641,44.921199,0.0],[25.969673,44.921159,0.0],[25.969679,44.921157,0.0],[25.969686,44.921155,0.0],[25.969692,44.921155,0.0],[25.969702,44.921155,0.0],[25.969711,44.921157,0.0],[25.969711,44.921157,0.0],[25.969759,44.921171,0.0],[25.970126,44.92128,0.0],[25.970463,44.921385,0.0],[25.971154,44.921605,0.0],[25.9714,44.921679,0.0],[25.97178,44.921798,0.0],[25.971947,44.92185,0.0],[25.972013,44.92187,0.0],[25.972172,44.92192,0.0],[25.972271,44.92195,0.0],[25.972366,44.921979,0.0],[25.972412,44.921994,0.0],[25.972495,44.92202,0.0],[25.972595,44.922052,0.0],[25.972606,44.922055,0.0],[25.9728,44.922112,0.0],[25.973257,44.922251,0.0],[25.973804,44.922418,0.0],[25.974383,44.922589,0.0],[25.974722,44.922694,0.0],[25.975243,44.922856,0.0],[25.975601,44.922967,0.0],[25.976339,44.923187,0.0],[25.977043,44.923402,0.0],[25.977437,44.923524,0.0],[25.977762,44.923624,0.0],[25.97847,44.923839,0.0],[25.97925,44.924075,0.0],[25.98008,44.924331,0.0],[25.980131,44.924346,0.0],[25.980319,44.924402,0.0],[25.980471,44.924448,0.0],[25.981003,44.924604,0.0],[25.981409,44.924719,0.0],[25.981755,44.924813,0.0],[25.982449,44.925012,0.0],[25.983091,44.925194,0.0],[25.983603,44.92534,0.0],[25.984052,44.925473,0.0],[25.984093,44.925484,0.0],[25.984133,44.925495,0.0],[25.984371,44.92556,0.0],[25.984569,44.925616,0.0],[25.984983,44.925734,0.0],[25.985163,44.925785,0.0],[25.985354,44.925839,0.0],[25.985767,44.925955,0.0],[25.986164,44.926069,0.0],[25.986535,44.926172,0.0],[25.98693,44.926286,0.0],[25.986973,44.926299,0.0]]],"type":"MultiLineString"},"properties":{"tip_retea":"Gaze","stare":"Existent","operator":"Transgaz","adancime":null,"detalii":"Conductă transport - E.T. București","_s":{"f":"#232323","fo":0.0,"s":"#232323","so":1.0,"w":3.78,"r":5.0,"cap":"square","join":"bevel","ml":true},"_c":3}},{"type":"Feature","geometry":{"coordinates":[[[25.779104,44.97877,0.0],[25.779131,44.978686,0.0],[25.779141,44.978675,0.0],[25.779158,44.978669,0.0],[25.7792,44.978668,0.0],[25.779235,44.978667,0.0],[25.779298,44.978664,0.0],[25.779323,44.978648,0.0],[25.779333,44.978638,0.0],[25.779339,44.978628,0.0],[25.779465,44.978093,0.0],[25.77964,44.97744,0.0],[25.77978,44.976915,0.0],[25.780041,44.976046,0.0],[25.780238,44.975455,0.0],[25.780497,44.974792,0.0],[25.780733,44.974305,0.0],[25.781036,44.97386,0.0],[25.781229,44.973304,0.0],[25.781502,44.972572,0.0],[25.781676,44.972077,0.0],[25.781862,44.971531,0.0],[25.782067,44.970948,0.0],[25.782606,44.969444,0.0],[25.782806,44.968832,0.0],[25.783036,44.968219,0.0],[25.783232,44.967627,0.0],[25.783785,44.966528,0.0],[25.784165,44.965845,0.0],[25.784931,44.964612,0.0],[25.785266,44.963984,0.0],[25.785629,44.96329,0.0],[25.786106,44.962485,0.0],[25.786369,44.962077,0.0],[25.786965,44.960992,0.0],[25.787527,44.960035,0.0],[25.788316,44.959148,0.0],[25.788343,44.959122,0.0],[25.788406,44.959063,0.0],[25.789147,44.958338,0.0],[25.791634,44.955908,0.0],[25.791661,44.955882,0.0],[25.791683,44.955861,0.0]]],"type":"MultiLineString"},"properties":{"tip_retea":"Gaze","stare":"Existent","operator":"Transgaz","adancime":null,"detalii":"Conductă transport - E.T. București","_s":{"f":"#232323","fo":0.0,"s":"#232323","so":1.0,"w":3.78,"r":5.0,"cap":"square","join":"bevel","ml":true},"_c":3}},{"type":"Feature","geometry":{"coordinates":[[[25.617911,45.288182,0.0],[25.618086,45.288065,0.0],[25.618618,45.287931,0.0],[25.61881,45.287902,0.0],[25.619337,45.287825,0.0],[25.61979,45.287768,0.0],[25.619973,45.287493,0.0],[25.620307,45.286855,0.0],[25.620601,45.286521,0.0],[25.62047,45.285714,0.0],[25.620586,45.285296,0.0],[25.620558,45.285211,0.0],[25.620532,45.285121,0.0],[25.620741,45.284744,0.0],[25.620732,45.284667,0.0],[25.620729,45.284411,0.0],[25.620654,45.283436,0.0],[25.620663,45.283391,0.0],[25.620732,45.283071,0.0],[25.621075,45.282423,0.0],[25.621121,45.282099,0.0],[25.621129,45.281953,0.0],[25.621131,45.28166,0.0],[25.621297,45.280613,0.0],[25.62142,45.280242,0.0],[25.621449,45.280157,0.0],[25.621489,45.280038,0.0],[25.621501,45.280003,0.0],[25.621624,45.27988,0.0],[25.621638,45.27984,0.0],[25.621733,45.279585,0.0],[25.62177,45.279486,0.0],[25.62189,45.279339,0.0],[25.621952,45.27907,0.0],[25.62208,45.278911,0.0],[25.622099,45.278889,0.0],[25.622427,45.278654,0.0],[25.622579,45.278315,0.0],[25.62259,45.278285,0.0],[25.621905,45.277998,0.0],[25.621771,45.27795,0.0],[25.621512,45.277863,0.0]]],"type":"MultiLineString"},"properties":{"tip_retea":"Gaze","stare":"Existent","operator":"Transgaz","adancime":null,"detalii":"Conductă transport - E.T. București","_s":{"f":"#232323","fo":0.0,"s":"#232323","so":1.0,"w":3.78,"r":5.0,"cap":"square","join":"bevel","ml":true},"_c":3}},{"type":"Feature","geometry":{"coordinates":[[[25.6179,45.271889,0.0],[25.618031,45.270488,0.0],[25.618041,45.27048,0.0],[25.618282,45.269952,0.0],[25.618545,45.26992,0.0],[25.619323,45.270469,0.0],[25.619352,45.270459,0.0],[25.619484,45.270492,0.0],[25.619669,45.270209,0.0],[25.619515,45.269664,0.0],[25.619562,45.269466,0.0],[25.61948,45.269271,0.0],[25.619484,45.269268,0.0],[25.619948,45.269087,0.0],[25.620258,45.26845,0.0],[25.620858,45.268056,0.0],[25.621102,45.267893,0.0]]],"type":"MultiLineString"},"properties":{"tip_retea":"Gaze","stare":"Existent","operator":"Transgaz","adancime":null,"detalii":"Conductă transport - E.T. București","_s":{"f":"#232323","fo":0.0,"s":"#232323","so":1.0,"w":3.78,"r":5.0,"cap":"square","join":"bevel","ml":true},"_c":3}},{"type":"Feature","geometry":{"coordinates":[[[25.561984,45.318597,0.0],[25.561984,45.31859,0.0],[25.56198,45.318585,0.0],[25.561972,45.31858,0.0],[25.561968,45.318577,0.0],[25.561965,45.318573,0.0],[25.561931,45.318373,0.0],[25.561865,45.318274,0.0],[25.561603,45.317948,0.0],[25.561339,45.317669,0.0],[25.561678,45.317144,0.0],[25.561812,45.317057,0.0],[25.562116,45.316881,0.0],[25.562618,45.316708,0.0],[25.562909,45.316609,0.0],[25.562943,45.316597,0.0],[25.563011,45.316574,0.0],[25.562967,45.316267,0.0],[25.56292,45.315911,0.0],[25.562873,45.31556,0.0],[25.562839,45.315285,0.0],[25.562868,45.315028,0.0],[25.562919,45.314729,0.0],[25.562932,45.314468,0.0],[25.562879,45.314223,0.0],[25.562785,45.313994,0.0],[25.562976,45.313653,0.0],[25.563027,45.313524,0.0],[25.563049,45.313436,0.0],[25.563099,45.313331,0.0],[25.563411,45.312989,0.0],[25.563479,45.312911,0.0],[25.563589,45.312653,0.0],[25.563709,45.312354,0.0],[25.563832,45.3121,0.0],[25.563895,45.311929,0.0],[25.563919,45.311869,0.0],[25.564053,45.311802,0.0],[25.564303,45.311671,0.0],[25.564523,45.311557,0.0],[25.564865,45.311436,0.0],[25.565106,45.311325,0.0],[25.565253,45.311257,0.0],[25.565496,45.311075,0.0],[25.565705,45.310787,0.0],[25.565873,45.310545,0.0],[25.565939,45.310441,0.0],[25.565955,45.310428,0.0],[25.565985,45.310412,0.0],[25.566179,45.31031,0.0],[25.566131,45.310333,0.0],[25.566263,45.310262,0.0],[25.566306,45.310236,0.0],[25.566395,45.310189,0.0],[25.566605,45.3101,0.0],[25.566695,45.310059,0.0],[25.566728,45.310045,0.0],[25.567036,45.30974,0.0],[25.567231,45.309557,0.0],[25.567431,45.309388,0.0],[25.567495,45.309306,0.0],[25.567545,45.309258,0.0],[25.567552,45.30923,0.0],[25.567538,45.30911,0.0],[25.567531,45.308871,0.0],[25.567526,45.30874,0.0],[25.56752,45.308613,0.0],[25.567538,45.308501,0.0],[25.567542,45.308458,0.0],[25.567586,45.308439,0.0],[25.567661,45.308414,0.0],[25.567801,45.308366,0.0],[25.567848,45.308349,0.0],[25.567913,45.308324,0.0],[25.568015,45.308335,0.0],[25.568115,45.308362,0.0],[25.568141,45.308366,0.0],[25.568448,45.308436,0.0],[25.568544,45.308491,0.0],[25.56869,45.308573,0.0],[25.569031,45.308764,0.0]]],"type":"MultiLineString"},"properties":{"tip_retea":"Gaze","stare":"Existent","operator":"Transgaz","adancime":null,"detalii":"Conductă transport - E.T. București","_s":{"f":"#232323","fo":0.0,"s":"#232323","so":1.0,"w":3.78,"r":5.0,"cap":"square","join":"bevel","ml":true},"_c":3}},{"type":"Feature","geometry":{"coordinates":[[[25.561925,45.318575,0.0],[25.562032,45.318536,0.0],[25.562107,45.318506,0.0],[25.56219,45.318457,0.0],[25.562758,45.317905,0.0],[25.562887,45.317772,0.0],[25.562901,45.317754,0.0],[25.562882,45.31773,0.0],[25.562877,45.317723,0.0],[25.562881,45.317688,0.0],[25.56292,45.317662,0.0],[25.562977,45.317629,0.0],[25.563014,45.317616,0.0],[25.563073,45.317563,0.0],[25.563132,45.317501,0.0],[25.56321,45.317409,0.0],[25.563174,45.317444,0.0],[25.56327,45.317379,0.0],[25.563343,45.317367,0.0],[25.563439,45.317353,0.0],[25.563536,45.317326,0.0],[25.563686,45.317314,0.0],[25.563839,45.317286,0.0],[25.56409,45.31724,0.0],[25.564129,45.317256,0.0],[25.564329,45.317384,0.0],[25.564363,45.317412,0.0],[25.564384,45.317424,0.0],[25.564511,45.317479,0.0],[25.564619,45.317515,0.0],[25.564672,45.317527,0.0],[25.564763,45.317587,0.0],[25.564955,45.317661,0.0],[25.565082,45.317696,0.0],[25.565413,45.317795,0.0],[25.565574,45.317403,0.0],[25.565671,45.317069,0.0],[25.565833,45.316546,0.0],[25.566081,45.316061,0.0]]],"type":"MultiLineString"},"properties":{"tip_retea":"Gaze","stare":"Existent","operator":"Transgaz","adancime":null,"detalii":"Conductă transport - E.T. București","_s":{"f":"#232323","fo":0.0,"s":"#232323","so":1.0,"w":3.78,"r":5.0,"cap":"square","join":"bevel","ml":true},"_c":3}},{"type":"Feature","geometry":{"coordinates":[[[25.566081,45.316061,0.0],[25.566137,45.315969,0.0],[25.566306,45.315846,0.0],[25.566609,45.315688,0.0],[25.567217,45.31538,0.0],[25.567255,45.315323,0.0],[25.568329,45.313884,0.0],[25.568857,45.31346,0.0]]],"type":"MultiLineString"},"properties":{"tip_retea":"Gaze","stare":"Existent","operator":"Transgaz","adancime":null,"detalii":"Conductă transport - E.T. București","_s":{"f":"#232323","fo":0.0,"s":"#232323","so":1.0,"w":3.78,"r":5.0,"cap":"square","join":"bevel","ml":true},"_c":3}},{"type":"Feature","geometry":{"coordinates":[[[25.566007,45.316031,0.0],[25.566519,45.315658,0.0],[25.567171,45.315358,0.0],[25.56776,45.31448,0.0],[25.568208,45.313934,0.0],[25.568752,45.313443,0.0]]],"type":"MultiLineString"},"properties":{"tip_retea":"Gaze","stare":"Existent","operator":"Transgaz","adancime":null,"detalii":"Conductă transport - E.T. București","_s":{"f":"#232323","fo":0.0,"s":"#232323","so":1.0,"w":3.78,"r":5.0,"cap":"square","join":"bevel","ml":true},"_c":3}},{"type":"Feature","geometry":{"coordinates":[[[25.562009,45.318607,0.0],[25.56204,45.318536,0.0],[25.562882,45.317773,0.0],[25.563246,45.317508,0.0],[25.563327,45.317489,0.0],[25.563469,45.317467,0.0],[25.563603,45.317446,0.0],[25.563941,45.317393,0.0],[25.564263,45.317556,0.0],[25.564339,45.317594,0.0],[25.564467,45.317658,0.0],[25.564633,45.317742,0.0],[25.564804,45.317673,0.0],[25.564868,45.317645,0.0],[25.564901,45.31763,0.0],[25.56512,45.317534,0.0],[25.565302,45.317327,0.0],[25.565543,45.317051,0.0],[25.565674,45.316426,0.0],[25.566007,45.316031,0.0]]],"type":"MultiLineString"},"properties":{"tip_retea":"Gaze","stare":"Existent","operator":"Transgaz","adancime":null,"detalii":"Conductă transport - E.T. București","_s":{"f":"#232323","fo":0.0,"s":"#232323","so":1.0,"w":3.78,"r":5.0,"cap":"square","join":"bevel","ml":true},"_c":3}},{"type":"Feature","geometry":{"coordinates":[[[25.568752,45.313443,0.0],[25.569694,45.312849,0.0],[25.570376,45.312587,0.0],[25.571219,45.312465,0.0],[25.571769,45.312217,0.0],[25.571981,45.312122,0.0],[25.572582,45.311685,0.0],[25.57286,45.311493,0.0],[25.573144,45.311299,0.0],[25.573265,45.311227,0.0],[25.573584,45.311022,0.0],[25.573749,45.310916,0.0]]],"type":"MultiLineString"},"properties":{"tip_retea":"Gaze","stare":"Existent","operator":"Transgaz","adancime":null,"detalii":"Conductă transport - E.T. București","_s":{"f":"#232323","fo":0.0,"s":"#232323","so":1.0,"w":3.78,"r":5.0,"cap":"square","join":"bevel","ml":true},"_c":3}},{"type":"Feature","geometry":{"coordinates":[[[25.568857,45.31346,0.0],[25.569735,45.312899,0.0],[25.570308,45.312674,0.0],[25.57049,45.312664,0.0],[25.570683,45.312652,0.0],[25.570949,45.312677,0.0],[25.571034,45.312685,0.0],[25.571333,45.312519,0.0],[25.571434,45.312462,0.0],[25.571544,45.312381,0.0],[25.571769,45.312217,0.0],[25.57193,45.312096,0.0],[25.57255,45.311668,0.0],[25.572902,45.311418,0.0],[25.57311,45.311271,0.0],[25.573223,45.31119,0.0]]],"type":"MultiLineString"},"properties":{"tip_retea":"Gaze","stare":"Existent","operator":"Transgaz","adancime":null,"detalii":"Conductă transport - E.T. București","_s":{"f":"#232323","fo":0.0,"s":"#232323","so":1.0,"w":3.78,"r":5.0,"cap":"square","join":"bevel","ml":true},"_c":3}},{"type":"Feature","geometry":{"coordinates":[[[25.613575,45.237554,0.0],[25.613707,45.237225,0.0],[25.613984,45.236509,0.0],[25.614081,45.236304,0.0],[25.614136,45.236304,0.0],[25.614185,45.236293,0.0],[25.614205,45.236252,0.0],[25.614179,45.236216,0.0],[25.614109,45.236168,0.0],[25.614282,45.235671,0.0],[25.614315,45.235581,0.0],[25.614396,45.23536,0.0],[25.614472,45.235152,0.0],[25.614551,45.234939,0.0],[25.614568,45.23489,0.0],[25.614583,45.234844,0.0],[25.614591,45.234823,0.0],[25.614608,45.234811,0.0],[25.614627,45.234806,0.0],[25.614661,45.234804,0.0],[25.614673,45.234802,0.0],[25.614699,45.234785,0.0],[25.614704,45.234776,0.0],[25.614783,45.234568,0.0],[25.614846,45.234407,0.0],[25.614891,45.234292,0.0],[25.614934,45.234185,0.0],[25.614961,45.234123,0.0],[25.61499,45.234089,0.0],[25.615039,45.234033,0.0],[25.615052,45.234014,0.0],[25.615291,45.233436,0.0],[25.615312,45.23339,0.0],[25.615326,45.233354,0.0]]],"type":"MultiLineString"},"properties":{"tip_retea":"Gaze","stare":"Existent","operator":"Transgaz","adancime":null,"detalii":"Conductă transport - E.T. București","_s":{"f":"#232323","fo":0.0,"s":"#232323","so":1.0,"w":3.78,"r":5.0,"cap":"square","join":"bevel","ml":true},"_c":3}},{"type":"Feature","geometry":{"coordinates":[[[25.621102,45.267893,0.0],[25.621157,45.267854,0.0],[25.621192,45.267831,0.0],[25.62122,45.26781,0.0],[25.621236,45.267791,0.0],[25.621243,45.26778,0.0],[25.621252,45.267753,0.0],[25.621249,45.267738,0.0],[25.62125,45.267653,0.0],[25.621256,45.26741,0.0],[25.62126,45.267214,0.0],[25.621256,45.267093,0.0],[25.621257,45.267071,0.0],[25.621258,45.267056,0.0],[25.621266,45.267041,0.0],[25.621281,45.267029,0.0],[25.621297,45.267023,0.0],[25.62132,45.267018,0.0],[25.621335,45.26702,0.0],[25.621409,45.267026,0.0],[25.62173,45.26705,0.0],[25.621865,45.267061,0.0],[25.621918,45.267065,0.0],[25.621937,45.267066,0.0],[25.621961,45.267067,0.0],[25.621987,45.267059,0.0],[25.622004,45.267048,0.0],[25.622014,45.267033,0.0],[25.622059,45.266959,0.0],[25.622074,45.266934,0.0],[25.622135,45.266836,0.0],[25.622194,45.266737,0.0],[25.622234,45.26667,0.0],[25.622252,45.26664,0.0],[25.622257,45.26663,0.0],[25.62226,45.266619,0.0],[25.622266,45.266586,0.0],[25.622273,45.26654,0.0],[25.62229,45.26645,0.0],[25.622293,45.266434,0.0],[25.62231,45.266269,0.0],[25.622344,45.265972,0.0],[25.622385,45.265609,0.0],[25.62243,45.265216,0.0],[25.622397,45.264813,0.0],[25.622406,45.264412,0.0],[25.622397,45.264011,0.0],[25.622387,45.263752,0.0],[25.622401,45.263596,0.0],[25.622393,45.26357,0.0],[25.622348,45.263546,0.0],[25.622324,45.263542,0.0],[25.622257,45.263524,0.0],[25.62219,45.263512,0.0],[25.622155,45.263503,0.0],[25.622138,45.263498,0.0],[25.622124,45.263499,0.0],[25.622103,45.263505,0.0],[25.622072,45.263517,0.0],[25.622056,45.263522,0.0],[25.62204,45.263522,0.0],[25.621788,45.263473,0.0],[25.621753,45.263465,0.0],[25.62173,45.263461,0.0],[25.621717,45.263458,0.0],[25.621695,45.263448,0.0],[25.621642,45.263422,0.0],[25.621568,45.263384,0.0],[25.621556,45.263377,0.0],[25.621549,45.263373,0.0],[25.621539,45.26337,0.0],[25.621532,45.263368,0.0],[25.621523,45.263365,0.0],[25.621513,45.263358,0.0],[25.621503,45.26335,0.0],[25.621501,45.263328,0.0],[25.621514,45.2633,0.0],[25.621546,45.263224,0.0],[25.621607,45.263067,0.0],[25.621724,45.262659,0.0],[25.621766,45.262508,0.0],[25.621814,45.262337,0.0],[25.621886,45.262124,0.0],[25.621946,45.26196,0.0],[25.622132,45.261522,0.0],[25.622222,45.261336,0.0],[25.622387,45.260994,0.0],[25.622472,45.260824,0.0],[25.622542,45.260674,0.0],[25.622633,45.260489,0.0],[25.62273,45.260296,0.0],[25.62281,45.260147,0.0],[25.622848,45.259963,0.0],[25.622864,45.259842,0.0],[25.622877,45.25977,0.0],[25.622892,45.259698,0.0],[25.622909,45.259599,0.0],[25.622895,45.259553,0.0],[25.622882,45.259537,0.0],[25.622857,45.259526,0.0],[25.622655,45.259421,0.0],[25.622583,45.259381,0.0],[25.62251,45.259371,0.0],[25.622463,45.259368,0.0],[25.622376,45.259369,0.0],[25.622261,45.259372,0.0],[25.622148,45.259373,0.0],[25.622016,45.259378,0.0],[25.621939,45.259386,0.0],[25.621695,45.259388,0.0],[25.621538,45.259391,0.0],[25.621344,45.259381,0.0],[25.621074,45.259435,0.0],[25.620963,45.259466,0.0],[25.620651,45.259556,0.0],[25.620532,45.259585,0.0],[25.620364,45.259636,0.0],[25.620315,45.259652,0.0],[25.620276,45.259663,0.0],[25.620231,45.259675,0.0],[25.620158,45.259699,0.0],[25.620044,45.259728,0.0],[25.619934,45.259758,0.0],[25.619815,45.259796,0.0],[25.619632,45.259837,0.0],[25.619443,45.259868,0.0],[25.619368,45.259879,0.0],[25.619243,45.259891,0.0],[25.619102,45.259902,0.0],[25.618993,45.259905,0.0],[25.616796,45.259983,0.0],[25.616077,45.259869,0.0],[25.616068,45.259872,0.0],[25.61588,45.259736,0.0],[25.615557,45.258879,0.0],[25.615366,45.258449,0.0],[25.615079,45.258177,0.0],[25.614426,45.25766,0.0],[25.614389,45.2576,0.0],[25.61433,45.257496,0.0],[25.614249,45.256562,0.0],[25.614441,45.255557,0.0],[25.614458,45.255479,0.0],[25.614583,45.255158,0.0],[25.614942,45.254426,0.0],[25.614702,45.253415,0.0],[25.614513,45.253369,0.0],[25.612946,45.252923,0.0],[25.61291,45.252915,0.0],[25.612804,45.252881,0.0],[25.612769,45.25283,0.0],[25.612325,45.251959,0.0],[25.612205,45.251836,0.0],[25.612163,45.251361,0.0],[25.611912,45.250933,0.0],[25.611511,45.250245,0.0],[25.611162,45.249797,0.0],[25.610812,45.249369,0.0],[25.610757,45.249298,0.0],[25.61075,45.249288,0.0],[25.610737,45.249273,0.0],[25.610712,45.24924,0.0],[25.610993,45.248442,0.0],[25.611045,45.24837,0.0],[25.611377,45.247909,0.0],[25.611457,45.247789,0.0],[25.611961,45.246042,0.0],[25.611917,45.244817,0.0],[25.611917,45.244814,0.0],[25.612008,45.24389,0.0],[25.612036,45.243319,0.0],[25.612347,45.241637,0.0],[25.612399,45.24135,0.0],[25.612396,45.2407,0.0],[25.61279,45.239743,0.0],[25.613555,45.238593,0.0],[25.613532,45.237669,0.0],[25.61353,45.237653,0.0],[25.613575,45.237554,0.0]]],"type":"MultiLineString"},"properties":{"tip_retea":"Gaze","stare":"Existent","operator":"Transgaz","adancime":null,"detalii":"Conductă transport - E.T. București","_s":{"f":"#232323","fo":0.0,"s":"#232323","so":1.0,"w":3.78,"r":5.0,"cap":"square","join":"bevel","ml":true},"_c":3}},{"type":"Feature","geometry":{"coordinates":[[[25.621512,45.277863,0.0],[25.620917,45.277597,0.0],[25.620898,45.277589,0.0],[25.620871,45.277577,0.0],[25.620844,45.277565,0.0],[25.620524,45.277422,0.0],[25.620367,45.277352,0.0],[25.620174,45.277266,0.0],[25.619744,45.276969,0.0],[25.619426,45.276867,0.0],[25.619131,45.276772,0.0],[25.619098,45.276735,0.0],[25.618973,45.276693,0.0],[25.618213,45.276436,0.0],[25.617994,45.276409,0.0],[25.617983,45.276409,0.0],[25.617969,45.276411,0.0],[25.61794,45.276414,0.0],[25.617935,45.276413,0.0],[25.61793,45.276412,0.0],[25.617927,45.276409,0.0],[25.617904,45.276371,0.0],[25.617894,45.276353,0.0],[25.617863,45.2763,0.0],[25.617856,45.276288,0.0],[25.617349,45.275425,0.0],[25.617398,45.275082,0.0],[25.617442,45.274784,0.0],[25.617573,45.274651,0.0],[25.617525,45.274324,0.0],[25.617432,45.274181,0.0],[25.61728,45.273962,0.0],[25.617181,45.273764,0.0],[25.61706,45.27341,0.0],[25.616978,45.27332,0.0],[25.616814,45.273147,0.0],[25.616731,45.273059,0.0],[25.616749,45.272971,0.0],[25.616835,45.272544,0.0],[25.616849,45.272471,0.0],[25.617017,45.272351,0.0],[25.617607,45.271927,0.0],[25.6179,45.271889,0.0]]],"type":"MultiLineString"},"properties":{"tip_retea":"Gaze","stare":"Existent","operator":"Transgaz","adancime":null,"detalii":"Conductă transport - E.T. București","_s":{"f":"#232323","fo":0.0,"s":"#232323","so":1.0,"w":3.78,"r":5.0,"cap":"square","join":"bevel","ml":true},"_c":3}},{"type":"Feature","geometry":{"coordinates":[[[25.573749,45.310916,0.0],[25.573935,45.310778,0.0],[25.573762,45.310484,0.0],[25.573506,45.310047,0.0],[25.573757,45.30929,0.0],[25.573608,45.308578,0.0],[25.573574,45.308428,0.0],[25.573753,45.308297,0.0],[25.574462,45.30788,0.0],[25.576259,45.307521,0.0],[25.576855,45.307107,0.0],[25.577343,45.30674,0.0],[25.578178,45.306384,0.0],[25.578979,45.306041,0.0],[25.580324,45.30586,0.0],[25.58117,45.30554,0.0],[25.582489,45.304995,0.0],[25.583724,45.304535,0.0],[25.584257,45.304237,0.0],[25.585242,45.303192,0.0],[25.585984,45.302351,0.0],[25.586652,45.301901,0.0],[25.587438,45.301423,0.0],[25.587942,45.30115,0.0],[25.588662,45.300937,0.0],[25.590111,45.300212,0.0],[25.591064,45.299698,0.0],[25.592925,45.298533,0.0],[25.59612,45.297683,0.0],[25.597516,45.297731,0.0],[25.598434,45.297289,0.0],[25.599291,45.296884,0.0],[25.599753,45.296717,0.0],[25.601414,45.296163,0.0],[25.60277,45.295986,0.0],[25.604258,45.29565,0.0],[25.605631,45.295367,0.0],[25.606205,45.294938,0.0],[25.608444,45.29426,0.0],[25.610421,45.293766,0.0],[25.610607,45.29372,0.0],[25.611625,45.293525,0.0],[25.612226,45.292848,0.0],[25.612692,45.292487,0.0],[25.613568,45.291779,0.0],[25.614996,45.290624,0.0],[25.615248,45.290346,0.0],[25.615597,45.290046,0.0],[25.616181,45.289836,0.0],[25.616444,45.289539,0.0],[25.616677,45.289268,0.0],[25.617037,45.288828,0.0],[25.617516,45.288242,0.0],[25.617743,45.288155,0.0],[25.618059,45.288034,0.0],[25.618604,45.287896,0.0],[25.6188,45.287866,0.0],[25.619327,45.287789,0.0],[25.619755,45.287735,0.0],[25.619926,45.287479,0.0],[25.620261,45.286839,0.0],[25.620548,45.286512,0.0],[25.620419,45.285713,0.0],[25.620534,45.285297,0.0],[25.620508,45.285219,0.0],[25.620479,45.285118,0.0],[25.620689,45.284739,0.0],[25.620681,45.284668,0.0],[25.620678,45.284413,0.0],[25.620603,45.283435,0.0],[25.620612,45.283385,0.0],[25.620682,45.283062,0.0],[25.621025,45.282415,0.0],[25.62107,45.282097,0.0],[25.621078,45.281952,0.0],[25.62108,45.281659,0.0],[25.621114,45.281033,0.0],[25.621233,45.280427,0.0],[25.621361,45.28008,0.0]]],"type":"MultiLineString"},"properties":{"tip_retea":"Gaze","stare":"Existent","operator":"Transgaz","adancime":null,"detalii":"Conductă transport - E.T. București","_s":{"f":"#232323","fo":0.0,"s":"#232323","so":1.0,"w":3.78,"r":5.0,"cap":"square","join":"bevel","ml":true},"_c":3}},{"type":"Feature","geometry":{"coordinates":[[[25.617753,45.27614,0.0],[25.617499,45.275706,0.0],[25.617266,45.27531,0.0],[25.617335,45.27478,0.0],[25.61748,45.2746,0.0],[25.617002,45.273726,0.0],[25.616632,45.273125,0.0],[25.616672,45.272976,0.0],[25.616722,45.27279,0.0],[25.616797,45.272509,0.0],[25.61706,45.272066,0.0],[25.617287,45.271682,0.0],[25.617403,45.271485,0.0],[25.617641,45.271026,0.0],[25.617712,45.270615,0.0],[25.617693,45.270187,0.0],[25.617739,45.270031,0.0],[25.618267,45.269742,0.0],[25.619208,45.269373,0.0],[25.619658,45.269159,0.0],[25.619906,45.269011,0.0],[25.620458,45.268632,0.0],[25.620661,45.268449,0.0],[25.621167,45.267912,0.0]]],"type":"MultiLineString"},"properties":{"tip_retea":"Gaze","stare":"Existent","operator":"Transgaz","adancime":null,"detalii":"Conductă transport - E.T. București","_s":{"f":"#232323","fo":0.0,"s":"#232323","so":1.0,"w":3.78,"r":5.0,"cap":"square","join":"bevel","ml":true},"_c":3}},{"type":"Feature","geometry":{"coordinates":[[[25.621167,45.267912,0.0],[25.620985,45.267667,0.0],[25.620793,45.267427,0.0],[25.620713,45.266975,0.0],[25.620581,45.266556,0.0],[25.620332,45.265515,0.0],[25.620274,45.264938,0.0],[25.620337,45.264436,0.0],[25.620476,45.264182,0.0],[25.62061,45.263958,0.0],[25.620829,45.263682,0.0],[25.620971,45.26354,0.0],[25.621122,45.263347,0.0],[25.621256,45.263172,0.0],[25.621312,45.263049,0.0],[25.621312,45.263048,0.0],[25.621332,45.262937,0.0],[25.62139,45.262639,0.0],[25.621489,45.262429,0.0],[25.621589,45.262218,0.0],[25.621681,45.262022,0.0],[25.621758,45.26186,0.0],[25.62182,45.261728,0.0],[25.621889,45.261583,0.0],[25.621959,45.261434,0.0],[25.622071,45.261198,0.0],[25.622171,45.260986,0.0],[25.622251,45.260817,0.0],[25.622337,45.260634,0.0],[25.622429,45.26044,0.0],[25.622529,45.260237,0.0],[25.622691,45.259896,0.0],[25.622715,45.259674,0.0],[25.622757,45.25929,0.0],[25.622765,45.259219,0.0],[25.622702,45.259186,0.0],[25.622397,45.25927,0.0],[25.622178,45.259335,0.0],[25.621833,45.259425,0.0],[25.62139,45.25944,0.0],[25.620652,45.259516,0.0],[25.619776,45.259632,0.0],[25.618752,45.259748,0.0],[25.617996,45.259817,0.0],[25.61724,45.259893,0.0],[25.616456,45.259976,0.0],[25.616184,45.259972,0.0],[25.615915,45.259694,0.0],[25.615774,45.259571,0.0],[25.615344,45.259313,0.0],[25.614755,45.258968,0.0],[25.614224,45.258515,0.0],[25.613504,45.25796,0.0],[25.613094,45.257669,0.0],[25.612899,45.257527,0.0],[25.61286,45.257325,0.0],[25.612782,45.256973,0.0],[25.612781,45.256889,0.0],[25.612918,45.256705,0.0],[25.613054,45.256476,0.0],[25.613117,45.256398,0.0],[25.613435,45.25592,0.0],[25.613822,45.255361,0.0],[25.614018,45.255116,0.0],[25.61426,45.255094,0.0],[25.614339,45.254917,0.0],[25.614338,45.25484,0.0],[25.614372,45.254601,0.0],[25.614371,45.254471,0.0],[25.614201,45.254425,0.0],[25.614017,45.254364,0.0],[25.613501,45.254258,0.0],[25.612765,45.254111,0.0],[25.612204,45.253969,0.0],[25.611608,45.253827,0.0],[25.611225,45.253746,0.0],[25.61115,45.253679,0.0],[25.611223,45.25358,0.0],[25.611383,45.253455,0.0],[25.611619,45.253223,0.0],[25.611931,45.252886,0.0],[25.612359,45.252488,0.0],[25.612573,45.252255,0.0],[25.612578,45.252177,0.0],[25.612377,45.251963,0.0],[25.61201,45.251527,0.0],[25.611555,45.250975,0.0],[25.611347,45.25071,0.0],[25.61118,45.250375,0.0],[25.610995,45.250034,0.0],[25.610831,45.24972,0.0],[25.610638,45.249258,0.0],[25.6106,45.249148,0.0],[25.610599,45.248883,0.0],[25.610598,45.24875,0.0],[25.610567,45.248328,0.0],[25.610538,45.248099,0.0],[25.610533,45.247642,0.0],[25.610528,45.247204,0.0],[25.610525,45.246946,0.0],[25.610565,45.246861,0.0],[25.610713,45.246803,0.0],[25.610847,45.246735,0.0],[25.610927,45.246639,0.0],[25.611141,45.246486,0.0],[25.611341,45.246294,0.0],[25.611595,45.246036,0.0],[25.611808,45.245815,0.0],[25.611807,45.24573,0.0],[25.611831,45.245463,0.0],[25.611829,45.245205,0.0],[25.611906,45.244853,0.0],[25.611904,45.244681,0.0],[25.611903,45.244576,0.0],[25.61186,45.244319,0.0],[25.611789,45.24396,0.0],[25.611731,45.243541,0.0],[25.611644,45.243036,0.0],[25.611641,45.242751,0.0],[25.611639,45.24256,0.0],[25.611652,45.242474,0.0],[25.611678,45.242379,0.0],[25.611987,45.242253,0.0],[25.612348,45.242013,0.0],[25.612576,45.24186,0.0],[25.612831,45.241706,0.0],[25.612951,45.241629,0.0],[25.613029,45.241314,0.0],[25.613025,45.241,0.0],[25.61302,45.240533,0.0],[25.61307,45.240104,0.0],[25.61315,45.240027,0.0],[25.613256,45.239855,0.0],[25.613439,45.239302,0.0],[25.613555,45.238796,0.0],[25.613697,45.238271,0.0],[25.613563,45.237854,0.0],[25.613492,45.237574,0.0],[25.613572,45.237351,0.0],[25.613657,45.237163,0.0],[25.613695,45.237068,0.0],[25.613782,45.23686,0.0],[25.61387,45.236614,0.0],[25.613901,45.23652,0.0],[25.613921,45.236452,0.0],[25.613988,45.236261,0.0],[25.614123,45.236003,0.0],[25.614181,45.23585,0.0],[25.61422,45.235733,0.0],[25.61429,45.235497,0.0],[25.614434,45.235058,0.0],[25.614709,45.234333,0.0],[25.615119,45.23354,0.0],[25.615409,45.232919,0.0],[25.615522,45.232464,0.0],[25.615666,45.232004,0.0],[25.615756,45.231781,0.0],[25.615832,45.231556,0.0],[25.615941,45.230956,0.0],[25.616065,45.230288,0.0],[25.616058,45.229642,0.0],[25.616193,45.22905,0.0],[25.616273,45.228635,0.0],[25.616476,45.228242,0.0],[25.616697,45.227815,0.0],[25.616827,45.227469,0.0],[25.616953,45.227284,0.0],[25.617121,45.226929,0.0],[25.617208,45.226728,0.0],[25.617045,45.226502,0.0],[25.616696,45.226026,0.0],[25.616568,45.225577,0.0],[25.616509,45.225191,0.0],[25.616445,45.224944,0.0],[25.616885,45.224522,0.0],[25.617392,45.223948,0.0],[25.617766,45.22366,0.0],[25.618008,45.223525,0.0],[25.618592,45.223316,0.0],[25.618817,45.223056,0.0],[25.619235,45.222645,0.0],[25.619524,45.222449,0.0],[25.619636,45.22237,0.0],[25.620052,45.222325,0.0],[25.620297,45.222292,0.0],[25.620675,45.221549,0.0],[25.620782,45.221185,0.0],[25.62087,45.220809,0.0],[25.620913,45.220329,0.0],[25.620842,45.219586,0.0],[25.620831,45.218843,0.0],[25.620842,45.218634,0.0],[25.620666,45.218339,0.0],[25.620496,45.217964,0.0],[25.620265,45.217728,0.0],[25.620179,45.217265,0.0],[25.620056,45.217095,0.0],[25.619905,45.216829,0.0],[25.619869,45.216774,0.0],[25.619818,45.216686,0.0],[25.619809,45.216611,0.0],[25.619827,45.216534,0.0],[25.61986,45.216448,0.0],[25.620008,45.21639,0.0],[25.620156,45.216322,0.0],[25.620441,45.216213,0.0],[25.620776,45.216059,0.0],[25.621219,45.215866,0.0],[25.621756,45.215663,0.0],[25.622509,45.215411,0.0],[25.622872,45.215323,0.0],[25.623223,45.215312,0.0],[25.623476,45.215305,0.0],[25.623507,45.215273,0.0],[25.623558,45.215232,0.0],[25.623592,45.215186,0.0],[25.623646,45.215115,0.0],[25.623676,45.215055,0.0],[25.623824,45.214871,0.0],[25.62397,45.214588,0.0],[25.624297,45.214417,0.0],[25.624546,45.214242,0.0],[25.624835,45.214075,0.0],[25.625212,45.21385,0.0],[25.626243,45.21346,0.0],[25.626461,45.213341,0.0],[25.626234,45.213172,0.0],[25.626543,45.212797,0.0],[25.626643,45.212517,0.0],[25.626773,45.212312,0.0],[25.626911,45.212083,0.0],[25.627021,45.211911,0.0],[25.627233,45.211565,0.0],[25.627467,45.211364,0.0],[25.627652,45.211223,0.0]]],"type":"MultiLineString"},"properties":{"tip_retea":"Gaze","stare":"Existent","operator":"Transgaz","adancime":null,"detalii":"Conductă transport - E.T. București","_s":{"f":"#232323","fo":0.0,"s":"#232323","so":1.0,"w":3.78,"r":5.0,"cap":"square","join":"bevel","ml":true},"_c":3}},{"type":"Feature","geometry":{"coordinates":[[[25.634676,45.204237,0.0],[25.634707,45.204254,0.0],[25.634767,45.204285,0.0],[25.635078,45.204381,0.0],[25.635391,45.204481,0.0],[25.636241,45.204573,0.0],[25.637207,45.204501,0.0],[25.637552,45.20447,0.0],[25.637774,45.20434,0.0],[25.638221,45.204351,0.0],[25.638913,45.204477,0.0],[25.639157,45.204576,0.0],[25.639588,45.204946,0.0],[25.64006,45.205331,0.0],[25.640429,45.205688,0.0],[25.640674,45.205816,0.0],[25.640959,45.205857,0.0],[25.642141,45.206166,0.0],[25.643466,45.206589,0.0],[25.644607,45.206913,0.0],[25.646482,45.207448,0.0],[25.648003,45.207928,0.0],[25.648492,45.208012,0.0],[25.648778,45.208182,0.0],[25.649023,45.208339,0.0],[25.649289,45.208466,0.0],[25.649617,45.208709,0.0],[25.64978,45.208794,0.0],[25.649943,45.208793,0.0],[25.650164,45.208605,0.0],[25.650385,45.208431,0.0],[25.65065,45.20843,0.0],[25.651623,45.20831,0.0],[25.652496,45.208276,0.0],[25.65349,45.208127,0.0],[25.65424,45.208051,0.0],[25.654504,45.208006,0.0],[25.654967,45.207644,0.0],[25.655531,45.207268,0.0],[25.655864,45.206787,0.0],[25.656538,45.205901,0.0],[25.6572,45.205467,0.0],[25.657711,45.205137,0.0],[25.65803,45.204901,0.0],[25.658526,45.204213,0.0],[25.659092,45.203509,0.0],[25.659879,45.20261,0.0],[25.660806,45.201571,0.0],[25.661121,45.201051,0.0],[25.66117,45.200552,0.0],[25.661264,45.200163,0.0],[25.66159,45.199596,0.0],[25.661683,45.199518,0.0],[25.662631,45.199834,0.0],[25.663248,45.199232,0.0],[25.664135,45.198371,0.0],[25.664136,45.198137,0.0],[25.664138,45.197873,0.0],[25.664139,45.197688,0.0],[25.66531,45.196811,0.0],[25.665929,45.196334,0.0],[25.666929,45.195584,0.0],[25.667936,45.194791,0.0],[25.669186,45.19385,0.0],[25.669693,45.193498,0.0],[25.669996,45.193215,0.0],[25.67044,45.192753,0.0],[25.670584,45.192715,0.0],[25.670954,45.192825,0.0],[25.672035,45.193368,0.0],[25.672201,45.193454,0.0],[25.672268,45.193464,0.0],[25.672328,45.193449,0.0],[25.672593,45.193253,0.0],[25.672858,45.193058,0.0],[25.6739,45.191809,0.0],[25.674952,45.190546,0.0],[25.675183,45.190295,0.0],[25.675481,45.189983,0.0],[25.675613,45.189835,0.0],[25.675683,45.189773,0.0],[25.675787,45.189732,0.0],[25.675943,45.189678,0.0],[25.67615,45.189592,0.0],[25.676297,45.189435,0.0],[25.676703,45.189035,0.0],[25.676818,45.188933,0.0],[25.676959,45.188805,0.0],[25.67711,45.188647,0.0],[25.677366,45.188339,0.0],[25.677627,45.188016,0.0],[25.67775,45.187862,0.0],[25.677859,45.187706,0.0],[25.677918,45.187619,0.0],[25.678115,45.187314,0.0],[25.67818,45.187186,0.0],[25.678284,45.187013,0.0],[25.678332,45.186918,0.0],[25.678477,45.18665,0.0],[25.678724,45.186164,0.0],[25.678847,45.18588,0.0],[25.67901,45.185511,0.0]]],"type":"MultiLineString"},"properties":{"tip_retea":"Gaze","stare":"Existent","operator":"Transgaz","adancime":null,"detalii":"Conductă transport - E.T. București","_s":{"f":"#232323","fo":0.0,"s":"#232323","so":1.0,"w":3.78,"r":5.0,"cap":"square","join":"bevel","ml":true},"_c":3}},{"type":"Feature","geometry":{"coordinates":[[[25.627652,45.211223,0.0],[25.627789,45.211109,0.0],[25.627842,45.211062,0.0],[25.628341,45.210643,0.0],[25.629093,45.210098,0.0],[25.629167,45.210029,0.0],[25.629241,45.209941,0.0],[25.629378,45.209678,0.0],[25.629443,45.209437,0.0],[25.629574,45.20881,0.0],[25.629601,45.208695,0.0],[25.629622,45.208607,0.0],[25.629976,45.208208,0.0],[25.630135,45.207987,0.0],[25.630233,45.20786,0.0],[25.630309,45.207723,0.0],[25.630434,45.207376,0.0],[25.630486,45.207212,0.0],[25.630491,45.207118,0.0],[25.630387,45.206758,0.0],[25.630326,45.206574,0.0],[25.630333,45.206417,0.0],[25.630383,45.205907,0.0],[25.630384,45.205745,0.0],[25.630417,45.205695,0.0],[25.631097,45.205473,0.0],[25.63127,45.205384,0.0],[25.631397,45.205297,0.0],[25.63186,45.204715,0.0],[25.632019,45.204521,0.0],[25.632302,45.204319,0.0],[25.632366,45.204286,0.0],[25.632453,45.204259,0.0],[25.632978,45.2042,0.0],[25.633526,45.204141,0.0],[25.633843,45.204088,0.0],[25.634138,45.204041,0.0],[25.634171,45.20404,0.0],[25.634195,45.20404,0.0]]],"type":"MultiLineString"},"properties":{"tip_retea":"Gaze","stare":"Existent","operator":"Transgaz","adancime":null,"detalii":"Conductă transport - E.T. București","_s":{"f":"#232323","fo":0.0,"s":"#232323","so":1.0,"w":3.78,"r":5.0,"cap":"square","join":"bevel","ml":true},"_c":3}},{"type":"Feature","geometry":{"coordinates":[[[25.689783,45.162034,0.0],[25.689789,45.16202,0.0],[25.689795,45.162004,0.0],[25.690023,45.161416,0.0],[25.690303,45.160646,0.0],[25.690519,45.160053,0.0],[25.690759,45.159393,0.0],[25.691111,45.158653,0.0],[25.691446,45.157579,0.0],[25.691609,45.156989,0.0],[25.691649,45.156661,0.0],[25.691945,45.155476,0.0],[25.691967,45.155401,0.0],[25.692013,45.155326,0.0],[25.692075,45.155231,0.0],[25.692276,45.154999,0.0],[25.692314,45.154956,0.0],[25.692461,45.154562,0.0],[25.692475,45.154524,0.0],[25.692534,45.15437,0.0],[25.692544,45.154344,0.0],[25.692562,45.154253,0.0],[25.692581,45.154137,0.0],[25.692704,45.153379,0.0],[25.69273,45.152577,0.0],[25.692714,45.151776,0.0],[25.692715,45.151733,0.0],[25.692717,45.151566,0.0],[25.692717,45.151525,0.0],[25.69271,45.151182,0.0],[25.692633,45.150939,0.0],[25.692585,45.150558,0.0],[25.692619,45.15049,0.0],[25.692826,45.149995,0.0],[25.693108,45.14944,0.0],[25.693253,45.149212,0.0],[25.693592,45.148692,0.0],[25.693613,45.148657,0.0],[25.693692,45.148527,0.0],[25.693948,45.148259,0.0],[25.694312,45.147987,0.0],[25.694504,45.147865,0.0],[25.694692,45.147719,0.0],[25.695053,45.147414,0.0],[25.695493,45.147029,0.0],[25.695559,45.146954,0.0],[25.695994,45.146396,0.0],[25.696377,45.145827,0.0],[25.696776,45.145067,0.0],[25.697217,45.144283,0.0],[25.697279,45.144145,0.0],[25.697263,45.144074,0.0],[25.697258,45.144055,0.0],[25.697209,45.143865,0.0],[25.697203,45.143843,0.0],[25.697256,45.143416,0.0],[25.697319,45.143112,0.0],[25.697617,45.142578,0.0],[25.697793,45.142321,0.0],[25.698202,45.141713,0.0],[25.698623,45.141146,0.0],[25.699218,45.140794,0.0],[25.700977,45.13977,0.0],[25.701631,45.139453,0.0],[25.702221,45.139202,0.0],[25.702474,45.139101,0.0],[25.70282,45.138971,0.0],[25.702915,45.138947,0.0],[25.703905,45.138631,0.0],[25.704423,45.138472,0.0],[25.705743,45.137999,0.0],[25.706918,45.137649,0.0],[25.70898,45.137083,0.0],[25.710004,45.136752,0.0],[25.710309,45.136592,0.0],[25.710326,45.136544,0.0],[25.710278,45.136441,0.0],[25.710288,45.136394,0.0],[25.711284,45.135924,0.0],[25.71173,45.135724,0.0],[25.712133,45.135545,0.0],[25.712294,45.135443,0.0],[25.712616,45.13527,0.0],[25.713087,45.135,0.0],[25.713651,45.134686,0.0],[25.714012,45.134488,0.0],[25.714422,45.134307,0.0],[25.714765,45.13416,0.0],[25.714999,45.134064,0.0],[25.71528,45.133966,0.0],[25.715504,45.133906,0.0],[25.715826,45.133821,0.0],[25.715857,45.133815,0.0],[25.716016,45.133774,0.0],[25.716131,45.133741,0.0],[25.71637,45.133671,0.0],[25.716426,45.133661,0.0],[25.71649,45.133627,0.0],[25.716544,45.133599,0.0],[25.716556,45.133586,0.0],[25.716573,45.133562,0.0],[25.716639,45.133467,0.0],[25.71672,45.133347,0.0],[25.717012,45.13292,0.0],[25.717263,45.132598,0.0],[25.717474,45.132331,0.0],[25.717595,45.132165,0.0],[25.717774,45.131913,0.0],[25.717959,45.131569,0.0],[25.718082,45.131312,0.0],[25.718092,45.131277,0.0],[25.718087,45.131266,0.0],[25.718075,45.131259,0.0],[25.717931,45.131186,0.0],[25.717867,45.131154,0.0],[25.717521,45.130972,0.0],[25.717449,45.130933,0.0],[25.71738,45.130892,0.0],[25.717312,45.130873,0.0],[25.717259,45.130858,0.0],[25.717178,45.130829,0.0],[25.717165,45.130812,0.0],[25.717144,45.13078,0.0],[25.717159,45.130738,0.0],[25.7172,45.130686,0.0],[25.717282,45.130577,0.0],[25.717465,45.130345,0.0],[25.717695,45.130058,0.0],[25.717773,45.129945,0.0],[25.717878,45.129773,0.0],[25.718105,45.129352,0.0],[25.718148,45.129249,0.0],[25.718244,45.128923,0.0],[25.718258,45.12878,0.0],[25.718291,45.128695,0.0],[25.718348,45.128633,0.0],[25.718371,45.128597,0.0],[25.718412,45.128541,0.0],[25.718458,45.128476,0.0],[25.71849,45.128426,0.0],[25.718531,45.128348,0.0],[25.718518,45.128278,0.0],[25.718496,45.12823,0.0],[25.718467,45.128178,0.0],[25.71844,45.128124,0.0],[25.718331,45.127956,0.0],[25.718319,45.127939,0.0],[25.718296,45.127689,0.0],[25.718296,45.127643,0.0],[25.718284,45.127563,0.0],[25.71827,45.127352,0.0],[25.718255,45.127197,0.0],[25.718251,45.127092,0.0],[25.718234,45.126867,0.0],[25.718237,45.126848,0.0],[25.718285,45.126762,0.0],[25.71843,45.126499,0.0],[25.718544,45.126307,0.0],[25.718658,45.126082,0.0],[25.718731,45.125938,0.0],[25.718873,45.125692,0.0],[25.719075,45.125411,0.0],[25.719289,45.125152,0.0],[25.719575,45.124849,0.0],[25.719874,45.124515,0.0],[25.720166,45.124193,0.0],[25.720493,45.123831,0.0],[25.72075,45.123562,0.0],[25.720984,45.123309,0.0],[25.721192,45.123078,0.0],[25.72154,45.122699,0.0],[25.721831,45.122374,0.0],[25.722113,45.122058,0.0],[25.722534,45.121539,0.0],[25.722777,45.121214,0.0],[25.722908,45.121041,0.0],[25.723048,45.120856,0.0],[25.723177,45.120685,0.0],[25.723292,45.120538,0.0]]],"type":"MultiLineString"},"properties":{"tip_retea":"Gaze","stare":"Existent","operator":"Transgaz","adancime":null,"detalii":"Conductă transport - E.T. București","_s":{"f":"#232323","fo":0.0,"s":"#232323","so":1.0,"w":3.78,"r":5.0,"cap":"square","join":"bevel","ml":true},"_c":3}},{"type":"Feature","geometry":{"coordinates":[[[25.67901,45.185511,0.0],[25.679105,45.185295,0.0],[25.679092,45.184996,0.0],[25.679142,45.184561,0.0],[25.67917,45.184318,0.0],[25.679186,45.184205,0.0],[25.679217,45.183891,0.0],[25.679417,45.183158,0.0],[25.679526,45.182776,0.0],[25.679581,45.182588,0.0],[25.679602,45.182513,0.0],[25.679601,45.182429,0.0],[25.679662,45.182045,0.0],[25.679769,45.181692,0.0],[25.679953,45.181136,0.0],[25.680156,45.180432,0.0],[25.680331,45.179826,0.0],[25.680442,45.179515,0.0],[25.680527,45.179311,0.0],[25.680646,45.179105,0.0],[25.680762,45.178948,0.0],[25.680887,45.178789,0.0],[25.681024,45.178653,0.0],[25.681233,45.178444,0.0],[25.681443,45.178264,0.0],[25.681749,45.178065,0.0],[25.682351,45.177578,0.0],[25.682489,45.17746,0.0],[25.682547,45.177414,0.0],[25.682563,45.177402,0.0],[25.682577,45.177395,0.0],[25.682599,45.177395,0.0],[25.682625,45.1774,0.0],[25.683442,45.17756,0.0],[25.683972,45.177123,0.0],[25.686006,45.175619,0.0],[25.686336,45.174778,0.0],[25.686336,45.174778,0.0]]],"type":"MultiLineString"},"properties":{"tip_retea":"Gaze","stare":"Existent","operator":"Transgaz","adancime":null,"detalii":"Conductă transport - E.T. București","_s":{"f":"#232323","fo":0.0,"s":"#232323","so":1.0,"w":3.78,"r":5.0,"cap":"square","join":"bevel","ml":true},"_c":3}},{"type":"Feature","geometry":{"coordinates":[[[25.851977,44.85235,0.0],[25.852189,44.8524,0.0],[25.852444,44.852462,0.0],[25.852457,44.852465,0.0],[25.852459,44.852465,0.0],[25.852461,44.852466,0.0],[25.852464,44.852466,0.0],[25.852466,44.852466,0.0],[25.852468,44.852467,0.0],[25.852471,44.852467,0.0],[25.852473,44.852467,0.0],[25.852475,44.852467,0.0],[25.852478,44.852467,0.0],[25.85248,44.852467,0.0],[25.852483,44.852466,0.0],[25.852485,44.852466,0.0],[25.852487,44.852466,0.0],[25.85249,44.852465,0.0],[25.852492,44.852465,0.0],[25.852494,44.852464,0.0],[25.852496,44.852463,0.0],[25.852498,44.852463,0.0],[25.8525,44.852462,0.0],[25.852504,44.85246,0.0],[25.852506,44.852459,0.0],[25.852508,44.852458,0.0],[25.85251,44.852457,0.0],[25.852512,44.852456,0.0],[25.852513,44.852454,0.0],[25.852515,44.852453,0.0],[25.852516,44.852452,0.0],[25.852518,44.85245,0.0],[25.852519,44.852449,0.0],[25.85252,44.852447,0.0],[25.852521,44.852446,0.0],[25.852522,44.852444,0.0],[25.852524,44.852441,0.0],[25.852526,44.852437,0.0],[25.852538,44.852413,0.0],[25.852545,44.852397,0.0],[25.852553,44.852381,0.0],[25.852559,44.85237,0.0],[25.852586,44.852313,0.0],[25.852591,44.852303,0.0],[25.852611,44.85226,0.0],[25.852638,44.852204,0.0],[25.852647,44.852186,0.0],[25.852663,44.852151,0.0],[25.852715,44.852044,0.0],[25.8528,44.851869,0.0],[25.853082,44.851363,0.0],[25.853442,44.850752,0.0],[25.853829,44.850213,0.0],[25.854393,44.849591,0.0]]],"type":"MultiLineString"},"properties":{"tip_retea":"Gaze","stare":"Existent","operator":"Transgaz","adancime":null,"detalii":"Conductă transport - E.T. București","_s":{"f":"#232323","fo":0.0,"s":"#232323","so":1.0,"w":3.78,"r":5.0,"cap":"square","join":"bevel","ml":true},"_c":3}},{"type":"Feature","geometry":{"coordinates":[[[25.996549,44.88221,0.0],[25.996385,44.882351,0.0],[25.996518,44.882505,0.0]]],"type":"MultiLineString"},"properties":{"tip_retea":"Gaze","stare":"Existent","operator":"Transgaz","adancime":null,"detalii":"Conductă transport - E.T. București","_s":{"f":"#232323","fo":0.0,"s":"#232323","so":1.0,"w":3.78,"r":5.0,"cap":"square","join":"bevel","ml":true},"_c":3}},{"type":"Feature","geometry":{"coordinates":[[[25.850556,44.853164,0.0],[25.851644,44.852629,0.0],[25.852294,44.852309,0.0],[25.852472,44.852221,0.0],[25.852475,44.85222,0.0],[25.852478,44.85222,0.0],[25.852481,44.852219,0.0],[25.852483,44.852219,0.0],[25.852486,44.852219,0.0],[25.852489,44.852219,0.0],[25.852492,44.852219,0.0],[25.852495,44.85222,0.0],[25.852565,44.852237,0.0],[25.852655,44.852258,0.0],[25.852667,44.852261,0.0],[25.852691,44.852267,0.0]]],"type":"MultiLineString"},"properties":{"tip_retea":"Gaze","stare":"Existent","operator":"Transgaz","adancime":null,"detalii":"Conductă transport - E.T. București","_s":{"f":"#232323","fo":0.0,"s":"#232323","so":1.0,"w":3.78,"r":5.0,"cap":"square","join":"bevel","ml":true},"_c":3}},{"type":"Feature","geometry":{"coordinates":[[[25.788913,44.953762,0.0],[25.789037,44.953615,0.0],[25.789918,44.952551,0.0],[25.790335,44.952086,0.0],[25.791665,44.950603,0.0],[25.791879,44.950364,0.0],[25.792292,44.949904,0.0],[25.792867,44.949263,0.0],[25.793211,44.948906,0.0],[25.793551,44.948552,0.0],[25.793662,44.948437,0.0],[25.793888,44.948201,0.0],[25.794483,44.947535,0.0],[25.795109,44.946754,0.0],[25.795539,44.946153,0.0],[25.796294,44.945066,0.0],[25.79655,44.94472,0.0],[25.797119,44.943771,0.0],[25.797687,44.942626,0.0],[25.797982,44.942017,0.0],[25.798458,44.940992,0.0],[25.798938,44.939929,0.0],[25.799367,44.939072,0.0],[25.79957,44.938672,0.0],[25.799729,44.938412,0.0],[25.8001,44.937756,0.0],[25.800144,44.937675,0.0],[25.800602,44.936748,0.0],[25.800892,44.936217,0.0],[25.801229,44.935692,0.0],[25.801462,44.935344,0.0],[25.802718,44.933578,0.0],[25.803397,44.932655,0.0],[25.804092,44.93169,0.0],[25.804554,44.931052,0.0],[25.804963,44.930474,0.0],[25.805883,44.929189,0.0],[25.806021,44.928993,0.0],[25.806398,44.928457,0.0],[25.806972,44.92768,0.0],[25.807438,44.927048,0.0],[25.808009,44.926253,0.0],[25.808531,44.925527,0.0],[25.808956,44.924922,0.0],[25.809413,44.924297,0.0],[25.809516,44.924179,0.0],[25.809577,44.924096,0.0],[25.809734,44.923844,0.0],[25.809868,44.92358,0.0],[25.809868,44.92358,0.0],[25.810125,44.923051,0.0],[25.810294,44.922722,0.0],[25.810434,44.922447,0.0],[25.810498,44.922305,0.0],[25.810531,44.922272,0.0],[25.810547,44.922252,0.0],[25.810596,44.922247,0.0],[25.810652,44.922258,0.0],[25.810723,44.922285,0.0],[25.810917,44.922342,0.0],[25.810977,44.922356,0.0],[25.811005,44.922357,0.0],[25.811024,44.922337,0.0],[25.811032,44.92232,0.0],[25.811099,44.922109,0.0],[25.811156,44.921889,0.0],[25.811205,44.921717,0.0],[25.811269,44.921557,0.0],[25.81129,44.921534,0.0],[25.811315,44.921506,0.0],[25.811462,44.921362,0.0],[25.811586,44.921251,0.0],[25.811774,44.920957,0.0],[25.811822,44.920906,0.0],[25.812252,44.920445,0.0],[25.812573,44.920145,0.0],[25.813062,44.919664,0.0],[25.813426,44.919305,0.0],[25.813812,44.918911,0.0],[25.814017,44.918701,0.0],[25.814479,44.91827,0.0],[25.814782,44.917974,0.0],[25.815063,44.917699,0.0],[25.815178,44.917587,0.0],[25.815643,44.917133,0.0],[25.816475,44.916269,0.0],[25.817239,44.915472,0.0],[25.817829,44.914924,0.0],[25.818652,44.91412,0.0],[25.818986,44.913786,0.0],[25.819514,44.913173,0.0],[25.819636,44.913018,0.0],[25.82008,44.912317,0.0],[25.820184,44.912273,0.0],[25.820423,44.911917,0.0],[25.820435,44.911899,0.0],[25.821795,44.909858,0.0],[25.822501,44.908804,0.0],[25.822798,44.908358,0.0],[25.823342,44.907582,0.0],[25.823955,44.906748,0.0],[25.824175,44.906412,0.0],[25.824209,44.906305,0.0],[25.824519,44.905559,0.0],[25.824608,44.905199,0.0],[25.824757,44.904614,0.0],[25.825114,44.90352,0.0],[25.825358,44.902654,0.0],[25.825637,44.901992,0.0],[25.826102,44.900818,0.0],[25.826482,44.899872,0.0],[25.826811,44.898997,0.0],[25.827108,44.898319,0.0],[25.827137,44.898233,0.0],[25.827244,44.897998,0.0],[25.8275,44.897516,0.0],[25.828082,44.896435,0.0],[25.828517,44.895565,0.0],[25.828841,44.894867,0.0],[25.829028,44.89432,0.0],[25.829415,44.893426,0.0],[25.829624,44.892904,0.0],[25.82992,44.89215,0.0],[25.830162,44.891576,0.0],[25.830247,44.891356,0.0],[25.830617,44.89048,0.0],[25.830654,44.890345,0.0],[25.830991,44.889509,0.0],[25.831138,44.889099,0.0],[25.831665,44.887654,0.0],[25.831751,44.887417,0.0],[25.832076,44.886597,0.0],[25.832163,44.886348,0.0],[25.832579,44.885191,0.0],[25.83281,44.884663,0.0],[25.833102,44.883974,0.0],[25.83317,44.883788,0.0],[25.833483,44.883033,0.0],[25.83379,44.882276,0.0],[25.834276,44.881093,0.0],[25.834548,44.880353,0.0],[25.834757,44.879843,0.0],[25.835134,44.878899,0.0],[25.83555,44.877821,0.0],[25.835907,44.876883,0.0],[25.836281,44.875931,0.0],[25.836643,44.874952,0.0],[25.836845,44.874426,0.0],[25.837139,44.873613,0.0],[25.837483,44.872672,0.0],[25.837697,44.872135,0.0],[25.837969,44.871479,0.0],[25.838207,44.87082,0.0],[25.838328,44.87044,0.0],[25.83858,44.869702,0.0],[25.838713,44.869289,0.0],[25.838788,44.869063,0.0],[25.838868,44.86881,0.0],[25.838922,44.868647,0.0],[25.83901,44.868373,0.0],[25.839103,44.86806,0.0],[25.839148,44.867897,0.0],[25.839182,44.867716,0.0],[25.839197,44.867588,0.0],[25.839213,44.867421,0.0],[25.839221,44.867338,0.0],[25.839234,44.867094,0.0],[25.839241,44.866941,0.0],[25.839242,44.866764,0.0],[25.839245,44.866457,0.0],[25.839247,44.866262,0.0],[25.839243,44.866037,0.0],[25.839237,44.865786,0.0],[25.839228,44.865569,0.0],[25.839217,44.865232,0.0],[25.83922,44.86504,0.0],[25.839201,44.864706,0.0],[25.83919,44.864283,0.0],[25.839183,44.864018,0.0],[25.839179,44.863896,0.0],[25.839176,44.863818,0.0],[25.839179,44.863775,0.0],[25.839186,44.863757,0.0],[25.839198,44.86374,0.0],[25.839231,44.863708,0.0],[25.839279,44.863651,0.0],[25.839347,44.863567,0.0],[25.839411,44.863493,0.0],[25.839482,44.863417,0.0],[25.839819,44.863068,0.0],[25.840559,44.862258,0.0],[25.841006,44.861787,0.0],[25.841535,44.861233,0.0],[25.842403,44.86035,0.0],[25.842698,44.860036,0.0],[25.844193,44.858541,0.0],[25.844813,44.857903,0.0],[25.845457,44.857262,0.0],[25.845904,44.856826,0.0],[25.846646,44.856055,0.0],[25.847052,44.855652,0.0],[25.848293,44.85426,0.0],[25.849022,44.853706,0.0],[25.849549,44.853439,0.0],[25.850017,44.853233,0.0],[25.850484,44.853018,0.0],[25.851367,44.852611,0.0],[25.85164,44.85248,0.0],[25.851788,44.852409,0.0],[25.851896,44.852357,0.0],[25.851905,44.852353,0.0],[25.851915,44.85235,0.0],[25.851925,44.852348,0.0],[25.851935,44.852347,0.0],[25.851946,44.852347,0.0],[25.851957,44.852347,0.0],[25.851967,44.852348,0.0],[25.851977,44.85235,0.0]]],"type":"MultiLineString"},"properties":{"tip_retea":"Gaze","stare":"Existent","operator":"Transgaz","adancime":null,"detalii":"Conductă transport - E.T. București","_s":{"f":"#232323","fo":0.0,"s":"#232323","so":1.0,"w":3.78,"r":5.0,"cap":"square","join":"bevel","ml":true},"_c":3}},{"type":"Feature","geometry":{"coordinates":[[[25.861763,44.831939,0.0],[25.861729,44.831918,0.0],[25.861605,44.831839,0.0],[25.861677,44.831493,0.0],[25.861712,44.831323,0.0],[25.861838,44.830711,0.0],[25.862052,44.829589,0.0],[25.862073,44.829491,0.0]]],"type":"MultiLineString"},"properties":{"tip_retea":"Gaze","stare":"Existent","operator":"Transgaz","adancime":null,"detalii":"Conductă transport - E.T. București","_s":{"f":"#232323","fo":0.0,"s":"#232323","so":1.0,"w":3.78,"r":5.0,"cap":"square","join":"bevel","ml":true},"_c":3}},{"type":"Feature","geometry":{"coordinates":[[[25.85269,44.852267,0.0],[25.852714,44.852273,0.0],[25.852752,44.852282,0.0],[25.852764,44.852285,0.0],[25.852766,44.852286,0.0],[25.852769,44.852286,0.0],[25.852771,44.852286,0.0],[25.852777,44.852287,0.0],[25.852779,44.852287,0.0],[25.852782,44.852287,0.0],[25.852787,44.852287,0.0],[25.852795,44.852287,0.0],[25.8528,44.852286,0.0],[25.852806,44.852285,0.0],[25.852813,44.852283,0.0],[25.852818,44.852281,0.0],[25.85282,44.85228,0.0],[25.852824,44.852278,0.0],[25.852826,44.852277,0.0],[25.85283,44.852275,0.0],[25.852834,44.852272,0.0],[25.852836,44.85227,0.0],[25.852839,44.852267,0.0],[25.852842,44.852264,0.0],[25.852843,44.852263,0.0],[25.852844,44.852261,0.0],[25.852846,44.852259,0.0],[25.852847,44.852256,0.0],[25.852854,44.852242,0.0],[25.852916,44.852108,0.0],[25.852958,44.851901,0.0],[25.853004,44.851665,0.0],[25.853095,44.851427,0.0],[25.853264,44.851163,0.0],[25.853549,44.850822,0.0],[25.853774,44.850553,0.0],[25.854035,44.850242,0.0],[25.854577,44.849602,0.0],[25.858093,44.845337,0.0],[25.861728,44.841113,0.0]]],"type":"MultiLineString"},"properties":{"tip_retea":"Gaze","stare":"Existent","operator":"Transgaz","adancime":null,"detalii":"Conductă transport - E.T. București","_s":{"f":"#232323","fo":0.0,"s":"#232323","so":1.0,"w":3.78,"r":5.0,"cap":"square","join":"bevel","ml":true},"_c":3}},{"type":"Feature","geometry":{"coordinates":[[[25.820412,44.912257,0.0],[25.82109,44.911219,0.0],[25.821239,44.910991,0.0],[25.821978,44.909889,0.0],[25.822671,44.908879,0.0],[25.823001,44.908397,0.0],[25.8235,44.907634,0.0],[25.82412,44.906727,0.0],[25.824335,44.906437,0.0],[25.824702,44.905624,0.0],[25.824878,44.905237,0.0],[25.825494,44.903617,0.0],[25.825799,44.902881,0.0],[25.826108,44.902084,0.0],[25.826556,44.900911,0.0],[25.826947,44.899968,0.0],[25.827179,44.899256,0.0],[25.827526,44.898524,0.0],[25.827558,44.898442,0.0],[25.827872,44.897665,0.0],[25.828013,44.897283,0.0],[25.828143,44.896464,0.0],[25.828688,44.895602,0.0],[25.829028,44.894999,0.0],[25.829527,44.893492,0.0],[25.829746,44.892935,0.0],[25.830043,44.892166,0.0],[25.830362,44.891442,0.0],[25.83075,44.890365,0.0],[25.8311,44.889552,0.0],[25.831325,44.889083,0.0],[25.831498,44.88855,0.0],[25.831899,44.887503,0.0],[25.832238,44.886647,0.0],[25.832358,44.886357,0.0],[25.832658,44.885551,0.0],[25.833002,44.884715,0.0],[25.833354,44.883862,0.0],[25.833955,44.882333,0.0],[25.834426,44.881145,0.0],[25.834931,44.879875,0.0],[25.835312,44.878928,0.0],[25.835743,44.877847,0.0],[25.83609,44.876969,0.0],[25.836469,44.876023,0.0],[25.837072,44.874511,0.0],[25.837403,44.873685,0.0],[25.83778,44.872745,0.0],[25.83799,44.872181,0.0],[25.838247,44.87152,0.0],[25.838488,44.87095,0.0],[25.838649,44.870527,0.0],[25.838945,44.869773,0.0],[25.839191,44.869114,0.0],[25.839305,44.868825,0.0],[25.83942,44.868536,0.0],[25.83947,44.868417,0.0],[25.839564,44.868161,0.0],[25.839597,44.868089,0.0],[25.839608,44.868046,0.0],[25.839605,44.868028,0.0],[25.839586,44.867877,0.0],[25.839547,44.867545,0.0],[25.839519,44.867278,0.0],[25.839487,44.866975,0.0],[25.839447,44.866519,0.0],[25.839432,44.866237,0.0],[25.839416,44.866042,0.0],[25.839399,44.865788,0.0],[25.839376,44.865396,0.0],[25.839366,44.865228,0.0],[25.839369,44.865168,0.0],[25.839356,44.864891,0.0],[25.839359,44.864689,0.0],[25.839357,44.864429,0.0],[25.839351,44.864273,0.0],[25.83935,44.864138,0.0],[25.839353,44.86398,0.0],[25.839351,44.863841,0.0],[25.839359,44.863771,0.0],[25.839361,44.863763,0.0],[25.839402,44.863689,0.0],[25.839619,44.863469,0.0],[25.840753,44.862342,0.0],[25.841215,44.86188,0.0],[25.841766,44.861315,0.0],[25.842286,44.860778,0.0],[25.843556,44.859458,0.0],[25.844351,44.858646,0.0],[25.844536,44.858456,0.0],[25.845028,44.857953,0.0],[25.845416,44.857565,0.0],[25.846843,44.856127,0.0],[25.847272,44.855696,0.0],[25.847626,44.855325,0.0],[25.847958,44.854982,0.0],[25.848625,44.854319,0.0],[25.84885,44.854088,0.0],[25.84978,44.853547,0.0],[25.850187,44.853346,0.0],[25.850556,44.853164,0.0]]],"type":"MultiLineString"},"properties":{"tip_retea":"Gaze","stare":"Existent","operator":"Transgaz","adancime":null,"detalii":"Conductă transport - E.T. București","_s":{"f":"#232323","fo":0.0,"s":"#232323","so":1.0,"w":3.78,"r":5.0,"cap":"square","join":"bevel","ml":true},"_c":3}},{"type":"Feature","geometry":{"coordinates":[[[25.791683,44.955861,0.0],[25.796291,44.951417,0.0],[25.797826,44.949874,0.0],[25.797838,44.949809,0.0],[25.79946,44.939445,0.0],[25.799506,44.939153,0.0],[25.799517,44.939107,0.0],[25.799536,44.939037,0.0],[25.801587,44.935827,0.0],[25.801631,44.935746,0.0],[25.806622,44.928521,0.0],[25.806706,44.928364,0.0],[25.806399,44.928066,0.0],[25.806601,44.927614,0.0],[25.806625,44.927564,0.0],[25.807362,44.92741,0.0],[25.809982,44.923602,0.0],[25.810144,44.923397,0.0],[25.810395,44.923103,0.0],[25.810649,44.922834,0.0],[25.81085,44.922608,0.0],[25.810927,44.922543,0.0],[25.810993,44.922491,0.0],[25.811029,44.922461,0.0],[25.811044,44.922414,0.0],[25.811069,44.922358,0.0],[25.811075,44.922326,0.0],[25.811131,44.92212,0.0],[25.811193,44.92192,0.0],[25.811352,44.921745,0.0],[25.811433,44.921659,0.0],[25.811534,44.92153,0.0],[25.811718,44.921327,0.0],[25.812338,44.920613,0.0],[25.812689,44.920178,0.0],[25.812796,44.920046,0.0],[25.814466,44.917544,0.0],[25.815296,44.917239,0.0],[25.815878,44.917019,0.0],[25.816693,44.916305,0.0],[25.819452,44.913642,0.0],[25.820224,44.912525,0.0],[25.820379,44.912304,0.0],[25.820399,44.912275,0.0],[25.820412,44.912257,0.0]]],"type":"MultiLineString"},"properties":{"tip_retea":"Gaze","stare":"Existent","operator":"Transgaz","adancime":null,"detalii":"Conductă transport - E.T. București","_s":{"f":"#232323","fo":0.0,"s":"#232323","so":1.0,"w":3.78,"r":5.0,"cap":"square","join":"bevel","ml":true},"_c":3}},{"type":"Feature","geometry":{"coordinates":[[[25.861728,44.841113,0.0],[25.862102,44.840606,0.0],[25.862566,44.840068,0.0],[25.863507,44.838955,0.0],[25.863718,44.838744,0.0],[25.863718,44.838744,0.0],[25.864213,44.837819,0.0],[25.864353,44.837218,0.0],[25.864416,44.836745,0.0],[25.864616,44.835819,0.0],[25.864616,44.835819,0.0],[25.864871,44.834961,0.0],[25.865102,44.834161,0.0],[25.865112,44.834101,0.0],[25.865118,44.834032,0.0],[25.865108,44.833983,0.0]]],"type":"MultiLineString"},"properties":{"tip_retea":"Gaze","stare":"Existent","operator":"Transgaz","adancime":null,"detalii":"Conductă transport - E.T. București","_s":{"f":"#232323","fo":0.0,"s":"#232323","so":1.0,"w":3.78,"r":5.0,"cap":"square","join":"bevel","ml":true},"_c":3}},{"type":"Feature","geometry":{"coordinates":[[[25.861736,44.831521,0.0],[25.861772,44.831349,0.0],[25.86197,44.830388,0.0],[25.862111,44.829698,0.0],[25.862132,44.829596,0.0]]],"type":"MultiLineString"},"properties":{"tip_retea":"Gaze","stare":"Existent","operator":"Transgaz","adancime":null,"detalii":"Conductă transport - E.T. București","_s":{"f":"#232323","fo":0.0,"s":"#232323","so":1.0,"w":3.78,"r":5.0,"cap":"square","join":"bevel","ml":true},"_c":3}},{"type":"Feature","geometry":{"coordinates":[[[25.73128,45.114099,0.0],[25.731299,45.114112,0.0],[25.731311,45.114121,0.0],[25.731336,45.114126,0.0],[25.731538,45.114173,0.0],[25.731563,45.114179,0.0],[25.731638,45.114193,0.0],[25.731995,45.11422,0.0],[25.732066,45.114244,0.0],[25.73221,45.114293,0.0],[25.732644,45.114466,0.0],[25.732663,45.114473,0.0],[25.732684,45.114481,0.0],[25.733137,45.114651,0.0],[25.733161,45.11466,0.0],[25.733172,45.114669,0.0],[25.733223,45.114712,0.0],[25.733328,45.114782,0.0],[25.733472,45.114862,0.0],[25.733641,45.114949,0.0],[25.733766,45.115011,0.0],[25.733996,45.115102,0.0],[25.734329,45.115268,0.0],[25.734752,45.11554,0.0],[25.735153,45.115725,0.0],[25.73562,45.115892,0.0],[25.736127,45.115983,0.0],[25.736693,45.116008,0.0],[25.736996,45.115942,0.0],[25.737133,45.115914,0.0],[25.7372,45.115901,0.0],[25.737238,45.115894,0.0],[25.737344,45.115931,0.0],[25.737306,45.115988,0.0],[25.737277,45.116029,0.0],[25.737692,45.116159,0.0],[25.737649,45.116243,0.0],[25.737385,45.116178,0.0]]],"type":"MultiLineString"},"properties":{"tip_retea":"Gaze","stare":"Existent","operator":"Transgaz","adancime":null,"detalii":"Conductă transport - E.T. București","_s":{"f":"#232323","fo":0.0,"s":"#232323","so":1.0,"w":3.78,"r":5.0,"cap":"square","join":"bevel","ml":true},"_c":3}},{"type":"Feature","geometry":{"coordinates":[[[25.779032,44.978744,0.0],[25.779018,44.978738,0.0],[25.779009,44.978727,0.0],[25.779004,44.978717,0.0],[25.778996,44.978703,0.0],[25.778981,44.978695,0.0],[25.77892,44.978676,0.0],[25.77778,44.9783,0.0],[25.776633,44.977921,0.0],[25.77486,44.977336,0.0],[25.773423,44.976862,0.0],[25.772236,44.976483,0.0],[25.770857,44.976043,0.0],[25.769282,44.97554,0.0],[25.767657,44.975021,0.0],[25.765661,44.974388,0.0],[25.763938,44.97381,0.0],[25.761821,44.973061,0.0],[25.760568,44.972623,0.0],[25.760166,44.972515,0.0],[25.758133,44.971894,0.0],[25.75648,44.97127,0.0],[25.755485,44.970866,0.0],[25.754238,44.970358,0.0],[25.752308,44.969573,0.0],[25.752028,44.969485,0.0],[25.750973,44.969301,0.0],[25.75037,44.969277,0.0],[25.749688,44.969254,0.0],[25.749181,44.969184,0.0],[25.748812,44.969122,0.0],[25.747495,44.968914,0.0],[25.746017,44.968689,0.0],[25.744586,44.968447,0.0],[25.74295,44.968121,0.0],[25.740942,44.967685,0.0],[25.740156,44.967516,0.0],[25.740127,44.967512,0.0],[25.739882,44.96748,0.0],[25.739691,44.967439,0.0],[25.739061,44.967277,0.0],[25.737822,44.966967,0.0],[25.736627,44.966667,0.0],[25.735592,44.966421,0.0],[25.734397,44.966136,0.0],[25.733271,44.965871,0.0],[25.732115,44.965599,0.0],[25.73126,44.965401,0.0],[25.731175,44.965401,0.0],[25.730851,44.965351,0.0],[25.729833,44.965207,0.0],[25.728603,44.965032,0.0],[25.727463,44.964821,0.0],[25.726505,44.964644,0.0],[25.725413,44.964467,0.0],[25.724943,44.964384,0.0],[25.724255,44.964265,0.0],[25.724213,44.964255,0.0],[25.724231,44.964202,0.0],[25.724264,44.964123,0.0],[25.724418,44.963796,0.0],[25.724422,44.963785,0.0],[25.72447,44.963629,0.0],[25.723705,44.963378,0.0],[25.722923,44.96312,0.0],[25.721804,44.962751,0.0],[25.720846,44.962436,0.0],[25.719477,44.961902,0.0],[25.719457,44.961894,0.0],[25.719427,44.961883,0.0],[25.718235,44.961474,0.0],[25.717094,44.961082,0.0],[25.71592,44.960679,0.0],[25.714727,44.960269,0.0],[25.713578,44.959875,0.0],[25.712272,44.959426,0.0],[25.71098,44.958982,0.0],[25.709279,44.958398,0.0],[25.707644,44.957836,0.0],[25.706075,44.957283,0.0],[25.704748,44.956815,0.0],[25.704138,44.956607,0.0],[25.703795,44.956498,0.0],[25.703461,44.956392,0.0],[25.703123,44.956297,0.0],[25.702839,44.956197,0.0],[25.70249,44.956096,0.0],[25.702234,44.956028,0.0],[25.701936,44.955945,0.0],[25.701577,44.955851,0.0],[25.70126,44.955761,0.0],[25.700814,44.955644,0.0],[25.700391,44.95553,0.0],[25.700129,44.955458,0.0],[25.699855,44.955382,0.0],[25.699613,44.955319,0.0],[25.699302,44.955229,0.0],[25.698977,44.955141,0.0],[25.698504,44.955007,0.0],[25.698076,44.954876,0.0],[25.697658,44.954738,0.0],[25.697188,44.954576,0.0],[25.696731,44.954402,0.0],[25.696211,44.954202,0.0],[25.695677,44.954004,0.0],[25.695085,44.953781,0.0],[25.69471,44.953639,0.0],[25.694187,44.953443,0.0],[25.693538,44.953204,0.0],[25.693209,44.953079,0.0],[25.692686,44.952883,0.0],[25.692116,44.952671,0.0],[25.691552,44.952464,0.0],[25.690998,44.952261,0.0],[25.690384,44.952033,0.0],[25.689948,44.951855,0.0],[25.689586,44.951727,0.0],[25.689385,44.951674,0.0],[25.689296,44.951654,0.0],[25.689191,44.95163,0.0],[25.689003,44.951589,0.0],[25.688867,44.951558,0.0],[25.688723,44.951527,0.0],[25.688433,44.951423,0.0],[25.688286,44.951354,0.0],[25.688155,44.951292,0.0]]],"type":"MultiLineString"},"properties":{"tip_retea":"Gaze","stare":"Existent","operator":"Transgaz","adancime":null,"detalii":"Conductă transport - E.T. București","_s":{"f":"#232323","fo":0.0,"s":"#232323","so":1.0,"w":3.78,"r":5.0,"cap":"square","join":"bevel","ml":true},"_c":3}},{"type":"Feature","geometry":{"coordinates":[[[25.779043,44.978714,0.0],[25.779031,44.978712,0.0],[25.779021,44.978713,0.0],[25.778983,44.978729,0.0],[25.778972,44.978732,0.0],[25.778955,44.978732,0.0],[25.778898,44.978722,0.0],[25.777744,44.978348,0.0],[25.776594,44.977975,0.0],[25.774808,44.977395,0.0],[25.77339,44.976934,0.0],[25.772191,44.976549,0.0],[25.770814,44.976107,0.0],[25.769243,44.975602,0.0],[25.767542,44.975056,0.0],[25.76566,44.974433,0.0],[25.763933,44.973863,0.0],[25.761827,44.97318,0.0],[25.760553,44.972792,0.0],[25.760078,44.972628,0.0],[25.758141,44.971884,0.0],[25.756529,44.971179,0.0],[25.755586,44.970757,0.0],[25.754249,44.970244,0.0],[25.752319,44.96955,0.0],[25.75203,44.969446,0.0],[25.750996,44.969171,0.0],[25.750317,44.968881,0.0],[25.749551,44.968554,0.0],[25.749142,44.968379,0.0],[25.747717,44.968174,0.0],[25.746001,44.967927,0.0],[25.744717,44.967738,0.0],[25.74286,44.967475,0.0],[25.7407,44.96713,0.0],[25.739897,44.967052,0.0],[25.739531,44.967015,0.0],[25.739528,44.967015,0.0],[25.739037,44.96693,0.0],[25.73789,44.966689,0.0],[25.736707,44.966441,0.0],[25.735669,44.966232,0.0],[25.734432,44.965984,0.0],[25.7333,44.965776,0.0],[25.732349,44.965602,0.0],[25.731272,44.965358,0.0],[25.731185,44.965359,0.0],[25.730849,44.965313,0.0],[25.729842,44.965159,0.0],[25.728594,44.964968,0.0],[25.727489,44.96474,0.0],[25.726548,44.964547,0.0],[25.725511,44.964339,0.0],[25.724781,44.964202,0.0],[25.724787,44.964119,0.0],[25.724821,44.963682,0.0],[25.72482,44.963676,0.0],[25.724825,44.963634,0.0],[25.724582,44.96346,0.0],[25.723823,44.963224,0.0],[25.723025,44.962976,0.0],[25.721858,44.962629,0.0],[25.720921,44.962351,0.0],[25.719519,44.961805,0.0],[25.718292,44.961383,0.0],[25.717136,44.960986,0.0],[25.71598,44.960589,0.0],[25.714784,44.960179,0.0],[25.713645,44.959787,0.0],[25.712306,44.959328,0.0],[25.711009,44.958882,0.0],[25.709335,44.958307,0.0],[25.707705,44.957747,0.0],[25.706151,44.957196,0.0],[25.704816,44.956722,0.0],[25.704272,44.956535,0.0],[25.704248,44.956528,0.0],[25.704218,44.956519,0.0],[25.703861,44.956412,0.0],[25.703518,44.956323,0.0],[25.703124,44.95623,0.0],[25.702848,44.956166,0.0],[25.702273,44.956021,0.0],[25.701932,44.955931,0.0],[25.70162,44.955842,0.0],[25.701269,44.955748,0.0],[25.700836,44.955636,0.0],[25.7004,44.955514,0.0],[25.700136,44.95544,0.0],[25.699879,44.955374,0.0],[25.699626,44.955304,0.0],[25.699314,44.955215,0.0],[25.698999,44.95513,0.0],[25.698526,44.954997,0.0],[25.698094,44.954867,0.0],[25.697677,44.954727,0.0],[25.697234,44.95457,0.0],[25.696756,44.954395,0.0],[25.696223,44.954189,0.0],[25.695683,44.953986,0.0],[25.695103,44.953749,0.0],[25.694744,44.953606,0.0],[25.694203,44.953397,0.0],[25.693574,44.953163,0.0],[25.693251,44.953043,0.0],[25.692728,44.952849,0.0],[25.692162,44.952637,0.0],[25.691601,44.95243,0.0],[25.69104,44.952225,0.0],[25.690455,44.952013,0.0],[25.689974,44.951835,0.0],[25.689604,44.951707,0.0],[25.689398,44.951662,0.0],[25.689298,44.951637,0.0],[25.689197,44.951613,0.0],[25.689008,44.951571,0.0],[25.688894,44.951544,0.0],[25.68875,44.951514,0.0],[25.688457,44.951409,0.0],[25.688293,44.951341,0.0],[25.688174,44.951272,0.0],[25.68816,44.951266,0.0]]],"type":"MultiLineString"},"properties":{"tip_retea":"Gaze","stare":"Existent","operator":"Transgaz","adancime":null,"detalii":"Conductă transport - E.T. București","_s":{"f":"#232323","fo":0.0,"s":"#232323","so":1.0,"w":3.78,"r":5.0,"cap":"square","join":"bevel","ml":true},"_c":3}},{"type":"Feature","geometry":{"coordinates":[[[25.814872,44.954751,0.0],[25.815129,44.954717,0.0],[25.815273,44.954702,0.0],[25.81547,44.954683,0.0],[25.815936,44.954654,0.0],[25.81598,44.954641,0.0],[25.816003,44.954617,0.0],[25.816025,44.954529,0.0],[25.816044,44.954464,0.0],[25.816105,44.954458,0.0],[25.816373,44.954433,0.0],[25.81639,44.954327,0.0],[25.816478,44.953956,0.0],[25.816524,44.953826,0.0],[25.816553,44.953765,0.0],[25.816812,44.953763,0.0],[25.817133,44.953784,0.0],[25.817558,44.953806,0.0],[25.817884,44.953825,0.0],[25.818293,44.953855,0.0],[25.818495,44.953876,0.0],[25.81862,44.953887,0.0],[25.819061,44.953931,0.0],[25.819171,44.953939,0.0],[25.81944,44.95397,0.0],[25.819769,44.953997,0.0],[25.819882,44.954005,0.0],[25.820256,44.954045,0.0],[25.820349,44.954053,0.0],[25.820782,44.954115,0.0],[25.821075,44.954165,0.0],[25.821203,44.954183,0.0],[25.821611,44.954294,0.0],[25.822781,44.954671,0.0],[25.823321,44.954839,0.0],[25.823883,44.955011,0.0],[25.824065,44.955037,0.0],[25.824466,44.955081,0.0],[25.824779,44.955198,0.0],[25.825281,44.955462,0.0],[25.825828,44.955685,0.0],[25.826233,44.955833,0.0],[25.826269,44.955854,0.0],[25.826311,44.955876,0.0],[25.826383,44.955913,0.0],[25.82644,44.955942,0.0],[25.82648,44.955971,0.0],[25.826514,44.955995,0.0],[25.827159,44.956304,0.0],[25.828101,44.956671,0.0],[25.828721,44.956895,0.0],[25.829583,44.957164,0.0],[25.830258,44.957365,0.0],[25.831687,44.957831,0.0],[25.832349,44.958078,0.0],[25.833107,44.958258,0.0],[25.83316,44.958272,0.0],[25.833196,44.958282,0.0],[25.833313,44.958182,0.0],[25.834501,44.957255,0.0],[25.834785,44.95703,0.0]]],"type":"MultiLineString"},"properties":{"tip_retea":"Gaze","stare":"Existent","operator":"Transgaz","adancime":null,"detalii":"Conductă transport - E.T. București","_s":{"f":"#232323","fo":0.0,"s":"#232323","so":1.0,"w":3.78,"r":5.0,"cap":"square","join":"bevel","ml":true},"_c":3}},{"type":"Feature","geometry":{"coordinates":[[[25.971756,44.959041,0.0],[25.971719,44.959045,0.0],[25.971697,44.959048,0.0],[25.971688,44.959041,0.0],[25.971684,44.959039,0.0],[25.971599,44.95899,0.0],[25.971487,44.958925,0.0],[25.971449,44.958906,0.0],[25.971432,44.958897,0.0],[25.971401,44.958894,0.0],[25.971354,44.958898,0.0],[25.971287,44.958906,0.0],[25.971109,44.958932,0.0],[25.971076,44.958935,0.0],[25.971065,44.958935,0.0],[25.970998,44.95894,0.0],[25.970994,44.958941,0.0],[25.970952,44.958944,0.0],[25.970946,44.958944,0.0],[25.970944,44.958945,0.0],[25.970942,44.958947,0.0],[25.97094,44.95895,0.0],[25.97094,44.958951,0.0],[25.970946,44.958973,0.0],[25.970947,44.958983,0.0],[25.97095,44.958997,0.0],[25.97095,44.959001,0.0],[25.970944,44.959004,0.0],[25.970929,44.959006,0.0],[25.970759,44.959025,0.0],[25.97024,44.959082,0.0],[25.969259,44.959183,0.0],[25.968702,44.959236,0.0],[25.967799,44.959339,0.0],[25.966646,44.959455,0.0],[25.966573,44.959462,0.0],[25.966486,44.95947,0.0],[25.965598,44.959558,0.0],[25.965098,44.959616,0.0],[25.965016,44.959624,0.0],[25.964689,44.959666,0.0],[25.964638,44.959721,0.0],[25.96458,44.95973,0.0],[25.964414,44.959752,0.0],[25.964043,44.959801,0.0],[25.963949,44.959815,0.0],[25.963899,44.959795,0.0],[25.963835,44.959772,0.0],[25.963091,44.959858,0.0],[25.96202,44.959997,0.0],[25.961181,44.960112,0.0],[25.960208,44.960235,0.0],[25.958851,44.960401,0.0],[25.958102,44.960503,0.0],[25.956802,44.960665,0.0],[25.955515,44.96084,0.0],[25.954543,44.960968,0.0],[25.953232,44.961145,0.0],[25.952006,44.96131,0.0],[25.951901,44.961324,0.0],[25.951787,44.961339,0.0],[25.950855,44.961466,0.0],[25.949501,44.961644,0.0],[25.948674,44.961758,0.0],[25.947609,44.961906,0.0],[25.94646,44.96207,0.0],[25.946388,44.962079,0.0],[25.946341,44.962072,0.0],[25.945586,44.961971,0.0],[25.945535,44.961963,0.0],[25.945229,44.961912,0.0],[25.945141,44.961897,0.0],[25.944962,44.961868,0.0],[25.944286,44.961752,0.0],[25.943342,44.961596,0.0],[25.942531,44.961457,0.0],[25.9425,44.961456,0.0],[25.942457,44.961461,0.0],[25.942427,44.961472,0.0],[25.942401,44.961487,0.0],[25.942307,44.961544,0.0],[25.942201,44.961602,0.0],[25.942052,44.961664,0.0],[25.94182,44.9617,0.0],[25.940849,44.961854,0.0],[25.939498,44.962014,0.0],[25.939455,44.962019,0.0],[25.939436,44.962019,0.0],[25.939418,44.962014,0.0],[25.939405,44.962004,0.0],[25.939396,44.961989,0.0],[25.939388,44.961964,0.0],[25.939334,44.961802,0.0],[25.939262,44.96158,0.0],[25.939201,44.961401,0.0],[25.939171,44.96123,0.0],[25.939149,44.961106,0.0],[25.939117,44.960923,0.0],[25.9391,44.960898,0.0],[25.939083,44.960882,0.0],[25.93906,44.96087,0.0],[25.93901,44.960862,0.0],[25.938964,44.960854,0.0],[25.938036,44.960696,0.0],[25.936521,44.960409,0.0],[25.934222,44.95991,0.0],[25.934051,44.95987,0.0],[25.933377,44.959719,0.0],[25.933336,44.95971,0.0],[25.93331,44.959704,0.0],[25.933226,44.959686,0.0],[25.932942,44.959622,0.0],[25.932883,44.959581,0.0],[25.932738,44.959479,0.0],[25.932469,44.959307,0.0],[25.924356,44.958256,0.0],[25.924273,44.958244,0.0],[25.924175,44.958232,0.0],[25.921126,44.957842,0.0],[25.921059,44.957835,0.0],[25.921016,44.957842,0.0],[25.92043,44.957998,0.0],[25.920071,44.958092,0.0],[25.919743,44.958178,0.0],[25.918662,44.958469,0.0],[25.91735,44.958823,0.0],[25.916737,44.958983,0.0],[25.916361,44.959086,0.0],[25.915768,44.95924,0.0],[25.915246,44.95938,0.0],[25.914709,44.959516,0.0],[25.913778,44.959776,0.0],[25.913313,44.959899,0.0],[25.913098,44.959954,0.0],[25.912827,44.96003,0.0],[25.912743,44.960096,0.0],[25.912199,44.96054,0.0],[25.911046,44.961513,0.0],[25.91083,44.961702,0.0],[25.910456,44.96202,0.0],[25.910053,44.962408,0.0],[25.909616,44.962832,0.0],[25.90916,44.963309,0.0],[25.908586,44.96392,0.0],[25.907966,44.964609,0.0],[25.907877,44.964701,0.0],[25.907805,44.964714,0.0],[25.904369,44.9649,0.0],[25.904221,44.964904,0.0],[25.902763,44.96496,0.0],[25.902619,44.964965,0.0],[25.899396,44.965187,0.0],[25.899086,44.965203,0.0],[25.897098,44.965312,0.0],[25.89467,44.965471,0.0],[25.893136,44.965548,0.0],[25.892966,44.965559,0.0],[25.892917,44.965563,0.0],[25.892887,44.965565,0.0],[25.89286,44.965567,0.0],[25.892832,44.965569,0.0],[25.892843,44.965632,0.0],[25.892868,44.965765,0.0],[25.892892,44.96589,0.0],[25.89269,44.965984,0.0],[25.891305,44.966536,0.0],[25.890014,44.967045,0.0],[25.888109,44.967796,0.0],[25.886026,44.968605,0.0],[25.885701,44.968755,0.0],[25.885436,44.968778,0.0],[25.883969,44.968915,0.0],[25.88259,44.969021,0.0],[25.881495,44.969133,0.0],[25.877842,44.969483,0.0],[25.876242,44.969601,0.0],[25.874489,44.969744,0.0],[25.872825,44.969895,0.0],[25.870637,44.970083,0.0],[25.869593,44.970177,0.0],[25.869471,44.970187,0.0],[25.867605,44.970345,0.0],[25.858061,44.971237,0.0],[25.855908,44.971496,0.0],[25.850188,44.972562,0.0],[25.850121,44.972575,0.0],[25.847572,44.973055,0.0],[25.847431,44.973087,0.0],[25.845648,44.973459,0.0],[25.842424,44.974061,0.0],[25.842283,44.974088,0.0],[25.842187,44.974106,0.0],[25.840834,44.974362,0.0],[25.840666,44.974392,0.0],[25.839666,44.974576,0.0],[25.83958,44.97459,0.0],[25.838166,44.974846,0.0],[25.837823,44.974917,0.0],[25.835928,44.97532,0.0],[25.835418,44.975431,0.0],[25.833632,44.975849,0.0],[25.832968,44.976019,0.0],[25.831371,44.97633,0.0],[25.83127,44.976331,0.0],[25.830233,44.97634,0.0],[25.830208,44.97634,0.0],[25.82994,44.976343,0.0],[25.829551,44.976346,0.0],[25.827696,44.976363,0.0],[25.82731,44.976368,0.0],[25.825705,44.976375,0.0],[25.824073,44.976387,0.0],[25.822586,44.976394,0.0],[25.821804,44.976393,0.0],[25.821432,44.976394,0.0],[25.821158,44.976399,0.0],[25.820769,44.976398,0.0],[25.820463,44.976405,0.0],[25.820441,44.976494,0.0],[25.820418,44.976598,0.0],[25.8204,44.976691,0.0],[25.820459,44.976704,0.0],[25.820454,44.976736,0.0],[25.820421,44.976882,0.0]]],"type":"MultiLineString"},"properties":{"tip_retea":"Gaze","stare":"Existent","operator":"Transgaz","adancime":null,"detalii":"Conductă transport - E.T. București","_s":{"f":"#232323","fo":0.0,"s":"#232323","so":1.0,"w":3.78,"r":5.0,"cap":"square","join":"bevel","ml":true},"_c":3}},{"type":"Feature","geometry":{"coordinates":[[[25.852709,44.852646,0.0],[25.852728,44.852651,0.0],[25.852765,44.85266,0.0],[25.852775,44.852663,0.0],[25.852827,44.852676,0.0],[25.853283,44.852751,0.0],[25.856029,44.853595,0.0],[25.856928,44.8539,0.0],[25.857301,44.854157,0.0],[25.857408,44.854214,0.0],[25.857482,44.854258,0.0],[25.857564,44.854304,0.0],[25.857646,44.854359,0.0],[25.857644,44.854381,0.0],[25.857638,44.854426,0.0],[25.857634,44.85449,0.0],[25.85763,44.854627,0.0],[25.857619,44.854716,0.0],[25.857618,44.854744,0.0],[25.85763,44.854756,0.0],[25.857691,44.854766,0.0],[25.857739,44.854779,0.0],[25.857778,44.854824,0.0],[25.857799,44.854847,0.0],[25.857827,44.854875,0.0],[25.857951,44.85503,0.0],[25.858005,44.855087,0.0],[25.858068,44.855162,0.0],[25.858208,44.855338,0.0],[25.858265,44.855403,0.0],[25.858452,44.855633,0.0],[25.858575,44.855748,0.0],[25.858598,44.855759,0.0],[25.858644,44.855776,0.0],[25.858777,44.855823,0.0],[25.858899,44.855871,0.0],[25.858983,44.855908,0.0],[25.859466,44.856112,0.0],[25.859898,44.856272,0.0],[25.860935,44.85664,0.0],[25.862213,44.857097,0.0],[25.863016,44.857384,0.0],[25.864217,44.857814,0.0],[25.865579,44.858301,0.0],[25.866505,44.858632,0.0],[25.867096,44.858843,0.0],[25.867969,44.859155,0.0],[25.86847,44.85934,0.0],[25.869114,44.859577,0.0],[25.869591,44.859753,0.0],[25.870065,44.859928,0.0],[25.870534,44.860101,0.0],[25.870934,44.860248,0.0],[25.871301,44.860383,0.0],[25.871612,44.860498,0.0],[25.872035,44.860654,0.0],[25.872501,44.860835,0.0],[25.873159,44.861086,0.0],[25.873492,44.861213,0.0],[25.873991,44.861404,0.0],[25.874338,44.861536,0.0],[25.874685,44.861668,0.0],[25.874979,44.861781,0.0],[25.875233,44.86196,0.0],[25.875413,44.862033,0.0],[25.875418,44.862035,0.0],[25.875422,44.862038,0.0],[25.875427,44.862042,0.0],[25.87543,44.862045,0.0],[25.875443,44.862058,0.0],[25.875465,44.862079,0.0],[25.87549,44.862103,0.0],[25.875535,44.862147,0.0]]],"type":"MultiLineString"},"properties":{"tip_retea":"Gaze","stare":"Existent","operator":"Transgaz","adancime":null,"detalii":"Conductă transport - E.T. București","_s":{"f":"#232323","fo":0.0,"s":"#232323","so":1.0,"w":3.78,"r":5.0,"cap":"square","join":"bevel","ml":true},"_c":3}},{"type":"Feature","geometry":{"coordinates":[[[25.852728,44.852606,0.0],[25.852747,44.852611,0.0],[25.852785,44.85262,0.0],[25.852794,44.852622,0.0],[25.852821,44.852629,0.0],[25.852841,44.852634,0.0],[25.853295,44.852695,0.0],[25.854613,44.853064,0.0],[25.856067,44.853544,0.0],[25.856993,44.853859,0.0],[25.857381,44.854131,0.0],[25.857444,44.854165,0.0],[25.857586,44.854239,0.0],[25.857653,44.854276,0.0],[25.857733,44.854316,0.0],[25.857735,44.854454,0.0],[25.857685,44.854576,0.0],[25.857669,44.854635,0.0],[25.85764,44.854702,0.0],[25.857647,44.854726,0.0],[25.857662,44.854739,0.0],[25.857705,44.854748,0.0],[25.857741,44.854752,0.0],[25.857798,44.854764,0.0],[25.857825,44.854765,0.0],[25.857843,44.854773,0.0],[25.85789,44.854833,0.0],[25.85802,44.855,0.0],[25.858124,44.855145,0.0],[25.858251,44.855316,0.0],[25.85831,44.855391,0.0],[25.858491,44.855627,0.0],[25.858626,44.855688,0.0],[25.858723,44.855727,0.0],[25.858804,44.855756,0.0],[25.858866,44.855784,0.0],[25.85897,44.855824,0.0],[25.859055,44.855858,0.0],[25.859513,44.856035,0.0],[25.860156,44.856282,0.0],[25.860324,44.856347,0.0],[25.861545,44.856825,0.0],[25.862236,44.857067,0.0],[25.863034,44.857357,0.0],[25.864241,44.857785,0.0],[25.865604,44.85827,0.0],[25.866525,44.858602,0.0],[25.867121,44.858817,0.0],[25.867983,44.859139,0.0],[25.868481,44.859321,0.0],[25.869131,44.859549,0.0],[25.869611,44.859725,0.0],[25.870087,44.859902,0.0],[25.87055,44.860073,0.0],[25.870951,44.860223,0.0],[25.871624,44.860473,0.0],[25.872056,44.860633,0.0],[25.872517,44.86081,0.0],[25.873176,44.861062,0.0],[25.873508,44.861189,0.0],[25.873725,44.861271,0.0],[25.874008,44.861379,0.0],[25.874354,44.861512,0.0],[25.874701,44.861644,0.0],[25.875003,44.861749,0.0],[25.875681,44.861867,0.0],[25.875707,44.861876,0.0],[25.875713,44.861878,0.0],[25.875743,44.861888,0.0],[25.87575,44.86189,0.0]]],"type":"MultiLineString"},"properties":{"tip_retea":"Gaze","stare":"Existent","operator":"Transgaz","adancime":null,"detalii":"Conductă transport - E.T. București","_s":{"f":"#232323","fo":0.0,"s":"#232323","so":1.0,"w":3.78,"r":5.0,"cap":"square","join":"bevel","ml":true},"_c":3}},{"type":"Feature","geometry":{"coordinates":[[[25.996741,44.921238,0.0],[25.996475,44.921399,0.0],[25.995125,44.922184,0.0],[25.99386,44.92287,0.0],[25.992651,44.923561,0.0],[25.990643,44.924324,0.0],[25.990511,44.924394,0.0],[25.990452,44.924425,0.0],[25.990315,44.924497,0.0]]],"type":"MultiLineString"},"properties":{"tip_retea":"Gaze","stare":"Existent","operator":"Transgaz","adancime":null,"detalii":"Conductă transport - E.T. București","_s":{"f":"#232323","fo":0.0,"s":"#232323","so":1.0,"w":3.78,"r":5.0,"cap":"square","join":"bevel","ml":true},"_c":3}},{"type":"Feature","geometry":{"coordinates":[[[25.971188,44.959197,0.0],[25.971197,44.959206,0.0],[25.971237,44.959252,0.0],[25.971382,44.959407,0.0],[25.971517,44.959551,0.0],[25.971604,44.959644,0.0],[25.972506,44.960608,0.0],[25.972928,44.961043,0.0],[25.973684,44.961834,0.0],[25.974228,44.962407,0.0],[25.974586,44.962785,0.0],[25.974668,44.962849,0.0],[25.974783,44.962966,0.0],[25.97495,44.963147,0.0],[25.975293,44.963523,0.0],[25.975532,44.963764,0.0],[25.975709,44.963945,0.0],[25.975784,44.964014,0.0],[25.976151,44.96439,0.0],[25.976483,44.964683,0.0],[25.976501,44.964729,0.0],[25.976467,44.964813,0.0],[25.976378,44.964926,0.0],[25.976339,44.964976,0.0],[25.976442,44.965078,0.0],[25.976713,44.965348,0.0],[25.976914,44.965543,0.0],[25.977068,44.96571,0.0],[25.977271,44.965929,0.0],[25.977469,44.966142,0.0],[25.977885,44.966578,0.0],[25.978064,44.966773,0.0],[25.978325,44.967025,0.0],[25.979057,44.967779,0.0],[25.97987,44.96863,0.0],[25.980381,44.969042,0.0],[25.986059,44.973501,0.0],[25.991308,44.977375,0.0],[25.994252,44.97937,0.0],[25.994774,44.979773,0.0],[25.994954,44.979904,0.0],[25.995331,44.98021,0.0],[25.996085,44.980679,0.0],[25.996158,44.9808,0.0],[25.996191,44.980859,0.0],[25.996223,44.980908,0.0],[25.996519,44.98115,0.0],[25.99652,44.981151,0.0]]],"type":"MultiLineString"},"properties":{"tip_retea":"Gaze","stare":"Existent","operator":"Transgaz","adancime":null,"detalii":"Conductă transport - E.T. București","_s":{"f":"#232323","fo":0.0,"s":"#232323","so":1.0,"w":3.78,"r":5.0,"cap":"square","join":"bevel","ml":true},"_c":3}},{"type":"Feature","geometry":{"coordinates":[[[25.838964,44.864114,0.0],[25.838989,44.863987,0.0],[25.83903,44.863764,0.0],[25.839083,44.863605,0.0],[25.839128,44.863521,0.0],[25.839231,44.863372,0.0],[25.839553,44.862981,0.0],[25.839837,44.862724,0.0],[25.839964,44.862618,0.0],[25.840058,44.862534,0.0],[25.840215,44.862404,0.0],[25.840342,44.862283,0.0],[25.840557,44.862091,0.0],[25.840754,44.861882,0.0],[25.840893,44.861687,0.0],[25.841031,44.861455,0.0],[25.841134,44.86127,0.0],[25.841247,44.861057,0.0],[25.841319,44.860908,0.0],[25.841435,44.8607,0.0],[25.841548,44.860474,0.0],[25.84164,44.860259,0.0],[25.841748,44.860051,0.0],[25.841846,44.859876,0.0],[25.84196,44.859681,0.0],[25.842134,44.859392,0.0],[25.84225,44.859217,0.0],[25.842262,44.859202,0.0],[25.84229,44.859196,0.0],[25.842327,44.859206,0.0],[25.842393,44.859219,0.0],[25.842629,44.859255,0.0],[25.842976,44.85933,0.0],[25.843263,44.859393,0.0],[25.843413,44.859424,0.0],[25.843697,44.859485,0.0],[25.844042,44.859564,0.0],[25.844394,44.859642,0.0],[25.844582,44.859679,0.0],[25.844645,44.859692,0.0],[25.84466,44.859691,0.0],[25.844674,44.85968,0.0],[25.844702,44.859659,0.0],[25.844727,44.85963,0.0],[25.844792,44.859506,0.0],[25.844854,44.859392,0.0],[25.844872,44.859327,0.0],[25.844919,44.859236,0.0],[25.84504,44.858978,0.0],[25.845135,44.858777,0.0],[25.845199,44.858638,0.0],[25.845276,44.858432,0.0],[25.845319,44.858305,0.0],[25.845369,44.85813,0.0],[25.845396,44.857971,0.0],[25.845438,44.857682,0.0],[25.845465,44.857488,0.0],[25.845493,44.857168,0.0],[25.845504,44.856965,0.0],[25.845528,44.856734,0.0],[25.845547,44.856415,0.0],[25.845554,44.856218,0.0],[25.845569,44.856066,0.0],[25.845586,44.855917,0.0],[25.845583,44.85572,0.0],[25.845586,44.855579,0.0],[25.84558,44.855492,0.0],[25.845578,44.855404,0.0],[25.845604,44.855169,0.0],[25.84568,44.854829,0.0],[25.845756,44.854606,0.0],[25.845837,44.854369,0.0],[25.845947,44.854054,0.0],[25.846058,44.853751,0.0],[25.846232,44.85329,0.0],[25.846386,44.852922,0.0],[25.846514,44.852617,0.0],[25.846667,44.852317,0.0],[25.846711,44.852238,0.0],[25.846868,44.85198,0.0],[25.846983,44.851782,0.0],[25.847133,44.851542,0.0],[25.847286,44.851297,0.0],[25.847445,44.851013,0.0],[25.847519,44.850891,0.0],[25.847527,44.850883,0.0],[25.847542,44.850882,0.0],[25.847556,44.850886,0.0],[25.847612,44.850907,0.0],[25.847857,44.850991,0.0],[25.848008,44.851046,0.0],[25.8484,44.851178,0.0],[25.848794,44.851311,0.0],[25.849167,44.851428,0.0],[25.849511,44.851541,0.0],[25.849905,44.851667,0.0],[25.850152,44.851751,0.0],[25.85055,44.851886,0.0],[25.85092,44.852014,0.0],[25.851322,44.852147,0.0],[25.851717,44.852273,0.0],[25.852018,44.852376,0.0],[25.852104,44.852401,0.0],[25.852135,44.852408,0.0],[25.852168,44.852395,0.0],[25.852198,44.85238,0.0],[25.852281,44.852398,0.0],[25.852362,44.852418,0.0],[25.852441,44.852437,0.0]]],"type":"MultiLineString"},"properties":{"tip_retea":"Gaze","stare":"Existent","operator":"Transgaz","adancime":null,"detalii":"Conductă transport - E.T. București","_s":{"f":"#232323","fo":0.0,"s":"#232323","so":1.0,"w":3.78,"r":5.0,"cap":"square","join":"bevel","ml":true},"_c":3}},{"type":"Feature","geometry":{"coordinates":[[[26.038926,44.90664,0.0],[26.039079,44.906667,0.0],[26.039234,44.906715,0.0],[26.039411,44.906757,0.0],[26.039738,44.906837,0.0],[26.040365,44.906999,0.0],[26.04097,44.907147,0.0],[26.041571,44.907308,0.0],[26.042105,44.907435,0.0],[26.042678,44.907582,0.0],[26.043281,44.907723,0.0],[26.043956,44.90787,0.0],[26.044287,44.907954,0.0],[26.044878,44.908108,0.0],[26.045601,44.908298,0.0],[26.046371,44.908498,0.0],[26.046717,44.90859,0.0],[26.047087,44.908727,0.0],[26.047748,44.909017,0.0],[26.048074,44.909159,0.0],[26.048305,44.909261,0.0],[26.048739,44.909443,0.0],[26.048903,44.909508,0.0],[26.049439,44.909739,0.0],[26.049797,44.909915,0.0],[26.049873,44.910005,0.0],[26.04992,44.91006,0.0],[26.050104,44.910283,0.0],[26.050441,44.910693,0.0],[26.050807,44.911133,0.0],[26.051028,44.911387,0.0],[26.05107,44.91144,0.0],[26.051324,44.911737,0.0],[26.051365,44.91179,0.0],[26.051599,44.912051,0.0],[26.051872,44.912333,0.0],[26.052228,44.91271,0.0],[26.052529,44.913018,0.0],[26.05282,44.913307,0.0],[26.053233,44.913731,0.0],[26.053708,44.914233,0.0],[26.054054,44.914609,0.0],[26.054525,44.915099,0.0],[26.054914,44.915499,0.0],[26.055252,44.915853,0.0],[26.055644,44.916245,0.0],[26.055965,44.916584,0.0],[26.056221,44.916869,0.0],[26.056551,44.917233,0.0],[26.056929,44.917633,0.0],[26.057353,44.918079,0.0],[26.057651,44.918391,0.0],[26.057925,44.918662,0.0],[26.057992,44.918746,0.0],[26.058123,44.918886,0.0],[26.05821,44.91898,0.0],[26.058439,44.919221,0.0],[26.058464,44.919269,0.0],[26.058429,44.919312,0.0],[26.058357,44.91939,0.0],[26.058027,44.919745,0.0],[26.05793,44.91985,0.0],[26.057818,44.920132,0.0],[26.057745,44.920342,0.0],[26.057661,44.920562,0.0],[26.057574,44.920772,0.0],[26.057424,44.921161,0.0],[26.057385,44.921257,0.0],[26.057238,44.921643,0.0],[26.057117,44.92199,0.0],[26.056939,44.922486,0.0],[26.056868,44.922657,0.0],[26.056857,44.92269,0.0],[26.056868,44.922704,0.0],[26.056877,44.922714,0.0],[26.057297,44.92297,0.0],[26.057713,44.923205,0.0],[26.058076,44.923402,0.0],[26.058365,44.92356,0.0],[26.05884,44.923826,0.0],[26.059256,44.924077,0.0],[26.059766,44.924393,0.0],[26.060017,44.924537,0.0]]],"type":"MultiLineString"},"properties":{"tip_retea":"Gaze","stare":"Existent","operator":"Transgaz","adancime":null,"detalii":"Conductă transport - E.T. București","_s":{"f":"#232323","fo":0.0,"s":"#232323","so":1.0,"w":3.78,"r":5.0,"cap":"square","join":"bevel","ml":true},"_c":3}},{"type":"Feature","geometry":{"coordinates":[[[26.161127,44.952529,0.0],[26.161059,44.952527,0.0],[26.161033,44.952527,0.0],[26.161015,44.95253,0.0],[26.160997,44.952548,0.0],[26.160997,44.952555,0.0],[26.160996,44.952568,0.0],[26.160994,44.952589,0.0],[26.160992,44.952623,0.0],[26.160991,44.952635,0.0],[26.160987,44.952646,0.0],[26.160982,44.952657,0.0],[26.160979,44.952667,0.0],[26.16095,44.952663,0.0],[26.160645,44.952629,0.0],[26.160443,44.952604,0.0],[26.160368,44.952595,0.0],[26.159817,44.952528,0.0],[26.158986,44.952433,0.0],[26.158893,44.952424,0.0],[26.15884,44.952419,0.0],[26.156659,44.952248,0.0],[26.156173,44.952066,0.0],[26.155622,44.951957,0.0],[26.154682,44.951805,0.0],[26.153482,44.951707,0.0],[26.153416,44.951702,0.0],[26.153391,44.9517,0.0],[26.153368,44.951698,0.0],[26.153344,44.951696,0.0],[26.153322,44.951694,0.0],[26.153265,44.95169,0.0],[26.15308,44.951678,0.0],[26.153024,44.951675,0.0],[26.152884,44.95167,0.0],[26.15284,44.951566,0.0],[26.152734,44.95073,0.0],[26.152622,44.950176,0.0],[26.152468,44.950119,0.0],[26.15083,44.949743,0.0],[26.150038,44.94958,0.0],[26.147986,44.949137,0.0],[26.147646,44.949058,0.0],[26.146787,44.948869,0.0],[26.145353,44.948559,0.0],[26.144136,44.948294,0.0],[26.142947,44.948037,0.0],[26.14171,44.947764,0.0],[26.140578,44.947525,0.0],[26.139577,44.947313,0.0],[26.138232,44.947032,0.0],[26.138163,44.947018,0.0],[26.135855,44.946588,0.0],[26.134687,44.94638,0.0],[26.133509,44.946153,0.0],[26.132096,44.945898,0.0],[26.131146,44.945726,0.0],[26.129628,44.94545,0.0],[26.12885,44.94531,0.0],[26.128658,44.945358,0.0],[26.127882,44.945531,0.0],[26.126932,44.945748,0.0],[26.12638,44.94588,0.0],[26.126302,44.945897,0.0],[26.126221,44.945868,0.0],[26.125739,44.945443,0.0],[26.124814,44.944546,0.0],[26.124545,44.944286,0.0],[26.124047,44.943796,0.0],[26.123818,44.943622,0.0],[26.123703,44.943541,0.0],[26.123615,44.943494,0.0],[26.123401,44.943536,0.0],[26.123342,44.94355,0.0],[26.123318,44.943555,0.0],[26.123297,44.94356,0.0],[26.123276,44.943565,0.0],[26.123254,44.943569,0.0],[26.123128,44.943598,0.0],[26.121175,44.944158,0.0],[26.120177,44.944474,0.0],[26.119079,44.944868,0.0],[26.118954,44.944909,0.0],[26.118889,44.944952,0.0],[26.118497,44.94525,0.0],[26.117445,44.946076,0.0],[26.116794,44.94658,0.0],[26.115147,44.947809,0.0],[26.113093,44.948725,0.0],[26.11211,44.949286,0.0],[26.111226,44.949817,0.0],[26.110228,44.950375,0.0],[26.109018,44.950961,0.0],[26.108215,44.951428,0.0],[26.105965,44.951977,0.0],[26.10419,44.952179,0.0],[26.104034,44.952203,0.0],[26.103837,44.952226,0.0],[26.103749,44.952237,0.0],[26.103702,44.952243,0.0],[26.1036,44.952255,0.0],[26.103516,44.952267,0.0],[26.103477,44.952278,0.0],[26.103448,44.952299,0.0],[26.103423,44.952321,0.0],[26.10337,44.952371,0.0],[26.103307,44.952429,0.0],[26.103253,44.95249,0.0],[26.103192,44.952543,0.0],[26.103137,44.952601,0.0],[26.103078,44.952663,0.0],[26.103,44.952714,0.0],[26.102924,44.952766,0.0],[26.102767,44.952845,0.0],[26.102584,44.952939,0.0],[26.102317,44.953076,0.0],[26.102125,44.953169,0.0],[26.102066,44.953184,0.0],[26.102002,44.953199,0.0],[26.101815,44.953245,0.0],[26.101604,44.95329,0.0],[26.1014,44.953333,0.0],[26.101319,44.953341,0.0],[26.101139,44.95337,0.0],[26.10099,44.953392,0.0],[26.100691,44.953442,0.0],[26.100242,44.953525,0.0],[26.099803,44.953612,0.0],[26.099212,44.953728,0.0],[26.09861,44.953861,0.0],[26.09845,44.953911,0.0],[26.0974,44.954261,0.0],[26.097145,44.954351,0.0],[26.096943,44.95443,0.0],[26.096758,44.954429,0.0],[26.0953,44.954311,0.0],[26.09502,44.954293,0.0],[26.094625,44.954285,0.0],[26.094219,44.954396,0.0],[26.0937,44.954698,0.0],[26.093133,44.955176,0.0],[26.093072,44.955195,0.0],[26.092504,44.95492,0.0],[26.091845,44.954554,0.0],[26.090556,44.953862,0.0],[26.089423,44.95325,0.0],[26.089263,44.953195,0.0],[26.088895,44.95342,0.0],[26.088582,44.953617,0.0],[26.086971,44.954135,0.0],[26.086757,44.954151,0.0],[26.085547,44.954264,0.0],[26.083667,44.954353,0.0],[26.082391,44.954373,0.0],[26.082321,44.954373,0.0],[26.082317,44.954342,0.0],[26.082304,44.954244,0.0],[26.082292,44.954148,0.0],[26.08226,44.954148,0.0],[26.080417,44.954231,0.0],[26.078447,44.954298,0.0],[26.076488,44.954373,0.0],[26.075519,44.954411,0.0],[26.075062,44.954427,0.0],[26.074474,44.954454,0.0],[26.072631,44.95451,0.0],[26.072584,44.954512,0.0],[26.072587,44.954569,0.0],[26.072591,44.954652,0.0],[26.072597,44.954723,0.0],[26.072557,44.954726,0.0],[26.071238,44.954788,0.0],[26.069972,44.954811,0.0],[26.067502,44.954778,0.0],[26.065676,44.954749,0.0],[26.065577,44.954747,0.0],[26.065036,44.954733,0.0],[26.06415,44.954677,0.0],[26.063119,44.954575,0.0],[26.062523,44.954516,0.0],[26.062269,44.95449,0.0],[26.061825,44.954445,0.0],[26.061783,44.954416,0.0],[26.061767,44.954405,0.0],[26.061746,44.954391,0.0],[26.06172,44.954374,0.0],[26.061703,44.954363,0.0]]],"type":"MultiLineString"},"properties":{"tip_retea":"Gaze","stare":"Existent","operator":"Transgaz","adancime":null,"detalii":"Conductă transport - E.T. București","_s":{"f":"#232323","fo":0.0,"s":"#232323","so":1.0,"w":3.78,"r":5.0,"cap":"square","join":"bevel","ml":true},"_c":3}},{"type":"Feature","geometry":{"coordinates":[[[25.73128,45.114099,0.0],[25.731294,45.11409,0.0],[25.7313,45.114086,0.0],[25.731314,45.114077,0.0],[25.731329,45.114068,0.0],[25.731337,45.114063,0.0],[25.731364,45.114045,0.0],[25.731475,45.113962,0.0],[25.73165,45.113853,0.0],[25.731683,45.113836,0.0],[25.731772,45.113798,0.0],[25.731838,45.113802,0.0],[25.732012,45.113821,0.0],[25.732071,45.113823,0.0],[25.732197,45.113841,0.0],[25.732281,45.113846,0.0],[25.732338,45.113833,0.0],[25.732373,45.113807,0.0],[25.732418,45.113771,0.0],[25.732594,45.113633,0.0],[25.732801,45.113452,0.0],[25.732907,45.11333,0.0],[25.733008,45.113205,0.0],[25.733192,45.113001,0.0],[25.733392,45.112781,0.0],[25.733575,45.11258,0.0],[25.733734,45.112404,0.0],[25.733888,45.112198,0.0],[25.733951,45.112098,0.0],[25.734077,45.111906,0.0],[25.734181,45.111731,0.0],[25.734294,45.111561,0.0],[25.734379,45.111415,0.0],[25.734532,45.111165,0.0],[25.73471,45.110883,0.0],[25.734891,45.110642,0.0],[25.735172,45.11032,0.0],[25.735494,45.109961,0.0],[25.735757,45.109676,0.0],[25.736003,45.109443,0.0],[25.736181,45.109268,0.0],[25.736212,45.109236,0.0],[25.736331,45.109114,0.0],[25.736615,45.108786,0.0],[25.736658,45.108742,0.0],[25.736672,45.10872,0.0],[25.736731,45.108581,0.0],[25.736851,45.108332,0.0],[25.736976,45.108136,0.0],[25.73714,45.107905,0.0],[25.73732,45.107665,0.0],[25.737567,45.107377,0.0],[25.737851,45.107075,0.0],[25.738037,45.106885,0.0],[25.738256,45.106651,0.0],[25.73858,45.106276,0.0],[25.739133,45.105697,0.0],[25.739234,45.10559,0.0],[25.739327,45.105498,0.0],[25.739394,45.105472,0.0],[25.739606,45.105415,0.0],[25.739752,45.105377,0.0],[25.73996,45.105331,0.0],[25.74026,45.105252,0.0],[25.740456,45.105203,0.0],[25.740589,45.105174,0.0],[25.740783,45.105134,0.0],[25.740889,45.105104,0.0],[25.741172,45.104946,0.0],[25.741433,45.104803,0.0],[25.741552,45.104741,0.0],[25.741626,45.104688,0.0],[25.741673,45.104599,0.0],[25.741762,45.104391,0.0],[25.741876,45.104127,0.0],[25.741999,45.103848,0.0],[25.742045,45.103734,0.0],[25.742168,45.103612,0.0],[25.742377,45.103445,0.0],[25.742514,45.103328,0.0],[25.742695,45.103196,0.0],[25.742891,45.103054,0.0],[25.743092,45.10291,0.0],[25.743236,45.102816,0.0],[25.743338,45.102735,0.0],[25.743784,45.102419,0.0],[25.743937,45.102315,0.0],[25.744098,45.102203,0.0],[25.744222,45.102113,0.0],[25.744451,45.101936,0.0],[25.744732,45.101715,0.0],[25.744959,45.10153,0.0],[25.745092,45.101397,0.0],[25.745144,45.101334,0.0],[25.745256,45.101176,0.0],[25.74543,45.100897,0.0],[25.745571,45.100671,0.0],[25.745796,45.100261,0.0],[25.745831,45.100204,0.0],[25.74592,45.100059,0.0],[25.746025,45.099889,0.0],[25.746207,45.099608,0.0],[25.746334,45.099396,0.0],[25.746481,45.099129,0.0],[25.74672,45.098727,0.0],[25.746921,45.098411,0.0],[25.74708,45.098162,0.0],[25.747194,45.097977,0.0],[25.747338,45.097762,0.0],[25.747501,45.097536,0.0],[25.747665,45.09733,0.0],[25.74796,45.097016,0.0],[25.748215,45.096795,0.0],[25.748291,45.096707,0.0],[25.748372,45.09657,0.0],[25.748407,45.096521,0.0],[25.748494,45.096263,0.0],[25.748676,45.095804,0.0],[25.748775,45.095576,0.0],[25.74888,45.095267,0.0],[25.748948,45.095035,0.0],[25.748974,45.094955,0.0],[25.749039,45.094779,0.0],[25.749105,45.094615,0.0],[25.749166,45.094419,0.0],[25.749206,45.094187,0.0],[25.749229,45.09393,0.0],[25.749243,45.093597,0.0],[25.749246,45.093267,0.0],[25.749244,45.093147,0.0],[25.749264,45.092891,0.0],[25.749349,45.092657,0.0],[25.749543,45.092258,0.0],[25.749701,45.09192,0.0],[25.74982,45.091652,0.0],[25.749945,45.091295,0.0],[25.750004,45.091083,0.0],[25.750032,45.090956,0.0],[25.75007,45.090814,0.0],[25.750152,45.090526,0.0],[25.750282,45.09009,0.0],[25.750375,45.089811,0.0],[25.750662,45.088827,0.0],[25.750689,45.088746,0.0],[25.750712,45.088681,0.0],[25.750745,45.088625,0.0],[25.750946,45.088396,0.0],[25.751181,45.088269,0.0],[25.751386,45.088145,0.0],[25.751607,45.088014,0.0],[25.751944,45.087824,0.0],[25.752017,45.087782,0.0],[25.75205,45.087763,0.0],[25.752103,45.087741,0.0],[25.752452,45.087547,0.0],[25.752513,45.087508,0.0],[25.753321,45.087168,0.0],[25.75336,45.087155,0.0],[25.753399,45.087141,0.0],[25.753422,45.087133,0.0],[25.753503,45.087114,0.0],[25.753545,45.087123,0.0],[25.754038,45.087484,0.0],[25.754162,45.087573,0.0],[25.754294,45.087671,0.0],[25.754477,45.087797,0.0],[25.754502,45.087814,0.0],[25.754576,45.087852,0.0],[25.754738,45.087863,0.0],[25.755102,45.087812,0.0],[25.755715,45.087726,0.0],[25.756346,45.087623,0.0],[25.756981,45.087532,0.0],[25.75731,45.08749,0.0],[25.75773,45.087421,0.0],[25.758125,45.087341,0.0],[25.758449,45.087285,0.0],[25.758673,45.087247,0.0],[25.758881,45.087205,0.0],[25.759042,45.087161,0.0],[25.759177,45.087109,0.0],[25.759375,45.087019,0.0],[25.75941,45.087,0.0],[25.759428,45.086991,0.0],[25.759446,45.086981,0.0],[25.759461,45.086972,0.0],[25.759478,45.086963,0.0],[25.759659,45.086865,0.0],[25.760017,45.086668,0.0],[25.760477,45.086417,0.0],[25.760883,45.086209,0.0],[25.761381,45.085978,0.0],[25.761945,45.085626,0.0],[25.762617,45.085188,0.0],[25.763163,45.084845,0.0],[25.763777,45.084445,0.0],[25.764137,45.084221,0.0],[25.764794,45.083855,0.0],[25.765382,45.0835,0.0],[25.766036,45.083106,0.0],[25.766578,45.082786,0.0],[25.767416,45.082303,0.0],[25.768133,45.081902,0.0],[25.768611,45.081634,0.0],[25.769189,45.081328,0.0],[25.769641,45.081087,0.0],[25.770039,45.080845,0.0],[25.770491,45.080565,0.0],[25.770895,45.080343,0.0],[25.771512,45.080021,0.0],[25.772002,45.079793,0.0],[25.772313,45.079649,0.0],[25.772672,45.079488,0.0],[25.772753,45.079449,0.0],[25.772784,45.079436,0.0],[25.772915,45.07934,0.0],[25.773034,45.079196,0.0],[25.773074,45.079142,0.0],[25.773098,45.079125,0.0],[25.773122,45.079125,0.0],[25.773245,45.079157,0.0],[25.773644,45.079272,0.0],[25.774088,45.079402,0.0],[25.77454,45.079529,0.0],[25.774886,45.079633,0.0],[25.775199,45.079721,0.0],[25.775167,45.079718,0.0],[25.775204,45.079719,0.0],[25.775238,45.079665,0.0],[25.775271,45.079622,0.0],[25.7753,45.079577,0.0],[25.775534,45.079297,0.0],[25.775689,45.079119,0.0],[25.775977,45.078784,0.0],[25.776381,45.078299,0.0],[25.776723,45.077883,0.0],[25.777025,45.077527,0.0],[25.777322,45.077169,0.0],[25.777592,45.076849,0.0],[25.777675,45.076746,0.0],[25.777973,45.076369,0.0],[25.778276,45.075983,0.0],[25.778602,45.075566,0.0],[25.778982,45.075073,0.0],[25.779301,45.07463,0.0],[25.779632,45.074167,0.0],[25.780063,45.073566,0.0],[25.780509,45.072954,0.0],[25.780922,45.072427,0.0],[25.781305,45.071942,0.0],[25.78173,45.071397,0.0],[25.782118,45.070891,0.0],[25.78251,45.070391,0.0],[25.782978,45.069784,0.0],[25.783334,45.069314,0.0],[25.783595,45.068974,0.0],[25.783979,45.068465,0.0],[25.784359,45.067947,0.0],[25.784735,45.067459,0.0],[25.7851,45.066965,0.0],[25.785547,45.066379,0.0],[25.785934,45.065896,0.0],[25.786259,45.06542,0.0],[25.786525,45.065037,0.0],[25.786807,45.064643,0.0],[25.787102,45.064219,0.0],[25.787355,45.063842,0.0],[25.787711,45.063323,0.0],[25.787997,45.062912,0.0],[25.788285,45.062501,0.0],[25.788568,45.062098,0.0],[25.788947,45.061548,0.0],[25.789266,45.061089,0.0],[25.789629,45.060575,0.0],[25.789685,45.060489,0.0],[25.789911,45.060161,0.0],[25.790184,45.059774,0.0],[25.790456,45.059394,0.0],[25.790738,45.059,0.0],[25.791035,45.058589,0.0],[25.791314,45.058201,0.0],[25.791636,45.057759,0.0],[25.79191,45.057387,0.0],[25.792186,45.057016,0.0],[25.792471,45.056622,0.0],[25.792878,45.056074,0.0],[25.793159,45.055704,0.0],[25.793384,45.055395,0.0],[25.793652,45.055026,0.0],[25.793969,45.05459,0.0],[25.794257,45.054197,0.0],[25.794601,45.053642,0.0],[25.794792,45.053304,0.0],[25.795052,45.052865,0.0],[25.795333,45.052385,0.0],[25.795585,45.051958,0.0],[25.795954,45.051326,0.0],[25.796148,45.050988,0.0],[25.796222,45.050855,0.0],[25.796271,45.050795,0.0],[25.796328,45.050759,0.0],[25.79635,45.050745,0.0],[25.7964,45.050712,0.0],[25.796433,45.050688,0.0],[25.796464,45.050671,0.0],[25.79649,45.050651,0.0],[25.79653,45.050631,0.0],[25.797084,45.050229,0.0],[25.797424,45.049979,0.0],[25.797674,45.049802,0.0],[25.79807,45.04952,0.0],[25.798359,45.049313,0.0],[25.798756,45.049027,0.0],[25.799044,45.048822,0.0],[25.799356,45.0486,0.0],[25.799679,45.04837,0.0],[25.800036,45.048103,0.0],[25.800446,45.047815,0.0],[25.800879,45.047503,0.0],[25.801308,45.047196,0.0],[25.801619,45.046976,0.0],[25.80206,45.046653,0.0],[25.802638,45.046233,0.0],[25.802973,45.045992,0.0],[25.803301,45.045758,0.0],[25.803721,45.045461,0.0],[25.803906,45.04533,0.0],[25.804276,45.045063,0.0],[25.804641,45.044798,0.0],[25.804979,45.04456,0.0],[25.805227,45.044387,0.0],[25.805537,45.044164,0.0],[25.805732,45.044026,0.0],[25.80575,45.043999,0.0],[25.805713,45.043964,0.0],[25.805474,45.043855,0.0],[25.805159,45.043713,0.0],[25.804907,45.043604,0.0],[25.804572,45.043456,0.0],[25.804305,45.04333,0.0],[25.803933,45.043157,0.0],[25.803749,45.043075,0.0],[25.803731,45.043066,0.0],[25.803598,45.043005,0.0],[25.803412,45.042919,0.0],[25.803381,45.042902,0.0],[25.80319,45.042816,0.0],[25.80304,45.042746,0.0],[25.803005,45.042732,0.0],[25.802989,45.042722,0.0],[25.802997,45.042692,0.0],[25.803031,45.042643,0.0],[25.80307,45.042604,0.0],[25.803146,45.042525,0.0],[25.803413,45.042251,0.0],[25.803679,45.041982,0.0],[25.803933,45.041725,0.0],[25.804124,45.041535,0.0],[25.804345,45.041306,0.0],[25.804541,45.041104,0.0],[25.804765,45.040878,0.0],[25.804889,45.04076,0.0],[25.804961,45.040684,0.0],[25.805003,45.040643,0.0],[25.805031,45.040612,0.0],[25.805058,45.040583,0.0],[25.805125,45.040517,0.0],[25.805167,45.040475,0.0],[25.80526,45.040382,0.0],[25.805451,45.040186,0.0],[25.805675,45.039964,0.0],[25.805917,45.039715,0.0],[25.806112,45.039528,0.0],[25.806333,45.039303,0.0],[25.806553,45.039079,0.0],[25.806583,45.039048,0.0],[25.80679,45.038834,0.0],[25.807011,45.03861,0.0],[25.807225,45.038397,0.0],[25.807342,45.038277,0.0],[25.80754,45.038073,0.0],[25.807751,45.037858,0.0],[25.807953,45.037652,0.0],[25.808192,45.037402,0.0],[25.808355,45.037236,0.0],[25.808454,45.037124,0.0],[25.808471,45.037104,0.0],[25.808526,45.037047,0.0],[25.80855,45.037023,0.0],[25.808677,45.0369,0.0],[25.808828,45.036731,0.0],[25.80902,45.036511,0.0],[25.809201,45.036299,0.0],[25.80938,45.036093,0.0],[25.809557,45.035888,0.0],[25.809742,45.035674,0.0],[25.809836,45.035558,0.0],[25.81012,45.035225,0.0],[25.810326,45.03497,0.0],[25.810553,45.034703,0.0],[25.810733,45.034484,0.0],[25.810952,45.034218,0.0],[25.811166,45.033965,0.0],[25.811369,45.033724,0.0],[25.811576,45.033478,0.0],[25.811766,45.03323,0.0],[25.811969,45.033001,0.0],[25.812308,45.032607,0.0],[25.812439,45.032452,0.0],[25.812497,45.032382,0.0],[25.812565,45.032307,0.0],[25.812581,45.032305,0.0],[25.812611,45.032307,0.0],[25.81279,45.032361,0.0],[25.813025,45.032431,0.0],[25.813305,45.032511,0.0],[25.813596,45.032591,0.0],[25.813727,45.032624,0.0],[25.813781,45.032643,0.0],[25.813789,45.032644,0.0],[25.8138,45.032639,0.0],[25.813824,45.032627,0.0],[25.813921,45.032551,0.0],[25.814021,45.032468,0.0],[25.814246,45.032291,0.0],[25.814317,45.032235,0.0],[25.814346,45.032218,0.0],[25.814666,45.031977,0.0],[25.814993,45.031738,0.0],[25.81531,45.031506,0.0],[25.81568,45.031226,0.0],[25.816,45.031003,0.0],[25.816436,45.030697,0.0],[25.816858,45.030396,0.0],[25.81719,45.030157,0.0],[25.817416,45.029994,0.0],[25.817634,45.029795,0.0],[25.817663,45.029766,0.0],[25.817678,45.029749,0.0],[25.817736,45.029678,0.0],[25.817894,45.029494,0.0],[25.818073,45.029306,0.0],[25.818291,45.029065,0.0],[25.81854,45.028785,0.0],[25.818798,45.028504,0.0],[25.819129,45.02816,0.0],[25.81938,45.027872,0.0],[25.819555,45.02767,0.0],[25.819789,45.027382,0.0],[25.820034,45.027094,0.0],[25.820211,45.026889,0.0],[25.820377,45.026701,0.0],[25.820616,45.026416,0.0],[25.820822,45.026169,0.0],[25.821001,45.025963,0.0],[25.821178,45.025757,0.0],[25.821377,45.025514,0.0],[25.821568,45.025291,0.0],[25.821768,45.025044,0.0],[25.821976,45.024777,0.0],[25.82218,45.02452,0.0],[25.822363,45.024285,0.0],[25.822574,45.024001,0.0],[25.822731,45.023801,0.0],[25.822932,45.023557,0.0],[25.823134,45.02331,0.0],[25.823336,45.02307,0.0],[25.823544,45.02283,0.0],[25.823721,45.022628,0.0],[25.823809,45.022519,0.0],[25.82386,45.022469,0.0],[25.823881,45.022446,0.0],[25.823923,45.022403,0.0],[25.823937,45.022377,0.0],[25.823937,45.022368,0.0],[25.823924,45.022358,0.0],[25.823841,45.022293,0.0],[25.823784,45.022247,0.0],[25.823728,45.022204,0.0],[25.823672,45.022159,0.0],[25.823587,45.022091,0.0],[25.823463,45.021985,0.0],[25.823354,45.021904,0.0],[25.823305,45.021866,0.0],[25.823156,45.021933,0.0],[25.822808,45.021808,0.0],[25.822684,45.021764,0.0],[25.822674,45.021761,0.0],[25.822561,45.021722,0.0],[25.822532,45.021712,0.0],[25.822478,45.021693,0.0],[25.821762,45.021475,0.0],[25.820561,45.021138,0.0],[25.820056,45.021023,0.0],[25.819069,45.020768,0.0],[25.8183,45.02058,0.0],[25.817412,45.020356,0.0],[25.816626,45.020175,0.0],[25.815871,45.019961,0.0],[25.814634,45.019592,0.0],[25.813878,45.019402,0.0],[25.812843,45.01915,0.0],[25.811749,45.018822,0.0],[25.810617,45.018526,0.0],[25.810193,45.018433,0.0],[25.809704,45.018326,0.0],[25.809168,45.018189,0.0],[25.808285,45.017939,0.0],[25.807671,45.017777,0.0],[25.80752,45.017743,0.0],[25.80734,45.017695,0.0],[25.807177,45.017636,0.0],[25.807118,45.017527,0.0],[25.807116,45.017378,0.0],[25.807208,45.017177,0.0],[25.807419,45.016684,0.0],[25.807634,45.016051,0.0],[25.807939,45.01513,0.0],[25.808084,45.014614,0.0],[25.808254,45.014017,0.0],[25.808484,45.013361,0.0],[25.808559,45.013181,0.0],[25.808594,45.013076,0.0],[25.808651,45.012869,0.0],[25.808828,45.012416,0.0],[25.809011,45.011959,0.0],[25.80925,45.01119,0.0],[25.809568,45.010275,0.0],[25.809627,45.010106,0.0],[25.809638,45.010075,0.0],[25.809656,45.010017,0.0],[25.809804,45.00953,0.0],[25.810066,45.008654,0.0],[25.810158,45.008368,0.0],[25.810324,45.007791,0.0],[25.810494,45.007209,0.0],[25.810664,45.006677,0.0],[25.810831,45.006108,0.0],[25.811005,45.005582,0.0],[25.811279,45.004766,0.0],[25.811486,45.004086,0.0],[25.811762,45.003181,0.0],[25.811915,45.002623,0.0],[25.812136,45.001916,0.0],[25.812375,45.001054,0.0],[25.81264,45.000148,0.0],[25.812933,44.999255,0.0],[25.813204,44.998417,0.0],[25.813326,44.997974,0.0],[25.813608,44.996978,0.0],[25.813768,44.996507,0.0],[25.814067,44.995575,0.0],[25.81425,44.995006,0.0],[25.814426,44.99444,0.0],[25.814622,44.99379,0.0],[25.814863,44.993102,0.0],[25.815106,44.992422,0.0],[25.815404,44.991605,0.0],[25.815736,44.990608,0.0],[25.815906,44.990147,0.0],[25.816194,44.989326,0.0],[25.816535,44.988293,0.0],[25.816863,44.987291,0.0],[25.817295,44.985995,0.0],[25.817526,44.985322,0.0],[25.817736,44.984847,0.0],[25.817993,44.984182,0.0],[25.818249,44.983474,0.0],[25.818456,44.98284,0.0],[25.818715,44.98207,0.0],[25.819038,44.981167,0.0],[25.819093,44.981018,0.0],[25.819104,44.980987,0.0],[25.819132,44.98089,0.0],[25.819186,44.980698,0.0],[25.819301,44.980292,0.0],[25.819501,44.979746,0.0],[25.819674,44.97931,0.0],[25.819834,44.978883,0.0],[25.819964,44.978552,0.0],[25.820078,44.978134,0.0],[25.820173,44.977796,0.0],[25.82041,44.976924,0.0],[25.820412,44.976914,0.0],[25.820421,44.976882,0.0]]],"type":"MultiLineString"},"properties":{"tip_retea":"Gaze","stare":"Existent","operator":"Transgaz","adancime":null,"detalii":"Conductă transport - E.T. București","_s":{"f":"#232323","fo":0.0,"s":"#232323","so":1.0,"w":3.78,"r":5.0,"cap":"square","join":"bevel","ml":true},"_c":3}},{"type":"Feature","geometry":{"coordinates":[[[25.834938,44.956931,0.0],[25.834958,44.956919,0.0],[25.83503,44.95691,0.0],[25.835431,44.956864,0.0],[25.835504,44.956854,0.0],[25.835593,44.956841,0.0],[25.835625,44.956837,0.0],[25.836448,44.956706,0.0],[25.836937,44.956641,0.0],[25.838109,44.956461,0.0],[25.839162,44.956308,0.0],[25.840322,44.956133,0.0],[25.841069,44.956025,0.0],[25.842729,44.95577,0.0],[25.843591,44.955642,0.0],[25.844458,44.955521,0.0],[25.84453,44.955522,0.0],[25.844549,44.955522,0.0],[25.844563,44.955522,0.0],[25.844598,44.955522,0.0],[25.845876,44.955513,0.0],[25.847416,44.955471,0.0],[25.848514,44.955426,0.0],[25.849254,44.955432,0.0],[25.85174,44.95542,0.0],[25.85261,44.955419,0.0],[25.853533,44.955413,0.0],[25.85445,44.955399,0.0],[25.856547,44.955404,0.0],[25.8591,44.955383,0.0],[25.85981,44.955379,0.0],[25.861388,44.955388,0.0],[25.862631,44.955382,0.0],[25.864055,44.955392,0.0],[25.865231,44.955396,0.0],[25.865636,44.955398,0.0],[25.866234,44.955404,0.0],[25.867412,44.955412,0.0],[25.868645,44.955428,0.0],[25.869686,44.955432,0.0],[25.872253,44.95546,0.0],[25.874005,44.95549,0.0],[25.876317,44.955509,0.0],[25.878271,44.95552,0.0],[25.878975,44.955536,0.0],[25.880497,44.955536,0.0],[25.884115,44.955573,0.0],[25.885548,44.955568,0.0],[25.887106,44.955589,0.0],[25.888876,44.955606,0.0],[25.892024,44.955653,0.0],[25.894613,44.955698,0.0],[25.895165,44.955703,0.0]]],"type":"MultiLineString"},"properties":{"tip_retea":"Gaze","stare":"Existent","operator":"Transgaz","adancime":null,"detalii":"Conductă transport - E.T. București","_s":{"f":"#232323","fo":0.0,"s":"#232323","so":1.0,"w":3.78,"r":5.0,"cap":"square","join":"bevel","ml":true},"_c":3}},{"type":"Feature","geometry":{"coordinates":[[[26.019929,45.000745,0.0],[26.019985,45.000857,0.0],[26.020296,45.001491,0.0],[26.020526,45.001973,0.0],[26.020762,45.002432,0.0],[26.020801,45.00251,0.0],[26.0209,45.002735,0.0],[26.021141,45.003277,0.0],[26.021518,45.004165,0.0],[26.021773,45.004796,0.0],[26.02203,45.005437,0.0],[26.022152,45.005755,0.0],[26.022121,45.005784,0.0],[26.022097,45.005806,0.0],[26.021714,45.005755,0.0],[26.021098,45.005672,0.0],[26.021067,45.005789,0.0],[26.020761,45.006294,0.0],[26.020444,45.006746,0.0],[26.020201,45.006988,0.0],[26.019844,45.007484,0.0],[26.019615,45.007863,0.0],[26.019318,45.008455,0.0],[26.019203,45.009283,0.0],[26.019184,45.009832,0.0],[26.019181,45.010646,0.0],[26.01917,45.011248,0.0],[26.019169,45.011617,0.0]]],"type":"MultiLineString"},"properties":{"tip_retea":"Gaze","stare":"Existent","operator":"Transgaz","adancime":null,"detalii":"Conductă transport - E.T. București","_s":{"f":"#232323","fo":0.0,"s":"#232323","so":1.0,"w":3.78,"r":5.0,"cap":"square","join":"bevel","ml":true},"_c":3}},{"type":"Feature","geometry":{"coordinates":[[[25.996076,44.882628,0.0],[25.996029,44.882646,0.0],[25.996005,44.88267,0.0],[25.996043,44.882781,0.0],[25.996049,44.882794,0.0],[25.996093,44.882899,0.0],[25.996362,44.883572,0.0],[25.997086,44.885296,0.0],[25.997103,44.88534,0.0],[25.99736,44.88597,0.0],[25.997781,44.887054,0.0],[25.998084,44.887858,0.0],[25.998147,44.888054,0.0],[25.998165,44.888117,0.0]]],"type":"MultiLineString"},"properties":{"tip_retea":"Gaze","stare":"Existent","operator":"Transgaz","adancime":null,"detalii":"Conductă transport - E.T. București","_s":{"f":"#232323","fo":0.0,"s":"#232323","so":1.0,"w":3.78,"r":5.0,"cap":"square","join":"bevel","ml":true},"_c":3}},{"type":"Feature","geometry":{"coordinates":[[[25.998165,44.888117,0.0],[25.998165,44.888117,0.0],[25.998405,44.88826,0.0]]],"type":"MultiLineString"},"properties":{"tip_retea":"Gaze","stare":"Existent","operator":"Transgaz","adancime":null,"detalii":"Conductă transport - E.T. București","_s":{"f":"#232323","fo":0.0,"s":"#232323","so":1.0,"w":3.78,"r":5.0,"cap":"square","join":"bevel","ml":true},"_c":3}},{"type":"Feature","geometry":{"coordinates":[[[25.998405,44.88826,0.0],[25.998416,44.888304,0.0],[25.998596,44.88904,0.0],[25.998615,44.889108,0.0],[25.998725,44.889499,0.0],[25.998893,44.890036,0.0],[25.999037,44.890539,0.0],[25.999125,44.890864,0.0],[25.999146,44.890944,0.0],[25.999243,44.891287,0.0],[25.999302,44.891509,0.0],[25.999396,44.89193,0.0],[25.999369,44.892191,0.0],[25.999368,44.892247,0.0],[25.999365,44.892364,0.0],[25.999412,44.892383,0.0],[25.999572,44.89244,0.0],[25.999592,44.892527,0.0],[25.999786,44.893316,0.0],[25.999857,44.893568,0.0],[26.000041,44.894169,0.0],[26.00018,44.894724,0.0],[26.000259,44.89499,0.0],[26.000891,44.894947,0.0],[26.001044,44.894934,0.0],[26.001876,44.894859,0.0],[26.002327,44.894828,0.0],[26.002526,44.894813,0.0],[26.002959,44.894773,0.0],[26.00346,44.89472,0.0],[26.00389,44.894694,0.0],[26.004169,44.894684,0.0],[26.004406,44.894491,0.0],[26.00497,44.894055,0.0],[26.005521,44.893611,0.0],[26.005644,44.893514,0.0],[26.005707,44.893465,0.0],[26.006504,44.893045,0.0],[26.007173,44.892705,0.0],[26.007268,44.892651,0.0],[26.007491,44.892376,0.0],[26.008041,44.891755,0.0],[26.008542,44.891147,0.0],[26.00905,44.890566,0.0],[26.010131,44.889345,0.0],[26.01066,44.888743,0.0],[26.011501,44.887843,0.0],[26.012203,44.887079,0.0],[26.012805,44.88641,0.0],[26.012938,44.886282,0.0],[26.013409,44.88575,0.0],[26.013539,44.885583,0.0],[26.013582,44.885528,0.0],[26.013746,44.885479,0.0],[26.014256,44.885327,0.0],[26.014301,44.885314,0.0],[26.014317,44.885309,0.0],[26.014327,44.885307,0.0],[26.01434,44.885303,0.0],[26.014404,44.885284,0.0],[26.014669,44.885242,0.0],[26.014767,44.885244,0.0],[26.014842,44.885267,0.0],[26.01489,44.885304,0.0],[26.015052,44.885433,0.0],[26.015126,44.885497,0.0],[26.015136,44.885539,0.0],[26.015147,44.885587,0.0],[26.015149,44.885732,0.0],[26.015912,44.885908,0.0],[26.015912,44.885907,0.0],[26.016889,44.886135,0.0],[26.016968,44.886189,0.0],[26.017124,44.886228,0.0],[26.018109,44.886449,0.0],[26.018302,44.886493,0.0],[26.018363,44.886457,0.0],[26.018936,44.885958,0.0],[26.01932,44.885619,0.0],[26.019502,44.885446,0.0],[26.019747,44.885162,0.0],[26.019811,44.885075,0.0],[26.019836,44.885041,0.0],[26.019842,44.885026,0.0],[26.019848,44.885013,0.0],[26.019854,44.884999,0.0],[26.01986,44.884985,0.0],[26.019891,44.884914,0.0],[26.02001,44.884932,0.0]]],"type":"MultiLineString"},"properties":{"tip_retea":"Gaze","stare":"Existent","operator":"Transgaz","adancime":null,"detalii":"Conductă transport - E.T. București","_s":{"f":"#232323","fo":0.0,"s":"#232323","so":1.0,"w":3.78,"r":5.0,"cap":"square","join":"bevel","ml":true},"_c":3}},{"type":"Feature","geometry":{"coordinates":[[[26.02001,44.884932,0.0],[26.02119,44.885108,0.0]]],"type":"MultiLineString"},"properties":{"tip_retea":"Gaze","stare":"Existent","operator":"Transgaz","adancime":null,"detalii":"Conductă transport - E.T. București","_s":{"f":"#232323","fo":0.0,"s":"#232323","so":1.0,"w":3.78,"r":5.0,"cap":"square","join":"bevel","ml":true},"_c":3}},{"type":"Feature","geometry":{"coordinates":[[[26.02119,44.885108,0.0],[26.02129,44.885124,0.0],[26.021358,44.885136,0.0],[26.021762,44.885207,0.0],[26.021948,44.885239,0.0],[26.021949,44.885414,0.0],[26.021956,44.885741,0.0],[26.021999,44.886353,0.0],[26.022003,44.8864,0.0],[26.022254,44.887963,0.0],[26.022272,44.888059,0.0],[26.022317,44.888144,0.0],[26.022324,44.888156,0.0],[26.022873,44.889412,0.0],[26.023386,44.890664,0.0],[26.023853,44.891752,0.0],[26.023938,44.891935,0.0],[26.024385,44.893064,0.0],[26.024878,44.8941,0.0],[26.025191,44.894878,0.0],[26.025575,44.8958,0.0],[26.025976,44.896775,0.0],[26.026239,44.897518,0.0],[26.026333,44.897575,0.0],[26.026406,44.897775,0.0],[26.026432,44.897883,0.0],[26.026578,44.898502,0.0],[26.026715,44.898838,0.0],[26.026846,44.89901,0.0],[26.026926,44.899133,0.0],[26.02701,44.899279,0.0],[26.027015,44.899306,0.0],[26.027113,44.899561,0.0],[26.027159,44.899686,0.0],[26.027202,44.899803,0.0],[26.027221,44.899852,0.0],[26.027265,44.899971,0.0],[26.027289,44.900054,0.0],[26.027367,44.900162,0.0],[26.027503,44.900236,0.0],[26.027681,44.900336,0.0],[26.027937,44.900479,0.0],[26.028142,44.9006,0.0],[26.028231,44.900649,0.0],[26.028353,44.900765,0.0],[26.028507,44.900932,0.0],[26.028678,44.901119,0.0],[26.028958,44.901265,0.0],[26.029188,44.901288,0.0],[26.029247,44.901299,0.0],[26.029291,44.901306,0.0],[26.029335,44.901309,0.0],[26.029393,44.90131,0.0],[26.029721,44.901363,0.0],[26.029803,44.901374,0.0],[26.029856,44.90134,0.0],[26.029916,44.901245,0.0],[26.029966,44.901201,0.0],[26.029987,44.901201,0.0],[26.030035,44.901214,0.0],[26.03025,44.901263,0.0],[26.030671,44.901381,0.0],[26.031262,44.90156,0.0],[26.031754,44.901726,0.0],[26.032114,44.901847,0.0],[26.032455,44.901954,0.0],[26.032985,44.902106,0.0],[26.033559,44.902245,0.0],[26.034143,44.902408,0.0],[26.034369,44.902473,0.0],[26.034428,44.902495,0.0],[26.034451,44.902529,0.0],[26.034449,44.902542,0.0],[26.034418,44.902625,0.0],[26.03438,44.902722,0.0],[26.034335,44.902849,0.0],[26.034295,44.902943,0.0],[26.034263,44.903021,0.0],[26.034245,44.903084,0.0],[26.034273,44.903113,0.0],[26.034357,44.90317,0.0],[26.034639,44.903361,0.0],[26.034858,44.903505,0.0],[26.035223,44.903763,0.0],[26.035469,44.903943,0.0],[26.035845,44.904204,0.0],[26.036402,44.904611,0.0],[26.036472,44.904672,0.0],[26.037075,44.905092,0.0],[26.037356,44.905299,0.0],[26.037592,44.905472,0.0],[26.037846,44.905661,0.0],[26.038184,44.905903,0.0],[26.038367,44.906028,0.0],[26.03843,44.906086,0.0],[26.038488,44.906161,0.0],[26.038502,44.906205,0.0],[26.038508,44.906303,0.0],[26.038511,44.906407,0.0],[26.038502,44.906496,0.0],[26.038496,44.90655,0.0],[26.038509,44.90656,0.0],[26.038532,44.906568,0.0],[26.038585,44.906582,0.0],[26.038659,44.906599,0.0],[26.03874,44.906612,0.0],[26.038923,44.906639,0.0],[26.038926,44.90664,0.0]]],"type":"MultiLineString"},"properties":{"tip_retea":"Gaze","stare":"Existent","operator":"Transgaz","adancime":null,"detalii":"Conductă transport - E.T. București","_s":{"f":"#232323","fo":0.0,"s":"#232323","so":1.0,"w":3.78,"r":5.0,"cap":"square","join":"bevel","ml":true},"_c":3}},{"type":"Feature","geometry":{"coordinates":[[[26.061927,44.925666,0.0],[26.062016,44.925835,0.0],[26.062064,44.925932,0.0],[26.062208,44.926308,0.0],[26.062266,44.926354,0.0],[26.062459,44.926412,0.0],[26.063147,44.926596,0.0],[26.063306,44.926635,0.0],[26.064229,44.926916,0.0],[26.064645,44.927035,0.0],[26.065116,44.927171,0.0],[26.066427,44.927482,0.0],[26.067202,44.927644,0.0],[26.067624,44.927749,0.0],[26.067733,44.927768,0.0],[26.067755,44.927771,0.0],[26.068005,44.927814,0.0],[26.068146,44.92783,0.0],[26.069108,44.927952,0.0],[26.071025,44.928114,0.0],[26.072407,44.928205,0.0],[26.07491,44.928321,0.0],[26.07594,44.928355,0.0],[26.076339,44.928369,0.0],[26.076807,44.928398,0.0],[26.07706,44.928419,0.0],[26.077105,44.928426,0.0],[26.077782,44.9286,0.0],[26.07937,44.92897,0.0],[26.080709,44.9293,0.0],[26.082542,44.92974,0.0],[26.084656,44.930253,0.0],[26.087603,44.93091,0.0],[26.088692,44.931166,0.0],[26.090661,44.931612,0.0],[26.091381,44.931793,0.0],[26.09354,44.932299,0.0],[26.095836,44.932836,0.0],[26.097298,44.933175,0.0],[26.100136,44.933828,0.0],[26.100542,44.933925,0.0],[26.100663,44.933952,0.0],[26.100774,44.933975,0.0],[26.103244,44.934535,0.0],[26.103522,44.934593,0.0],[26.103624,44.934621,0.0],[26.106705,44.935661,0.0],[26.106841,44.935701,0.0],[26.109028,44.936348,0.0],[26.110736,44.936879,0.0],[26.111879,44.937217,0.0],[26.111916,44.937231,0.0],[26.111923,44.937261,0.0],[26.11194,44.937277,0.0],[26.112013,44.937303,0.0],[26.112053,44.937317,0.0],[26.113502,44.93773,0.0],[26.114771,44.938129,0.0],[26.114952,44.938217,0.0],[26.115033,44.938258,0.0],[26.115109,44.938294,0.0],[26.115528,44.938463,0.0],[26.118175,44.939695,0.0],[26.120005,44.940524,0.0],[26.120382,44.940694,0.0],[26.120969,44.941021,0.0],[26.12113,44.94112,0.0],[26.122147,44.941666,0.0],[26.122698,44.941911,0.0],[26.12297,44.942036,0.0],[26.123015,44.942059,0.0],[26.123024,44.942086,0.0],[26.123104,44.94232,0.0],[26.123135,44.942436,0.0],[26.123139,44.942452,0.0],[26.123145,44.942471,0.0],[26.123158,44.942522,0.0],[26.1232,44.943003,0.0],[26.123225,44.943407,0.0],[26.123286,44.943537,0.0],[26.123297,44.94356,0.0]]],"type":"MultiLineString"},"properties":{"tip_retea":"Gaze","stare":"Existent","operator":"Transgaz","adancime":null,"detalii":"Conductă transport - E.T. București","_s":{"f":"#232323","fo":0.0,"s":"#232323","so":1.0,"w":3.78,"r":5.0,"cap":"square","join":"bevel","ml":true},"_c":3}},{"type":"Feature","geometry":{"coordinates":[[[26.015181,44.979834,0.0],[26.015182,44.979829,0.0],[26.015184,44.97982,0.0],[26.015187,44.979811,0.0],[26.015213,44.979713,0.0],[26.015246,44.979588,0.0],[26.015467,44.978702,0.0],[26.015859,44.977026,0.0],[26.01617,44.975741,0.0],[26.016254,44.975314,0.0],[26.016613,44.97385,0.0],[26.016886,44.972819,0.0],[26.016885,44.972818,0.0],[26.017384,44.970746,0.0],[26.017742,44.96915,0.0],[26.017673,44.967825,0.0],[26.017628,44.967288,0.0]]],"type":"MultiLineString"},"properties":{"tip_retea":"Gaze","stare":"Existent","operator":"Transgaz","adancime":null,"detalii":"Conductă transport - E.T. București","_s":{"f":"#232323","fo":0.0,"s":"#232323","so":1.0,"w":3.78,"r":5.0,"cap":"square","join":"bevel","ml":true},"_c":3}},{"type":"Feature","geometry":{"coordinates":[[[25.884836,44.809626,0.0],[25.885018,44.809674,0.0],[25.88556,44.809862,0.0],[25.885628,44.809894,0.0],[25.88593,44.810023,0.0],[25.885995,44.81007,0.0],[25.886077,44.810148,0.0],[25.887468,44.811212,0.0],[25.887481,44.811221,0.0],[25.888782,44.812102,0.0],[25.891943,44.813956,0.0],[25.893552,44.814855,0.0],[25.894084,44.815117,0.0],[25.896676,44.81657,0.0],[25.898728,44.817604,0.0],[25.898808,44.817644,0.0],[25.899,44.817741,0.0],[25.900098,44.818249,0.0],[25.901071,44.818673,0.0],[25.901838,44.819042,0.0],[25.904017,44.820143,0.0],[25.904062,44.820165,0.0],[25.904286,44.820281,0.0],[25.904282,44.820286,0.0],[25.903955,44.82054,0.0],[25.903207,44.821023,0.0],[25.901712,44.821912,0.0],[25.90096,44.822357,0.0],[25.899608,44.823156,0.0],[25.899253,44.823365,0.0],[25.899216,44.823443,0.0],[25.899186,44.823513,0.0],[25.899185,44.823517,0.0],[25.89987,44.82486,0.0],[25.900466,44.826005,0.0],[25.900575,44.826141,0.0],[25.902187,44.827384,0.0],[25.902219,44.827406,0.0],[25.903226,44.828207,0.0],[25.903768,44.828626,0.0],[25.903879,44.828712,0.0],[25.903992,44.828799,0.0],[25.904031,44.828908,0.0],[25.904236,44.829683,0.0],[25.904299,44.829825,0.0],[25.904415,44.829963,0.0],[25.906031,44.831137,0.0],[25.908006,44.832431,0.0],[25.908013,44.832437,0.0],[25.909379,44.833436,0.0],[25.909449,44.833521,0.0],[25.910081,44.834144,0.0],[25.910125,44.834191,0.0],[25.910526,44.834687,0.0],[25.911997,44.835688,0.0],[25.912007,44.835695,0.0],[25.912035,44.835714,0.0],[25.912131,44.835779,0.0],[25.912172,44.835807,0.0],[25.914552,44.837462,0.0],[25.916501,44.838854,0.0],[25.917398,44.839475,0.0],[25.91808,44.839941,0.0],[25.918108,44.839958,0.0],[25.922354,44.842865,0.0],[25.922363,44.842873,0.0],[25.923695,44.843856,0.0],[25.923821,44.84395,0.0],[25.923866,44.844086,0.0],[25.923952,44.844348,0.0],[25.923975,44.84442,0.0],[25.924358,44.845851,0.0],[25.924742,44.847308,0.0],[25.924809,44.847603,0.0]]],"type":"MultiLineString"},"properties":{"tip_retea":"Gaze","stare":"Existent","operator":"Transgaz","adancime":null,"detalii":"Conductă transport - E.T. București","_s":{"f":"#232323","fo":0.0,"s":"#232323","so":1.0,"w":3.78,"r":5.0,"cap":"square","join":"bevel","ml":true},"_c":3}},{"type":"Feature","geometry":{"coordinates":[[[25.935842,44.856979,0.0],[25.937164,44.858106,0.0],[25.938305,44.859057,0.0],[25.938313,44.859064,0.0],[25.940049,44.86052,0.0],[25.94099,44.861331,0.0],[25.940994,44.861334,0.0],[25.941819,44.862029,0.0],[25.941871,44.862047,0.0],[25.941877,44.862118,0.0],[25.943038,44.863099,0.0],[25.94304,44.863102,0.0],[25.94534,44.865114,0.0],[25.945342,44.865116,0.0],[25.946498,44.866112,0.0],[25.947741,44.867186,0.0],[25.948416,44.867771,0.0],[25.949705,44.868886,0.0],[25.950617,44.869675,0.0],[25.951086,44.870082,0.0],[25.951139,44.870127,0.0],[25.951328,44.870435,0.0],[25.951328,44.870436,0.0],[25.952723,44.872564,0.0],[25.952718,44.87263,0.0],[25.952695,44.872907,0.0],[25.952694,44.872916,0.0],[25.952756,44.872986,0.0],[25.952807,44.873041,0.0],[25.95285,44.873086,0.0],[25.95306,44.873298,0.0],[25.953954,44.874196,0.0],[25.955133,44.875297,0.0],[25.955215,44.875393,0.0],[25.955312,44.875382,0.0],[25.956766,44.875113,0.0],[25.959079,44.8747,0.0],[25.960633,44.874363,0.0],[25.962062,44.874077,0.0],[25.963553,44.87378,0.0],[25.965777,44.873529,0.0],[25.965956,44.873506,0.0],[25.966021,44.873539,0.0],[25.96609,44.873659,0.0],[25.966673,44.874518,0.0],[25.96729,44.875349,0.0],[25.967817,44.876362,0.0],[25.968503,44.877433,0.0],[25.968681,44.877724,0.0],[25.968815,44.877943,0.0],[25.968782,44.877993,0.0],[25.968674,44.878156,0.0],[25.968571,44.878312,0.0],[25.968567,44.878347,0.0],[25.968562,44.878393,0.0],[25.968557,44.878436,0.0],[25.968576,44.878441,0.0],[25.968987,44.878567,0.0],[25.970221,44.878943,0.0],[25.971587,44.87937,0.0],[25.971628,44.879383,0.0],[25.972265,44.87967,0.0],[25.973214,44.880098,0.0],[25.974244,44.880566,0.0],[25.975109,44.880969,0.0],[25.975786,44.881284,0.0],[25.976304,44.881467,0.0],[25.9773,44.881791,0.0],[25.978344,44.882138,0.0],[25.980207,44.882738,0.0],[25.980899,44.882963,0.0],[25.980909,44.882967,0.0],[25.981011,44.883001,0.0],[25.981071,44.883018,0.0],[25.981137,44.883044,0.0],[25.981516,44.883162,0.0],[25.982089,44.883506,0.0],[25.98236,44.883684,0.0],[25.982677,44.883884,0.0],[25.983663,44.884518,0.0],[25.983756,44.884578,0.0],[25.983777,44.884592,0.0],[25.983795,44.884604,0.0],[25.983838,44.884632,0.0],[25.984203,44.884836,0.0],[25.984252,44.884877,0.0],[25.984355,44.884831,0.0],[25.985479,44.884099,0.0],[25.985643,44.883988,0.0],[25.985646,44.883987,0.0],[25.986378,44.883719,0.0],[25.987407,44.883344,0.0],[25.988952,44.88278,0.0],[25.989012,44.882758,0.0],[25.989267,44.882665,0.0],[25.990934,44.882057,0.0],[25.993533,44.881108,0.0],[25.99355,44.881103,0.0],[25.993674,44.88111,0.0],[25.993961,44.881026,0.0],[25.994225,44.88094,0.0],[25.994447,44.88085,0.0],[25.994531,44.880814,0.0],[25.994771,44.880698,0.0],[25.99484,44.880671,0.0],[25.996435,44.880001,0.0],[25.996472,44.879985,0.0],[25.997859,44.879383,0.0]]],"type":"MultiLineString"},"properties":{"tip_retea":"Gaze","stare":"Existent","operator":"Transgaz","adancime":null,"detalii":"Conductă transport - E.T. București","_s":{"f":"#232323","fo":0.0,"s":"#232323","so":1.0,"w":3.78,"r":5.0,"cap":"square","join":"bevel","ml":true},"_c":3}},{"type":"Feature","geometry":{"coordinates":[[[26.017831,44.966928,0.0],[26.01819,44.966969,0.0],[26.018333,44.967134,0.0],[26.018431,44.967354,0.0],[26.018559,44.967574,0.0],[26.018641,44.967773,0.0],[26.018969,44.967792,0.0],[26.019297,44.967811,0.0],[26.019468,44.96781,0.0],[26.019796,44.967818,0.0],[26.020123,44.967815,0.0],[26.020513,44.967811,0.0],[26.021012,44.967796,0.0],[26.021417,44.96777,0.0],[26.02157,44.967613,0.0],[26.022223,44.967475,0.0],[26.022813,44.967359,0.0],[26.023637,44.967208,0.0],[26.024181,44.967103,0.0],[26.024399,44.967112,0.0],[26.024466,44.967007,0.0],[26.024939,44.966405,0.0],[26.025319,44.96586,0.0],[26.025639,44.965469,0.0],[26.025792,44.965291,0.0],[26.025948,44.965267,0.0],[26.026214,44.965354,0.0],[26.026777,44.965393,0.0],[26.027932,44.965493,0.0],[26.028494,44.965532,0.0],[26.028869,44.965573,0.0],[26.029103,44.965571,0.0],[26.029332,44.965303,0.0],[26.029899,44.964723,0.0],[26.030373,44.964187,0.0],[26.030771,44.963763,0.0],[26.031008,44.963503,0.0],[26.031046,44.963462,0.0],[26.031244,44.963205,0.0],[26.031458,44.962971,0.0],[26.031765,44.962692,0.0],[26.032073,44.962468,0.0],[26.032073,44.962467,0.0],[26.032073,44.962467,0.0],[26.032147,44.962435,0.0],[26.032336,44.962348,0.0],[26.032675,44.962168,0.0],[26.032937,44.962059,0.0],[26.033193,44.961971,0.0],[26.033452,44.961884,0.0],[26.033745,44.961783,0.0],[26.033973,44.961706,0.0],[26.034085,44.961669,0.0],[26.034216,44.961621,0.0],[26.034366,44.961575,0.0],[26.034677,44.961466,0.0],[26.034815,44.961405,0.0],[26.034838,44.961362,0.0],[26.034877,44.961272,0.0],[26.034926,44.961173,0.0],[26.034967,44.961073,0.0],[26.034993,44.961023,0.0],[26.03507,44.960878,0.0],[26.035097,44.960815,0.0],[26.035154,44.960712,0.0],[26.035135,44.960707,0.0],[26.035203,44.960593,0.0],[26.035279,44.960447,0.0],[26.035343,44.960334,0.0],[26.035444,44.960152,0.0],[26.035519,44.960058,0.0],[26.035637,44.95995,0.0],[26.035716,44.959869,0.0],[26.035892,44.959703,0.0],[26.035993,44.959613,0.0],[26.036061,44.959551,0.0],[26.03648,44.959166,0.0],[26.036606,44.959066,0.0],[26.036831,44.958874,0.0],[26.03694,44.958788,0.0],[26.036966,44.958766,0.0],[26.037032,44.95872,0.0],[26.037142,44.958663,0.0],[26.037183,44.958668,0.0],[26.03756,44.958692,0.0],[26.03778,44.958704,0.0],[26.037892,44.958714,0.0],[26.038045,44.958732,0.0],[26.038198,44.958758,0.0],[26.03864,44.958861,0.0],[26.039,44.958935,0.0],[26.039282,44.958999,0.0],[26.039484,44.958997,0.0],[26.039764,44.958971,0.0],[26.040145,44.958878,0.0],[26.04054,44.958766,0.0],[26.041611,44.958479,0.0],[26.042909,44.958131,0.0],[26.044382,44.957719,0.0],[26.045919,44.957317,0.0],[26.048048,44.957362,0.0],[26.048723,44.957203,0.0],[26.049368,44.956735,0.0],[26.049677,44.95651,0.0],[26.049936,44.956322,0.0],[26.050379,44.956001,0.0],[26.050421,44.95597,0.0],[26.050525,44.95603,0.0],[26.050688,44.956143,0.0],[26.051313,44.955746,0.0],[26.051518,44.955616,0.0],[26.052178,44.955517,0.0],[26.052646,44.955447,0.0],[26.05334,44.955347,0.0],[26.054883,44.955132,0.0],[26.057144,44.954718,0.0],[26.059086,44.95439,0.0],[26.06044,44.954159,0.0],[26.061138,44.953969,0.0],[26.061354,44.953912,0.0],[26.061667,44.954131,0.0]]],"type":"MultiLineString"},"properties":{"tip_retea":"Gaze","stare":"Existent","operator":"Transgaz","adancime":null,"detalii":"Conductă transport - E.T. București","_s":{"f":"#232323","fo":0.0,"s":"#232323","so":1.0,"w":3.78,"r":5.0,"cap":"square","join":"bevel","ml":true},"_c":3}},{"type":"Feature","geometry":{"coordinates":[[[25.686336,45.174778,0.0],[25.686424,45.174561,0.0],[25.68649,45.174417,0.0],[25.686681,45.174014,0.0],[25.686897,45.173552,0.0],[25.687072,45.173177,0.0],[25.687045,45.173075,0.0],[25.686896,45.1725,0.0],[25.686864,45.172125,0.0],[25.686836,45.171858,0.0],[25.686805,45.171288,0.0],[25.686818,45.171047,0.0],[25.686857,45.17065,0.0],[25.68701,45.169932,0.0],[25.687031,45.169848,0.0],[25.687118,45.16959,0.0],[25.68735,45.168956,0.0],[25.687594,45.16839,0.0],[25.687746,45.168019,0.0],[25.687887,45.167576,0.0],[25.68795,45.167378,0.0],[25.68798,45.167296,0.0],[25.688337,45.166238,0.0],[25.689777,45.162055,0.0],[25.689782,45.16204,0.0],[25.689783,45.162034,0.0]]],"type":"MultiLineString"},"properties":{"tip_retea":"Gaze","stare":"Existent","operator":"Transgaz","adancime":null,"detalii":"Conductă transport - E.T. București","_s":{"f":"#232323","fo":0.0,"s":"#232323","so":1.0,"w":3.78,"r":5.0,"cap":"square","join":"bevel","ml":true},"_c":3}},{"type":"Feature","geometry":{"coordinates":[[[25.706829,45.083903,0.0],[25.706798,45.083836,0.0],[25.706816,45.083816,0.0],[25.707376,45.083225,0.0],[25.707411,45.083188,0.0],[25.70748,45.083192,0.0]]],"type":"MultiLineString"},"properties":{"tip_retea":"Gaze","stare":"Existent","operator":"Transgaz","adancime":null,"detalii":"Conductă transport - E.T. București","_s":{"f":"#232323","fo":0.0,"s":"#232323","so":1.0,"w":3.78,"r":5.0,"cap":"square","join":"bevel","ml":true},"_c":3}},{"type":"Feature","geometry":{"coordinates":[[[25.70748,45.083192,0.0],[25.707962,45.083029,0.0],[25.710553,45.081718,0.0],[25.710988,45.081514,0.0],[25.711407,45.081252,0.0],[25.711493,45.081161,0.0],[25.712268,45.080195,0.0],[25.712341,45.080109,0.0],[25.714436,45.077884,0.0],[25.714468,45.077854,0.0],[25.714776,45.077524,0.0],[25.715049,45.077106,0.0],[25.715655,45.076465,0.0],[25.716548,45.075361,0.0],[25.717766,45.073991,0.0],[25.718855,45.072794,0.0],[25.719747,45.071814,0.0],[25.720593,45.070809,0.0],[25.721333,45.069934,0.0],[25.721916,45.069307,0.0],[25.722084,45.069107,0.0],[25.722494,45.068656,0.0],[25.723023,45.068073,0.0],[25.724071,45.06698,0.0],[25.725036,45.066011,0.0],[25.72523,45.065742,0.0],[25.725998,45.064678,0.0],[25.726404,45.064008,0.0],[25.727171,45.062746,0.0],[25.7285,45.061168,0.0],[25.72965,45.060016,0.0],[25.731175,45.058747,0.0],[25.731432,45.05859,0.0],[25.732205,45.057897,0.0],[25.733502,45.056882,0.0],[25.734784,45.055732,0.0],[25.736066,45.05489,0.0],[25.736442,45.0546,0.0],[25.737579,45.053151,0.0],[25.738399,45.052016,0.0],[25.738513,45.051858,0.0],[25.739954,45.050044,0.0],[25.740477,45.048464,0.0],[25.74097,45.047356,0.0],[25.741019,45.047293,0.0],[25.741263,45.046973,0.0],[25.742017,45.046255,0.0],[25.743244,45.044965,0.0],[25.7434,45.044619,0.0],[25.743693,45.044261,0.0],[25.744351,45.043351,0.0],[25.744575,45.042955,0.0],[25.744688,45.0426,0.0],[25.745231,45.041656,0.0],[25.745906,45.040429,0.0],[25.746279,45.039457,0.0],[25.747016,45.038378,0.0],[25.748032,45.037466,0.0],[25.748082,45.03742,0.0],[25.748722,45.036771,0.0],[25.749209,45.03629,0.0],[25.749938,45.035555,0.0],[25.750311,45.035148,0.0],[25.750404,45.035037,0.0],[25.750359,45.034661,0.0],[25.750262,45.034245,0.0],[25.750187,45.033916,0.0],[25.750058,45.033304,0.0],[25.749885,45.032457,0.0],[25.749787,45.031942,0.0],[25.749755,45.031795,0.0],[25.750408,45.031163,0.0],[25.750644,45.030959,0.0],[25.750782,45.03084,0.0],[25.751103,45.030576,0.0],[25.751866,45.029921,0.0],[25.752184,45.029668,0.0],[25.752362,45.029531,0.0],[25.75285,45.029106,0.0],[25.753694,45.028385,0.0],[25.754585,45.027117,0.0],[25.755169,45.026264,0.0],[25.755628,45.025607,0.0],[25.756314,45.024628,0.0],[25.756934,45.023721,0.0],[25.757456,45.022975,0.0],[25.757977,45.022208,0.0],[25.758472,45.021501,0.0],[25.758878,45.020908,0.0],[25.759496,45.020002,0.0],[25.759945,45.019384,0.0],[25.760435,45.018681,0.0],[25.76054,45.018535,0.0],[25.760608,45.018448,0.0],[25.760956,45.017574,0.0],[25.761544,45.016806,0.0],[25.76195,45.016291,0.0],[25.762683,45.015297,0.0],[25.76286,45.015057,0.0],[25.763174,45.01459,0.0],[25.763324,45.014381,0.0],[25.763441,45.014219,0.0],[25.763609,45.013985,0.0],[25.764038,45.013318,0.0],[25.764661,45.012413,0.0],[25.765773,45.010842,0.0],[25.76621,45.010199,0.0],[25.766579,45.009562,0.0],[25.767097,45.008911,0.0],[25.767796,45.007895,0.0],[25.768374,45.006986,0.0],[25.768957,45.006245,0.0],[25.769561,45.005384,0.0],[25.769997,45.004722,0.0],[25.770494,45.003981,0.0],[25.770949,45.003344,0.0],[25.771231,45.002919,0.0],[25.771675,45.002275,0.0],[25.772215,45.001481,0.0],[25.772636,45.000875,0.0],[25.77303,45.000277,0.0],[25.773346,44.999851,0.0],[25.773519,44.999225,0.0],[25.773631,44.998723,0.0],[25.773885,44.99791,0.0],[25.774029,44.997481,0.0],[25.774174,44.996936,0.0],[25.774339,44.996215,0.0],[25.774508,44.995583,0.0],[25.774639,44.995106,0.0],[25.774947,44.99425,0.0],[25.775197,44.993493,0.0],[25.775349,44.993041,0.0],[25.77562,44.992397,0.0],[25.775757,44.991799,0.0],[25.775767,44.991275,0.0],[25.775809,44.990649,0.0],[25.775876,44.98993,0.0],[25.775947,44.989274,0.0],[25.776014,44.988717,0.0],[25.776144,44.987688,0.0],[25.77623,44.987311,0.0],[25.776437,44.986603,0.0],[25.776736,44.985739,0.0],[25.777,44.984957,0.0],[25.777169,44.984522,0.0],[25.777445,44.983729,0.0],[25.777643,44.983106,0.0],[25.77777,44.982713,0.0],[25.777952,44.982218,0.0],[25.778331,44.981077,0.0],[25.778419,44.980821,0.0],[25.778614,44.980264,0.0],[25.778642,44.980186,0.0],[25.778671,44.980104,0.0],[25.77871,44.979997,0.0],[25.778817,44.979665,0.0],[25.779048,44.978952,0.0],[25.779056,44.978928,0.0],[25.779104,44.97877,0.0]]],"type":"MultiLineString"},"properties":{"tip_retea":"Gaze","stare":"Existent","operator":"Transgaz","adancime":null,"detalii":"Conductă transport - E.T. București","_s":{"f":"#232323","fo":0.0,"s":"#232323","so":1.0,"w":3.78,"r":5.0,"cap":"square","join":"bevel","ml":true},"_c":3}},{"type":"Feature","geometry":{"coordinates":[[[25.705141,45.086235,0.0],[25.705304,45.086031,0.0],[25.705952,45.085256,0.0],[25.706284,45.084883,0.0],[25.706632,45.084398,0.0],[25.706829,45.083903,0.0]]],"type":"MultiLineString"},"properties":{"tip_retea":"Gaze","stare":"Existent","operator":"Transgaz","adancime":null,"detalii":"Conductă transport - E.T. București","_s":{"f":"#232323","fo":0.0,"s":"#232323","so":1.0,"w":3.78,"r":5.0,"cap":"square","join":"bevel","ml":true},"_c":3}},{"type":"Feature","geometry":{"coordinates":[[[25.704648,45.086855,0.0],[25.704652,45.086852,0.0],[25.704653,45.08685,0.0],[25.704656,45.086847,0.0],[25.704659,45.086844,0.0],[25.704661,45.086843,0.0],[25.704664,45.086841,0.0],[25.704665,45.086839,0.0],[25.704668,45.086838,0.0],[25.70467,45.086837,0.0],[25.704672,45.086835,0.0],[25.704676,45.086834,0.0],[25.70468,45.086832,0.0],[25.704686,45.08683,0.0],[25.704688,45.086829,0.0],[25.704691,45.086827,0.0],[25.704696,45.086825,0.0],[25.704698,45.086824,0.0],[25.704701,45.086823,0.0],[25.704704,45.086821,0.0],[25.704707,45.086819,0.0],[25.70471,45.086818,0.0],[25.704713,45.086815,0.0],[25.704715,45.086813,0.0],[25.704718,45.08681,0.0],[25.70472,45.086808,0.0],[25.704723,45.086804,0.0],[25.705115,45.08631,0.0],[25.705118,45.086307,0.0],[25.70512,45.086304,0.0],[25.705123,45.086298,0.0],[25.705124,45.086295,0.0],[25.705125,45.086293,0.0],[25.705126,45.08629,0.0],[25.705126,45.086287,0.0],[25.705127,45.086285,0.0],[25.705127,45.086283,0.0],[25.705127,45.086279,0.0],[25.705127,45.086277,0.0],[25.705127,45.086274,0.0],[25.705127,45.08627,0.0],[25.705127,45.086266,0.0],[25.705127,45.086263,0.0],[25.705127,45.086261,0.0],[25.705128,45.086259,0.0],[25.705128,45.086257,0.0],[25.705129,45.086255,0.0],[25.70513,45.086252,0.0],[25.705131,45.08625,0.0],[25.705132,45.086248,0.0],[25.705134,45.086244,0.0],[25.705136,45.086242,0.0],[25.705141,45.086235,0.0]]],"type":"MultiLineString"},"properties":{"tip_retea":"Gaze","stare":"Existent","operator":"Transgaz","adancime":null,"detalii":"Conductă transport - E.T. București","_s":{"f":"#232323","fo":0.0,"s":"#232323","so":1.0,"w":3.78,"r":5.0,"cap":"square","join":"bevel","ml":true},"_c":3}},{"type":"Feature","geometry":{"coordinates":[[[25.573223,45.31119,0.0],[25.573661,45.310924,0.0],[25.57385,45.3107,0.0],[25.574245,45.310366,0.0],[25.574929,45.309917,0.0],[25.5755,45.309644,0.0],[25.57577,45.309457,0.0],[25.575708,45.309221,0.0],[25.575721,45.308962,0.0],[25.575708,45.308733,0.0],[25.575757,45.308214,0.0],[25.576156,45.307447,0.0],[25.577637,45.306249,0.0],[25.57826,45.306077,0.0],[25.579312,45.305883,0.0],[25.580488,45.305671,0.0],[25.580962,45.30576,0.0],[25.581143,45.305672,0.0],[25.581512,45.305477,0.0],[25.581804,45.305398,0.0],[25.582549,45.304975,0.0],[25.583372,45.304674,0.0],[25.583771,45.304521,0.0],[25.583986,45.3044,0.0],[25.584128,45.304286,0.0],[25.584369,45.304029,0.0],[25.585109,45.303468,0.0],[25.585789,45.303105,0.0],[25.585859,45.303073,0.0],[25.586257,45.302847,0.0],[25.586484,45.302613,0.0],[25.587284,45.301715,0.0],[25.587288,45.30171,0.0],[25.587782,45.301436,0.0],[25.588188,45.301391,0.0],[25.588277,45.301357,0.0],[25.588511,45.301292,0.0],[25.589287,45.301107,0.0],[25.58997,45.300643,0.0],[25.590533,45.300284,0.0],[25.590937,45.300045,0.0],[25.591628,45.299535,0.0],[25.592192,45.299132,0.0],[25.592739,45.298559,0.0],[25.593247,45.298405,0.0],[25.593421,45.298357,0.0],[25.59382,45.298285,0.0],[25.594648,45.298075,0.0],[25.594954,45.297979,0.0],[25.595851,45.297637,0.0],[25.595901,45.297618,0.0],[25.596909,45.297287,0.0],[25.597141,45.297292,0.0],[25.597367,45.297203,0.0],[25.598048,45.296876,0.0],[25.598056,45.296858,0.0],[25.598123,45.296531,0.0],[25.598088,45.296459,0.0],[25.597974,45.29611,0.0],[25.598047,45.296073,0.0],[25.59849,45.295848,0.0],[25.598535,45.295825,0.0],[25.598632,45.295775,0.0],[25.598942,45.295618,0.0],[25.599482,45.295343,0.0],[25.599701,45.295435,0.0],[25.600351,45.295709,0.0],[25.600817,45.295827,0.0],[25.601691,45.296106,0.0],[25.601926,45.296088,0.0],[25.602559,45.29591,0.0],[25.603414,45.2956,0.0],[25.604465,45.295243,0.0],[25.605063,45.294928,0.0],[25.605805,45.295074,0.0],[25.606418,45.29489,0.0],[25.606541,45.294845,0.0],[25.60698,45.294665,0.0],[25.608732,45.294222,0.0],[25.609898,45.293949,0.0],[25.610626,45.29377,0.0],[25.610733,45.293745,0.0],[25.611277,45.293625,0.0],[25.61132,45.2936,0.0],[25.611783,45.293305,0.0],[25.612409,45.292669,0.0],[25.612524,45.292593,0.0],[25.612924,45.292366,0.0],[25.613066,45.292216,0.0],[25.613331,45.29187,0.0],[25.613382,45.291821,0.0],[25.613854,45.291246,0.0],[25.614061,45.291075,0.0],[25.614523,45.290671,0.0],[25.615163,45.290271,0.0],[25.615213,45.290109,0.0],[25.61531,45.289912,0.0],[25.615351,45.289814,0.0],[25.615813,45.289353,0.0],[25.616014,45.289197,0.0],[25.617102,45.288632,0.0],[25.617532,45.288412,0.0],[25.617911,45.288182,0.0]]],"type":"MultiLineString"},"properties":{"tip_retea":"Gaze","stare":"Existent","operator":"Transgaz","adancime":null,"detalii":"Conductă transport - E.T. București","_s":{"f":"#232323","fo":0.0,"s":"#232323","so":1.0,"w":3.78,"r":5.0,"cap":"square","join":"bevel","ml":true},"_c":3}},{"type":"Feature","geometry":{"coordinates":[[[25.997839,44.87941,0.0],[25.996697,44.879933,0.0],[25.996666,44.879947,0.0],[25.996691,44.879976,0.0],[25.996962,44.880285,0.0],[25.996978,44.880305,0.0],[25.99697,44.880326,0.0],[25.996914,44.880479,0.0],[25.9965,44.88141,0.0],[25.996476,44.881464,0.0],[25.996474,44.881485,0.0],[25.996549,44.88221,0.0]]],"type":"MultiLineString"},"properties":{"tip_retea":"Gaze","stare":"Existent","operator":"Transgaz","adancime":null,"detalii":"Conductă transport - E.T. București","_s":{"f":"#232323","fo":0.0,"s":"#232323","so":1.0,"w":3.78,"r":5.0,"cap":"square","join":"bevel","ml":true},"_c":3}},{"type":"Feature","geometry":{"coordinates":[[[25.854393,44.849591,0.0],[25.854687,44.849279,0.0],[25.855573,44.848282,0.0],[25.855738,44.848078,0.0],[25.856672,44.846973,0.0],[25.857661,44.845771,0.0],[25.858062,44.845329,0.0],[25.859094,44.844091,0.0],[25.859816,44.843238,0.0],[25.860701,44.842184,0.0],[25.862036,44.840583,0.0],[25.862498,44.840048,0.0],[25.862651,44.839841,0.0],[25.863394,44.838981,0.0],[25.863641,44.83871,0.0],[25.863684,44.838562,0.0],[25.863733,44.838283,0.0],[25.863747,44.837669,0.0],[25.863879,44.836711,0.0],[25.86393,44.836312,0.0],[25.864,44.835713,0.0],[25.864098,44.834826,0.0],[25.864141,44.834543,0.0],[25.864216,44.834383,0.0],[25.864709,44.833839,0.0],[25.864224,44.833504,0.0],[25.864122,44.833432,0.0],[25.864128,44.833428,0.0],[25.864113,44.833418,0.0],[25.86401,44.833348,0.0],[25.86397,44.833322,0.0],[25.861804,44.831943,0.0],[25.861779,44.831927,0.0],[25.861771,44.831933,0.0],[25.861763,44.831939,0.0]]],"type":"MultiLineString"},"properties":{"tip_retea":"Gaze","stare":"Existent","operator":"Transgaz","adancime":null,"detalii":"Conductă transport - E.T. București","_s":{"f":"#232323","fo":0.0,"s":"#232323","so":1.0,"w":3.78,"r":5.0,"cap":"square","join":"bevel","ml":true},"_c":3}},{"type":"Feature","geometry":{"coordinates":[[[25.852441,44.852437,0.0],[25.852536,44.85246,0.0]]],"type":"MultiLineString"},"properties":{"tip_retea":"Gaze","stare":"Existent","operator":"Transgaz","adancime":null,"detalii":"Conductă transport - E.T. București","_s":{"f":"#232323","fo":0.0,"s":"#232323","so":1.0,"w":3.78,"r":5.0,"cap":"square","join":"bevel","ml":true},"_c":3}},{"type":"Feature","geometry":{"coordinates":[[[26.019169,45.011617,0.0],[26.019169,45.011626,0.0],[26.019171,45.011629,0.0],[26.019174,45.011631,0.0],[26.019178,45.011633,0.0],[26.019183,45.011633,0.0],[26.019207,45.011631,0.0],[26.019677,45.011581,0.0],[26.019941,45.011553,0.0],[26.020014,45.011545,0.0],[26.020041,45.011542,0.0],[26.020046,45.011542,0.0],[26.020052,45.011542,0.0],[26.020057,45.011543,0.0],[26.020061,45.011545,0.0],[26.020065,45.011548,0.0],[26.020068,45.011551,0.0],[26.020071,45.011554,0.0],[26.020072,45.011558,0.0],[26.020075,45.011601,0.0],[26.020079,45.011644,0.0],[26.020084,45.011701,0.0],[26.020084,45.011703,0.0],[26.020083,45.011705,0.0],[26.020082,45.011706,0.0],[26.02008,45.011708,0.0],[26.01965,45.011775,0.0],[26.019428,45.01181,0.0],[26.019304,45.01183,0.0],[26.019174,45.01185,0.0],[26.01917,45.011852,0.0],[26.019167,45.011854,0.0],[26.019165,45.011856,0.0],[26.019164,45.011859,0.0]]],"type":"MultiLineString"},"properties":{"tip_retea":"Gaze","stare":"Existent","operator":"Transgaz","adancime":null,"detalii":"Conductă transport - E.T. București","_s":{"f":"#232323","fo":0.0,"s":"#232323","so":1.0,"w":3.78,"r":5.0,"cap":"square","join":"bevel","ml":true},"_c":3}},{"type":"Feature","geometry":{"coordinates":[[[26.019164,45.011859,0.0],[26.019164,45.011867,0.0],[26.019158,45.01216,0.0],[26.019134,45.013317,0.0],[26.019143,45.015015,0.0],[26.019143,45.015034,0.0]]],"type":"MultiLineString"},"properties":{"tip_retea":"Gaze","stare":"Existent","operator":"Transgaz","adancime":null,"detalii":"Conductă transport - E.T. București","_s":{"f":"#232323","fo":0.0,"s":"#232323","so":1.0,"w":3.78,"r":5.0,"cap":"square","join":"bevel","ml":true},"_c":3}},{"type":"Feature","geometry":{"coordinates":[[[25.865108,44.833983,0.0],[25.864998,44.833913,0.0],[25.86473,44.833742,0.0],[25.864472,44.833578,0.0],[25.864282,44.833458,0.0],[25.863307,44.832837,0.0],[25.862309,44.832202,0.0],[25.862233,44.832154,0.0],[25.861674,44.831798,0.0],[25.861679,44.831773,0.0],[25.861736,44.831521,0.0]]],"type":"MultiLineString"},"properties":{"tip_retea":"Gaze","stare":"Existent","operator":"Transgaz","adancime":null,"detalii":"Conductă transport - E.T. București","_s":{"f":"#232323","fo":0.0,"s":"#232323","so":1.0,"w":3.78,"r":5.0,"cap":"square","join":"bevel","ml":true},"_c":3}},{"type":"Feature","geometry":{"coordinates":[[[25.557115,45.325338,0.0],[25.557158,45.325283,0.0],[25.557166,45.325278,0.0],[25.557248,45.325229,0.0],[25.557509,45.325075,0.0],[25.557689,45.324972,0.0],[25.557902,45.32485,0.0],[25.558325,45.324549,0.0],[25.558812,45.324075,0.0],[25.559036,45.323559,0.0],[25.559004,45.323026,0.0],[25.559017,45.322336,0.0]]],"type":"MultiLineString"},"properties":{"tip_retea":"Gaze","stare":"Existent","operator":"Transgaz","adancime":null,"detalii":"Conductă transport - E.T. București","_s":{"f":"#232323","fo":0.0,"s":"#232323","so":1.0,"w":3.78,"r":5.0,"cap":"square","join":"bevel","ml":true},"_c":3}},{"type":"Feature","geometry":{"coordinates":[[[26.015168,44.979826,0.0],[26.015173,44.979827,0.0],[26.015182,44.979828,0.0]]],"type":"MultiLineString"},"properties":{"tip_retea":"Gaze","stare":"Existent","operator":"Transgaz","adancime":null,"detalii":"Conductă transport - E.T. București","_s":{"f":"#232323","fo":0.0,"s":"#232323","so":1.0,"w":3.78,"r":5.0,"cap":"square","join":"bevel","ml":true},"_c":3}},{"type":"Feature","geometry":{"coordinates":[[[25.559017,45.322336,0.0],[25.559057,45.322169,0.0],[25.559063,45.322102,0.0],[25.559067,45.322053,0.0],[25.559069,45.322041,0.0],[25.559083,45.321982,0.0],[25.559088,45.321974,0.0],[25.559102,45.32197,0.0],[25.559138,45.321963,0.0],[25.559152,45.32196,0.0],[25.559178,45.321954,0.0],[25.559206,45.321949,0.0],[25.559249,45.321942,0.0],[25.559298,45.321932,0.0],[25.55933,45.321926,0.0],[25.559353,45.321923,0.0],[25.559391,45.321914,0.0],[25.559413,45.32191,0.0],[25.559458,45.321902,0.0],[25.55947,45.321899,0.0],[25.559485,45.321893,0.0],[25.55949,45.321888,0.0],[25.559493,45.321881,0.0],[25.559491,45.321863,0.0],[25.559491,45.321837,0.0],[25.559492,45.321802,0.0],[25.559498,45.321741,0.0],[25.5595,45.321727,0.0],[25.559498,45.321711,0.0],[25.559499,45.321623,0.0],[25.559499,45.321568,0.0],[25.559503,45.321533,0.0],[25.559502,45.321518,0.0],[25.559504,45.32143,0.0],[25.559528,45.321411,0.0],[25.559901,45.32102,0.0],[25.560113,45.320721,0.0],[25.561361,45.319284,0.0]]],"type":"MultiLineString"},"properties":{"tip_retea":"Gaze","stare":"Existent","operator":"Transgaz","adancime":null,"detalii":"Conductă transport - E.T. București","_s":{"f":"#232323","fo":0.0,"s":"#232323","so":1.0,"w":3.78,"r":5.0,"cap":"square","join":"bevel","ml":true},"_c":3}},{"type":"Feature","geometry":{"coordinates":[[[25.532927,45.359728,0.0],[25.532935,45.359639,0.0],[25.533007,45.359387,0.0],[25.53311,45.359124,0.0],[25.533188,45.358805,0.0],[25.533179,45.358751,0.0],[25.533183,45.358661,0.0],[25.533174,45.358446,0.0],[25.533154,45.358234,0.0],[25.533142,45.358112,0.0],[25.53314,45.357917,0.0],[25.533034,45.357752,0.0],[25.53289,45.357462,0.0],[25.532845,45.357361,0.0],[25.532707,45.357098,0.0],[25.532703,45.356625,0.0],[25.53266,45.35535,0.0]]],"type":"MultiLineString"},"properties":{"tip_retea":"Gaze","stare":"Existent","operator":"Transgaz","adancime":null,"detalii":"Conductă transport - E.T. București","_s":{"f":"#232323","fo":0.0,"s":"#232323","so":1.0,"w":3.78,"r":5.0,"cap":"square","join":"bevel","ml":true},"_c":3}},{"type":"Feature","geometry":{"coordinates":[[[25.875815,44.86201,0.0],[25.875899,44.86208,0.0],[25.87596,44.862132,0.0],[25.876073,44.862226,0.0],[25.87611,44.862257,0.0],[25.876124,44.862265,0.0],[25.876139,44.862272,0.0],[25.876156,44.862276,0.0],[25.876174,44.862278,0.0],[25.876306,44.862277,0.0],[25.878087,44.862281,0.0],[25.87902,44.862247,0.0],[25.879273,44.862233,0.0],[25.879808,44.862205,0.0],[25.879962,44.862195,0.0],[25.880631,44.86216,0.0],[25.880649,44.862159,0.0],[25.880655,44.862159,0.0],[25.880656,44.862159,0.0],[25.880657,44.862158,0.0],[25.880658,44.862157,0.0],[25.880658,44.862156,0.0],[25.880658,44.86215,0.0],[25.880658,44.862149,0.0],[25.880658,44.862148,0.0],[25.880659,44.862147,0.0],[25.880661,44.862147,0.0],[25.880665,44.862147,0.0]]],"type":"MultiLineString"},"properties":{"tip_retea":"Gaze","stare":"Existent","operator":"Transgaz","adancime":null,"detalii":"Conductă transport - E.T. București","_s":{"f":"#232323","fo":0.0,"s":"#232323","so":1.0,"w":3.78,"r":5.0,"cap":"square","join":"bevel","ml":true},"_c":3}},{"type":"Feature","geometry":{"coordinates":[[[25.87575,44.86189,0.0],[25.875751,44.861891,0.0],[25.875752,44.861891,0.0],[25.875752,44.861892,0.0],[25.875753,44.861892,0.0],[25.875757,44.861898,0.0],[25.875763,44.861906,0.0],[25.875823,44.861997,0.0],[25.875824,44.861999,0.0],[25.875825,44.862002,0.0],[25.875824,44.862004,0.0],[25.875822,44.862007,0.0],[25.875815,44.86201,0.0],[25.875815,44.86201,0.0]]],"type":"MultiLineString"},"properties":{"tip_retea":"Gaze","stare":"Existent","operator":"Transgaz","adancime":null,"detalii":"Conductă transport - E.T. București","_s":{"f":"#232323","fo":0.0,"s":"#232323","so":1.0,"w":3.78,"r":5.0,"cap":"square","join":"bevel","ml":true},"_c":3}},{"type":"Feature","geometry":{"coordinates":[[[25.875535,44.862147,0.0],[25.875535,44.862148,0.0],[25.875538,44.862149,0.0],[25.875541,44.86215,0.0],[25.875544,44.86215,0.0],[25.875547,44.862149,0.0],[25.875561,44.862142,0.0],[25.875815,44.86201,0.0]]],"type":"MultiLineString"},"properties":{"tip_retea":"Gaze","stare":"Existent","operator":"Transgaz","adancime":null,"detalii":"Conductă transport - E.T. București","_s":{"f":"#232323","fo":0.0,"s":"#232323","so":1.0,"w":3.78,"r":5.0,"cap":"square","join":"bevel","ml":true},"_c":3}},{"type":"Feature","geometry":{"coordinates":[[[25.875815,44.86201,0.0],[25.875899,44.86208,0.0],[25.87596,44.862132,0.0],[25.876073,44.862226,0.0],[25.87611,44.862257,0.0],[25.876124,44.862265,0.0],[25.876139,44.862272,0.0],[25.876156,44.862276,0.0],[25.876174,44.862278,0.0],[25.876306,44.862277,0.0],[25.878087,44.862281,0.0],[25.87902,44.862247,0.0],[25.879273,44.862233,0.0],[25.879808,44.862205,0.0],[25.879962,44.862195,0.0],[25.88063,44.86216,0.0]]],"type":"MultiLineString"},"properties":{"tip_retea":"Gaze","stare":"Existent","operator":"Transgaz","adancime":null,"detalii":"Conductă transport - E.T. București","_s":{"f":"#232323","fo":0.0,"s":"#232323","so":1.0,"w":3.78,"r":5.0,"cap":"square","join":"bevel","ml":true},"_c":3}},{"type":"Feature","geometry":{"coordinates":[[[25.80216,44.861605,0.0],[25.802445,44.861824,0.0],[25.80293,44.862207,0.0],[25.803338,44.862552,0.0],[25.803573,44.862754,0.0],[25.803796,44.862954,0.0],[25.80387,44.863019,0.0],[25.803906,44.863043,0.0],[25.803909,44.863061,0.0],[25.803906,44.86308,0.0],[25.803609,44.863459,0.0],[25.803359,44.863774,0.0],[25.803157,44.864023,0.0],[25.802553,44.864817,0.0],[25.802499,44.864891,0.0],[25.802277,44.865208,0.0],[25.802229,44.86548,0.0],[25.802262,44.865624,0.0],[25.802312,44.865832,0.0],[25.802357,44.866028,0.0],[25.802452,44.866359,0.0],[25.802512,44.866564,0.0],[25.802605,44.866893,0.0],[25.802675,44.86716,0.0],[25.802733,44.86736,0.0],[25.802738,44.867403,0.0],[25.802763,44.867485,0.0],[25.802776,44.867522,0.0],[25.802786,44.867551,0.0],[25.802792,44.867593,0.0],[25.802796,44.86761,0.0],[25.802806,44.867633,0.0],[25.802833,44.867654,0.0],[25.803056,44.867786,0.0],[25.803454,44.868037,0.0],[25.803809,44.868253,0.0],[25.80419,44.868478,0.0],[25.804429,44.868623,0.0],[25.804509,44.868671,0.0],[25.804531,44.868692,0.0],[25.80454,44.868704,0.0],[25.804574,44.868734,0.0],[25.804604,44.868743,0.0],[25.804628,44.868744,0.0],[25.804666,44.868728,0.0],[25.804722,44.868702,0.0],[25.804761,44.86868,0.0],[25.804956,44.868577,0.0],[25.805374,44.868385,0.0],[25.805952,44.868129,0.0],[25.806622,44.867837,0.0],[25.807127,44.867614,0.0],[25.807611,44.867399,0.0],[25.808248,44.867113,0.0],[25.808591,44.866963,0.0],[25.809131,44.866724,0.0],[25.809636,44.866505,0.0],[25.810018,44.866331,0.0],[25.810475,44.866132,0.0],[25.811058,44.865875,0.0],[25.81142,44.865717,0.0],[25.812136,44.865385,0.0],[25.812507,44.865212,0.0],[25.8127,44.865108,0.0],[25.813109,44.864911,0.0],[25.813502,44.86472,0.0],[25.813822,44.86457,0.0],[25.814234,44.864372,0.0],[25.814536,44.86422,0.0],[25.814852,44.864053,0.0],[25.815085,44.863905,0.0],[25.815166,44.863841,0.0],[25.815202,44.863819,0.0],[25.815253,44.863811,0.0],[25.815292,44.863809,0.0],[25.815511,44.86381,0.0],[25.816042,44.863812,0.0],[25.816583,44.86381,0.0],[25.817296,44.863814,0.0],[25.817651,44.863809,0.0],[25.818171,44.863814,0.0],[25.818672,44.863803,0.0],[25.819509,44.863798,0.0],[25.82046,44.863801,0.0],[25.820976,44.863792,0.0],[25.821401,44.8638,0.0],[25.821683,44.863794,0.0],[25.822266,44.863794,0.0],[25.822788,44.863791,0.0],[25.823223,44.863791,0.0],[25.823818,44.863783,0.0],[25.824453,44.863795,0.0],[25.825009,44.863788,0.0],[25.825388,44.863795,0.0],[25.825899,44.863785,0.0],[25.826726,44.863778,0.0],[25.827283,44.863774,0.0],[25.827847,44.863764,0.0],[25.828213,44.863766,0.0],[25.828708,44.863764,0.0],[25.829347,44.863759,0.0],[25.829921,44.863749,0.0],[25.830389,44.863752,0.0],[25.830958,44.863743,0.0],[25.831429,44.863742,0.0],[25.831662,44.863737,0.0],[25.831954,44.86378,0.0],[25.832074,44.86381,0.0],[25.832466,44.863922,0.0],[25.833092,44.864105,0.0],[25.833632,44.864253,0.0],[25.834342,44.864454,0.0],[25.834969,44.864631,0.0],[25.835616,44.864799,0.0],[25.835975,44.864908,0.0],[25.836583,44.865082,0.0],[25.837025,44.865206,0.0],[25.83716,44.865242,0.0],[25.837278,44.86528,0.0],[25.837518,44.865292,0.0],[25.838018,44.865302,0.0],[25.838302,44.865298,0.0],[25.838638,44.8653,0.0],[25.838663,44.865301,0.0],[25.838708,44.865302,0.0],[25.838717,44.865298,0.0],[25.838736,44.865277,0.0],[25.838738,44.865263,0.0],[25.838768,44.865111,0.0],[25.838814,44.864879,0.0],[25.838858,44.864672,0.0],[25.838919,44.86437,0.0],[25.838964,44.864114,0.0]]],"type":"MultiLineString"},"properties":{"tip_retea":"Gaze","stare":"Existent","operator":"Transgaz","adancime":null,"detalii":"Conductă transport - E.T. București","_s":{"f":"#232323","fo":0.0,"s":"#232323","so":1.0,"w":3.78,"r":5.0,"cap":"square","join":"bevel","ml":true},"_c":3}},{"type":"Feature","geometry":{"coordinates":[[[25.618264,45.276839,0.0],[25.618202,45.276757,0.0],[25.618109,45.276634,0.0],[25.618098,45.276618,0.0],[25.618132,45.276606,0.0],[25.617952,45.276361,0.0],[25.61786,45.276234,0.0],[25.617837,45.276202,0.0],[25.617825,45.276207,0.0],[25.617817,45.276195,0.0],[25.617798,45.276165,0.0],[25.617782,45.276139,0.0]]],"type":"MultiLineString"},"properties":{"tip_retea":"Gaze","stare":"Existent","operator":"Transgaz","adancime":null,"detalii":"Conductă transport - E.T. București","_s":{"f":"#232323","fo":0.0,"s":"#232323","so":1.0,"w":3.78,"r":5.0,"cap":"square","join":"bevel","ml":true},"_c":3}},{"type":"Feature","geometry":{"coordinates":[[[25.617782,45.276139,0.0],[25.617447,45.27555,0.0],[25.617462,45.275436,0.0],[25.617478,45.275316,0.0],[25.617496,45.275185,0.0],[25.617518,45.275023,0.0],[25.617544,45.274828,0.0],[25.617797,45.274588,0.0],[25.61779,45.274551,0.0],[25.617728,45.274466,0.0],[25.617541,45.274198,0.0],[25.617367,45.273943,0.0],[25.617333,45.273802,0.0],[25.617363,45.273644,0.0],[25.617228,45.273479,0.0],[25.617033,45.273279,0.0],[25.616884,45.273126,0.0],[25.61683,45.27307,0.0],[25.616782,45.273021,0.0],[25.616827,45.272802,0.0],[25.616882,45.272544,0.0],[25.616991,45.272459,0.0],[25.617115,45.272361,0.0],[25.617352,45.272178,0.0],[25.617446,45.272106,0.0],[25.61751,45.272056,0.0],[25.617528,45.271973,0.0],[25.617557,45.271834,0.0],[25.617622,45.271526,0.0],[25.617717,45.271103,0.0],[25.61788,45.270797,0.0],[25.618053,45.270441,0.0],[25.618249,45.270114,0.0],[25.618273,45.270067,0.0],[25.618317,45.270082,0.0],[25.618511,45.27015,0.0],[25.618599,45.270215,0.0],[25.618649,45.270252,0.0],[25.61877,45.270294,0.0],[25.618836,45.270317,0.0],[25.61886,45.270303,0.0],[25.618877,45.270292,0.0],[25.618981,45.270228,0.0],[25.619053,45.270184,0.0],[25.619111,45.270148,0.0],[25.619129,45.270113,0.0],[25.619187,45.269883,0.0],[25.619226,45.269802,0.0],[25.619266,45.269715,0.0],[25.619402,45.269393,0.0],[25.619414,45.269358,0.0],[25.619471,45.269319,0.0],[25.619932,45.26909,0.0],[25.620205,45.26888,0.0],[25.620579,45.268585,0.0]]],"type":"MultiLineString"},"properties":{"tip_retea":"Gaze","stare":"Existent","operator":"Transgaz","adancime":null,"detalii":"Conductă transport - E.T. București","_s":{"f":"#232323","fo":0.0,"s":"#232323","so":1.0,"w":3.78,"r":5.0,"cap":"square","join":"bevel","ml":true},"_c":3}},{"type":"Feature","geometry":{"coordinates":[[[25.550961,45.334448,0.0],[25.551245,45.334278,0.0],[25.551884,45.333933,0.0],[25.553429,45.333204,0.0],[25.553723,45.332698,0.0],[25.553962,45.332316,0.0],[25.554004,45.33218,0.0],[25.55363,45.331552,0.0],[25.553411,45.331271,0.0],[25.553293,45.331142,0.0],[25.552712,45.330441,0.0],[25.552244,45.330245,0.0],[25.552194,45.329665,0.0],[25.552262,45.329049,0.0],[25.552237,45.329025,0.0],[25.552162,45.328982,0.0],[25.552173,45.328814,0.0],[25.552599,45.328451,0.0],[25.554671,45.32697,0.0],[25.555089,45.326576,0.0],[25.555785,45.325849,0.0],[25.555826,45.325801,0.0],[25.555848,45.325754,0.0],[25.555865,45.32569,0.0],[25.555882,45.325629,0.0],[25.555922,45.325479,0.0],[25.555951,45.325371,0.0],[25.555957,45.325349,0.0],[25.555974,45.32534,0.0],[25.556124,45.325301,0.0],[25.55617,45.325293,0.0],[25.556227,45.325282,0.0],[25.556322,45.325269,0.0],[25.556491,45.32525,0.0],[25.556878,45.325225,0.0],[25.557003,45.325219,0.0],[25.557039,45.325219,0.0],[25.557109,45.325221,0.0],[25.557162,45.325221,0.0],[25.557175,45.325221,0.0],[25.557188,45.325213,0.0],[25.557254,45.325171,0.0],[25.55745,45.32505,0.0],[25.557648,45.324926,0.0],[25.55797,45.324576,0.0],[25.558061,45.324469,0.0],[25.558505,45.323688,0.0],[25.558865,45.322989,0.0],[25.558928,45.322337,0.0],[25.558983,45.322143,0.0],[25.558998,45.322036,0.0],[25.559028,45.321976,0.0],[25.559059,45.321902,0.0],[25.559105,45.321819,0.0],[25.559124,45.321775,0.0],[25.55915,45.321708,0.0],[25.559178,45.321656,0.0],[25.559195,45.32162,0.0],[25.559214,45.321595,0.0],[25.559244,45.321555,0.0],[25.559274,45.321517,0.0],[25.55929,45.321498,0.0],[25.559342,45.321427,0.0],[25.559355,45.32141,0.0],[25.559382,45.321362,0.0],[25.559789,45.320944,0.0],[25.561247,45.319254,0.0],[25.561262,45.31924,0.0],[25.56137,45.319123,0.0],[25.561714,45.318645,0.0],[25.561746,45.318626,0.0],[25.561925,45.318575,0.0]]],"type":"MultiLineString"},"properties":{"tip_retea":"Gaze","stare":"Existent","operator":"Transgaz","adancime":null,"detalii":"Conductă transport - E.T. București","_s":{"f":"#232323","fo":0.0,"s":"#232323","so":1.0,"w":3.78,"r":5.0,"cap":"square","join":"bevel","ml":true},"_c":3}},{"type":"Feature","geometry":{"coordinates":[[[25.550728,45.334379,0.0],[25.550988,45.334198,0.0],[25.550995,45.334193,0.0],[25.551499,45.333942,0.0],[25.551785,45.333866,0.0],[25.552005,45.333742,0.0]]],"type":"MultiLineString"},"properties":{"tip_retea":"Gaze","stare":"Existent","operator":"Transgaz","adancime":null,"detalii":"Conductă transport - E.T. București","_s":{"f":"#232323","fo":0.0,"s":"#232323","so":1.0,"w":3.78,"r":5.0,"cap":"square","join":"bevel","ml":true},"_c":3}},{"type":"Feature","geometry":{"coordinates":[[[25.993838,44.977396,0.0],[25.993843,44.977399,0.0],[25.993938,44.977464,0.0],[25.994309,44.97773,0.0],[25.994681,44.977992,0.0],[25.995022,44.978231,0.0],[25.995327,44.978442,0.0],[25.995592,44.97863,0.0],[25.9961,44.978993,0.0],[25.996219,44.979072,0.0],[25.996373,44.9792,0.0],[25.996389,44.979227,0.0],[25.996429,44.979263,0.0],[25.996467,44.979285,0.0],[25.996491,44.979292,0.0],[25.996511,44.979293,0.0],[25.996526,44.979284,0.0],[25.996555,44.979268,0.0],[25.996575,44.979257,0.0],[25.996641,44.979217,0.0],[25.996928,44.979035,0.0],[25.997264,44.978828,0.0],[25.997631,44.978583,0.0],[25.998144,44.978252,0.0],[25.998482,44.978026,0.0],[25.998742,44.977847,0.0],[25.99912,44.977565,0.0],[25.999387,44.977353,0.0],[25.999697,44.977112,0.0],[25.999776,44.977047,0.0],[25.999805,44.97702,0.0],[25.999839,44.976996,0.0],[25.999884,44.976995,0.0],[25.999958,44.977029,0.0],[26.000159,44.977139,0.0],[26.000513,44.977334,0.0],[26.00092,44.977545,0.0],[26.001311,44.977744,0.0],[26.001509,44.977853,0.0],[26.001631,44.977924,0.0],[26.001716,44.97797,0.0],[26.001777,44.978004,0.0],[26.001789,44.978009,0.0],[26.001803,44.978011,0.0],[26.001815,44.978012,0.0],[26.001828,44.97801,0.0],[26.001845,44.978007,0.0],[26.001878,44.977987,0.0],[26.002193,44.977704,0.0],[26.002532,44.977384,0.0],[26.002904,44.976988,0.0],[26.003157,44.976704,0.0],[26.003571,44.976224,0.0],[26.003906,44.975867,0.0],[26.004329,44.975461,0.0],[26.004631,44.975173,0.0],[26.004901,44.974908,0.0],[26.005083,44.974729,0.0],[26.00532,44.974498,0.0],[26.005442,44.974394,0.0],[26.005499,44.974341,0.0],[26.005536,44.974315,0.0],[26.005563,44.974308,0.0],[26.005601,44.974318,0.0],[26.005801,44.974456,0.0],[26.006881,44.975206,0.0],[26.007325,44.975512,0.0],[26.007811,44.975831,0.0],[26.008145,44.976018,0.0],[26.008607,44.97627,0.0],[26.009577,44.976848,0.0],[26.009621,44.976874,0.0],[26.009695,44.976921,0.0],[26.009986,44.977106,0.0],[26.010335,44.977331,0.0],[26.010862,44.977672,0.0],[26.011228,44.977916,0.0],[26.011613,44.978177,0.0],[26.011977,44.978419,0.0],[26.012451,44.978695,0.0],[26.013028,44.978989,0.0],[26.013158,44.979048,0.0],[26.013595,44.979209,0.0],[26.014346,44.979491,0.0],[26.014741,44.979652,0.0],[26.014916,44.979728,0.0],[26.014994,44.97976,0.0],[26.015052,44.979784,0.0],[26.015106,44.979807,0.0],[26.015129,44.979817,0.0],[26.01514,44.979821,0.0],[26.01515,44.979823,0.0],[26.015168,44.979826,0.0]]],"type":"MultiLineString"},"properties":{"tip_retea":"Gaze","stare":"Existent","operator":"Transgaz","adancime":null,"detalii":"Conductă transport - E.T. București","_s":{"f":"#232323","fo":0.0,"s":"#232323","so":1.0,"w":3.78,"r":5.0,"cap":"square","join":"bevel","ml":true},"_c":3}},{"type":"Feature","geometry":{"coordinates":[[[25.993419,44.977556,0.0],[25.99342,44.977557,0.0],[25.993422,44.977558,0.0],[25.993426,44.977558,0.0],[25.99347,44.97754,0.0],[25.993565,44.977495,0.0],[25.993734,44.977417,0.0],[25.993787,44.977393,0.0],[25.9938,44.977386,0.0],[25.99381,44.977381,0.0],[25.993818,44.977384,0.0],[25.993834,44.977393,0.0],[25.993838,44.977396,0.0]]],"type":"MultiLineString"},"properties":{"tip_retea":"Gaze","stare":"Existent","operator":"Transgaz","adancime":null,"detalii":"Conductă transport - E.T. București","_s":{"f":"#232323","fo":0.0,"s":"#232323","so":1.0,"w":3.78,"r":5.0,"cap":"square","join":"bevel","ml":true},"_c":3}},{"type":"Feature","geometry":{"coordinates":[[[25.992088,44.976524,0.0],[25.992094,44.976527,0.0],[25.992098,44.97653,0.0],[25.992104,44.976532,0.0],[25.992111,44.976535,0.0],[25.992121,44.976537,0.0],[25.992128,44.976539,0.0],[25.99216,44.976548,0.0],[25.992298,44.976552,0.0],[25.992431,44.976566,0.0],[25.992477,44.976587,0.0],[25.992516,44.976614,0.0],[25.992538,44.976632,0.0],[25.992598,44.976681,0.0],[25.992851,44.976852,0.0],[25.993076,44.977016,0.0],[25.993146,44.977061,0.0],[25.993198,44.977092,0.0],[25.993229,44.977141,0.0],[25.99324,44.977176,0.0],[25.993246,44.977219,0.0],[25.993249,44.977242,0.0],[25.993271,44.977315,0.0],[25.993287,44.977374,0.0],[25.993307,44.977431,0.0],[25.993352,44.977482,0.0],[25.993406,44.977541,0.0],[25.993419,44.977556,0.0]]],"type":"MultiLineString"},"properties":{"tip_retea":"Gaze","stare":"Existent","operator":"Transgaz","adancime":null,"detalii":"Conductă transport - E.T. București","_s":{"f":"#232323","fo":0.0,"s":"#232323","so":1.0,"w":3.78,"r":5.0,"cap":"square","join":"bevel","ml":true},"_c":3}},{"type":"Feature","geometry":{"coordinates":[[[25.99237,44.976358,0.0],[25.992371,44.976359,0.0],[25.992373,44.976361,0.0],[25.992373,44.976364,0.0],[25.99237,44.976367,0.0],[25.992341,44.976381,0.0],[25.992222,44.97645,0.0],[25.992117,44.976507,0.0],[25.992091,44.976521,0.0],[25.992089,44.976522,0.0],[25.992088,44.976523,0.0],[25.992088,44.976523,0.0],[25.992088,44.976524,0.0]]],"type":"MultiLineString"},"properties":{"tip_retea":"Gaze","stare":"Existent","operator":"Transgaz","adancime":null,"detalii":"Conductă transport - E.T. București","_s":{"f":"#232323","fo":0.0,"s":"#232323","so":1.0,"w":3.78,"r":5.0,"cap":"square","join":"bevel","ml":true},"_c":3}},{"type":"Feature","geometry":{"coordinates":[[[25.978362,44.965941,0.0],[25.978374,44.965955,0.0],[25.978384,44.965962,0.0],[25.978395,44.965964,0.0],[25.97842,44.965969,0.0],[25.978434,44.965971,0.0],[25.97845,44.965976,0.0],[25.978471,44.965986,0.0],[25.978488,44.966002,0.0],[25.978589,44.966099,0.0],[25.978609,44.966119,0.0],[25.978671,44.966179,0.0],[25.978983,44.966468,0.0],[25.979221,44.966692,0.0],[25.97956,44.967069,0.0],[25.979955,44.967504,0.0],[25.980196,44.967756,0.0],[25.980573,44.968135,0.0],[25.980864,44.968401,0.0],[25.981224,44.968692,0.0],[25.981665,44.969028,0.0],[25.982124,44.969372,0.0],[25.982758,44.969853,0.0],[25.983246,44.970219,0.0],[25.983624,44.970499,0.0],[25.984064,44.970832,0.0],[25.984577,44.97121,0.0],[25.985086,44.971559,0.0],[25.985582,44.971837,0.0],[25.986102,44.97211,0.0],[25.986501,44.972347,0.0],[25.986914,44.972613,0.0],[25.987242,44.972834,0.0],[25.987612,44.973082,0.0],[25.987909,44.97328,0.0],[25.988271,44.973522,0.0],[25.988752,44.973841,0.0],[25.989167,44.974114,0.0],[25.989533,44.974368,0.0],[25.98975,44.974522,0.0],[25.990319,44.974917,0.0],[25.990774,44.975234,0.0],[25.99116,44.975509,0.0],[25.99167,44.975868,0.0],[25.992021,44.976112,0.0],[25.992306,44.976314,0.0],[25.99235,44.976342,0.0],[25.992368,44.976357,0.0],[25.99237,44.976358,0.0]]],"type":"MultiLineString"},"properties":{"tip_retea":"Gaze","stare":"Existent","operator":"Transgaz","adancime":null,"detalii":"Conductă transport - E.T. București","_s":{"f":"#232323","fo":0.0,"s":"#232323","so":1.0,"w":3.78,"r":5.0,"cap":"square","join":"bevel","ml":true},"_c":3}},{"type":"Feature","geometry":{"coordinates":[[[25.976546,44.96467,0.0],[25.976551,44.964673,0.0],[25.976556,44.964679,0.0],[25.976561,44.964685,0.0],[25.97657,44.964695,0.0],[25.976607,44.964727,0.0],[25.976653,44.964766,0.0],[25.976719,44.964785,0.0],[25.976788,44.9648,0.0],[25.976858,44.964813,0.0],[25.976935,44.96483,0.0],[25.977063,44.964848,0.0],[25.977169,44.964864,0.0],[25.977305,44.964887,0.0],[25.977423,44.96491,0.0],[25.977591,44.964931,0.0],[25.977707,44.964949,0.0],[25.977752,44.964956,0.0],[25.977804,44.964989,0.0],[25.977834,44.965022,0.0],[25.977876,44.965063,0.0],[25.97791,44.965104,0.0],[25.977952,44.965137,0.0],[25.977986,44.965177,0.0],[25.978019,44.965207,0.0],[25.978046,44.965236,0.0],[25.978063,44.965253,0.0],[25.978071,44.965278,0.0],[25.978065,44.965318,0.0],[25.97806,44.965358,0.0],[25.978045,44.965415,0.0],[25.978032,44.965483,0.0],[25.978027,44.965522,0.0],[25.978017,44.965557,0.0],[25.97802,44.965585,0.0],[25.978036,44.965606,0.0],[25.978086,44.965658,0.0],[25.978323,44.965902,0.0],[25.978362,44.965941,0.0]]],"type":"MultiLineString"},"properties":{"tip_retea":"Gaze","stare":"Existent","operator":"Transgaz","adancime":null,"detalii":"Conductă transport - E.T. București","_s":{"f":"#232323","fo":0.0,"s":"#232323","so":1.0,"w":3.78,"r":5.0,"cap":"square","join":"bevel","ml":true},"_c":3}},{"type":"Feature","geometry":{"coordinates":[[[25.971742,44.958982,0.0],[25.971743,44.958985,0.0],[25.971749,44.959012,0.0],[25.971751,44.95902,0.0],[25.971756,44.959041,0.0],[25.971762,44.959065,0.0],[25.971722,44.959069,0.0],[25.971668,44.959074,0.0],[25.971458,44.959153,0.0],[25.971428,44.959164,0.0],[25.971423,44.959168,0.0],[25.971423,44.959171,0.0],[25.971424,44.959174,0.0],[25.971433,44.959188,0.0],[25.971469,44.959237,0.0],[25.97151,44.959291,0.0],[25.97153,44.959317,0.0],[25.971551,44.95934,0.0],[25.971563,44.959353,0.0],[25.971578,44.959369,0.0],[25.97166,44.959452,0.0],[25.971733,44.959527,0.0],[25.971777,44.959573,0.0],[25.971914,44.95972,0.0],[25.972107,44.959922,0.0],[25.972317,44.960148,0.0],[25.972553,44.960394,0.0],[25.972771,44.960624,0.0],[25.972828,44.960684,0.0],[25.972921,44.960778,0.0],[25.97305,44.960909,0.0],[25.973112,44.960982,0.0],[25.973102,44.961012,0.0],[25.973071,44.961036,0.0],[25.973056,44.961074,0.0],[25.973077,44.961101,0.0],[25.97311,44.961143,0.0],[25.973237,44.961268,0.0],[25.973441,44.961493,0.0],[25.97369,44.961761,0.0],[25.973916,44.961996,0.0],[25.974039,44.962123,0.0],[25.974158,44.962249,0.0],[25.974282,44.962382,0.0],[25.97447,44.962582,0.0],[25.974673,44.962785,0.0],[25.974709,44.962817,0.0],[25.974772,44.962884,0.0],[25.974828,44.962938,0.0],[25.974885,44.963002,0.0],[25.974906,44.963019,0.0],[25.97493,44.96303,0.0],[25.974963,44.963035,0.0],[25.975023,44.963021,0.0],[25.975073,44.963026,0.0],[25.975159,44.96311,0.0],[25.975269,44.963215,0.0],[25.975365,44.963313,0.0],[25.975669,44.963617,0.0],[25.975988,44.963932,0.0],[25.976221,44.96416,0.0],[25.976298,44.964244,0.0],[25.976412,44.964353,0.0],[25.976449,44.964383,0.0],[25.976465,44.964397,0.0],[25.976478,44.964419,0.0],[25.976483,44.964425,0.0],[25.976489,44.964436,0.0],[25.976494,44.96446,0.0],[25.976539,44.964624,0.0],[25.976537,44.964657,0.0],[25.976538,44.964664,0.0],[25.976543,44.964668,0.0],[25.976546,44.96467,0.0]]],"type":"MultiLineString"},"properties":{"tip_retea":"Gaze","stare":"Existent","operator":"Transgaz","adancime":null,"detalii":"Conductă transport - E.T. București","_s":{"f":"#232323","fo":0.0,"s":"#232323","so":1.0,"w":3.78,"r":5.0,"cap":"square","join":"bevel","ml":true},"_c":3}},{"type":"Feature","geometry":{"coordinates":[[[25.990315,44.924497,0.0],[25.990306,44.924503,0.0],[25.990293,44.924512,0.0],[25.990264,44.924527,0.0],[25.990233,44.924538,0.0],[25.990206,44.924539,0.0],[25.990145,44.924523,0.0],[25.990119,44.924517,0.0],[25.990006,44.924484,0.0],[25.9898,44.924435,0.0],[25.9897,44.924413,0.0],[25.989622,44.924393,0.0],[25.989584,44.924385,0.0],[25.989552,44.924396,0.0],[25.989528,44.924427,0.0],[25.989491,44.924478,0.0],[25.989242,44.924766,0.0],[25.988904,44.925063,0.0],[25.988757,44.925277,0.0],[25.988498,44.925547,0.0],[25.988188,44.925861,0.0],[25.987994,44.926105,0.0],[25.987722,44.926412,0.0],[25.987701,44.926436,0.0],[25.98769,44.926449,0.0],[25.987624,44.92653,0.0],[25.987603,44.926556,0.0],[25.987583,44.926581,0.0],[25.987575,44.926589,0.0],[25.987562,44.926596,0.0],[25.987549,44.926599,0.0],[25.98753,44.926597,0.0],[25.987487,44.926583,0.0],[25.987432,44.926563,0.0],[25.987407,44.926555,0.0],[25.987388,44.926549,0.0],[25.987363,44.926548,0.0],[25.987346,44.926549,0.0],[25.987319,44.926561,0.0],[25.987309,44.926571,0.0],[25.987304,44.926576,0.0]]],"type":"MultiLineString"},"properties":{"tip_retea":"Gaze","stare":"Existent","operator":"Transgaz","adancime":null,"detalii":"Conductă transport - E.T. București","_s":{"f":"#232323","fo":0.0,"s":"#232323","so":1.0,"w":3.78,"r":5.0,"cap":"square","join":"bevel","ml":true},"_c":3}},{"type":"Feature","geometry":{"coordinates":[[[25.987304,44.926576,0.0],[25.987295,44.92659,0.0],[25.987286,44.926606,0.0],[25.987276,44.926621,0.0],[25.987266,44.926635,0.0],[25.987255,44.92665,0.0],[25.987218,44.926718,0.0],[25.987222,44.926745,0.0],[25.987248,44.92677,0.0],[25.987308,44.926794,0.0],[25.987372,44.926816,0.0],[25.987571,44.926887,0.0],[25.987832,44.926966,0.0],[25.988275,44.927109,0.0],[25.988458,44.927163,0.0],[25.988505,44.927176,0.0],[25.988618,44.927217,0.0],[25.988663,44.927255,0.0],[25.988675,44.927265,0.0],[25.98868,44.927274,0.0],[25.98868,44.927287,0.0],[25.988674,44.927314,0.0],[25.988646,44.927354,0.0],[25.988619,44.927377,0.0],[25.988546,44.927441,0.0],[25.988244,44.927668,0.0],[25.987985,44.927848,0.0],[25.987553,44.928139,0.0],[25.986949,44.928517,0.0],[25.985028,44.929607,0.0],[25.984952,44.929655,0.0],[25.983765,44.93033,0.0],[25.982623,44.930984,0.0],[25.98158,44.93156,0.0],[25.981469,44.931623,0.0],[25.981251,44.931523,0.0],[25.981175,44.931497,0.0],[25.980712,44.93172,0.0],[25.979558,44.932392,0.0],[25.97872,44.932904,0.0],[25.978684,44.932926,0.0],[25.978675,44.932926,0.0],[25.97865,44.932926,0.0],[25.978625,44.932927,0.0],[25.978229,44.93293,0.0],[25.976909,44.933007,0.0],[25.975952,44.933069,0.0],[25.975445,44.933094,0.0],[25.975147,44.933102,0.0],[25.97511,44.933164,0.0],[25.975075,44.933275,0.0],[25.974957,44.933558,0.0],[25.974918,44.933589,0.0],[25.974832,44.933585,0.0],[25.974535,44.933513,0.0],[25.972153,44.932867,0.0],[25.970064,44.932252,0.0],[25.969983,44.93226,0.0],[25.969136,44.93236,0.0],[25.968632,44.932245,0.0],[25.968178,44.932148,0.0],[25.96749,44.932012,0.0],[25.967432,44.932043,0.0],[25.96741,44.932055,0.0],[25.967348,44.932089,0.0],[25.966252,44.932757,0.0],[25.965796,44.933031,0.0],[25.964661,44.933768,0.0],[25.963452,44.934555,0.0],[25.962177,44.935427,0.0],[25.961876,44.935632,0.0],[25.96179,44.935691,0.0],[25.961727,44.935734,0.0],[25.961234,44.936189,0.0],[25.961007,44.936431,0.0],[25.960678,44.937035,0.0],[25.960661,44.937093,0.0],[25.960405,44.937718,0.0],[25.960151,44.938339,0.0],[25.960128,44.938394,0.0],[25.960015,44.938861,0.0],[25.959978,44.939038,0.0],[25.95992,44.939343,0.0],[25.95983,44.939815,0.0],[25.959763,44.940169,0.0],[25.959783,44.940563,0.0],[25.95985,44.940581,0.0],[25.960232,44.940558,0.0],[25.960242,44.940666,0.0],[25.960247,44.940715,0.0],[25.96027,44.940827,0.0],[25.960301,44.940986,0.0],[25.96051,44.941232,0.0],[25.960527,44.941334,0.0],[25.960593,44.941643,0.0],[25.960793,44.943096,0.0],[25.960839,44.943274,0.0],[25.960615,44.943433,0.0],[25.96043,44.943561,0.0],[25.960319,44.943638,0.0],[25.960427,44.94378,0.0],[25.960509,44.94394,0.0],[25.960542,44.943987,0.0],[25.960582,44.944054,0.0],[25.960694,44.945109,0.0],[25.96087,44.945831,0.0],[25.960916,44.946254,0.0],[25.961161,44.947446,0.0],[25.961326,44.948244,0.0],[25.961537,44.949345,0.0],[25.961796,44.950616,0.0],[25.962019,44.951699,0.0],[25.962227,44.952683,0.0],[25.962317,44.953116,0.0],[25.962642,44.954642,0.0],[25.962969,44.956331,0.0],[25.963229,44.9576,0.0],[25.963395,44.958447,0.0],[25.963417,44.958558,0.0],[25.963421,44.958579,0.0],[25.963486,44.958907,0.0],[25.963506,44.958969,0.0],[25.963857,44.958942,0.0],[25.964231,44.958913,0.0],[25.964427,44.95891,0.0],[25.965755,44.958947,0.0],[25.966977,44.958891,0.0],[25.967691,44.958863,0.0],[25.968551,44.958822,0.0],[25.968956,44.958809,0.0],[25.969488,44.958763,0.0],[25.970089,44.958712,0.0],[25.970694,44.958635,0.0],[25.970773,44.958634,0.0],[25.970806,44.958661,0.0],[25.970821,44.958721,0.0],[25.970847,44.958783,0.0],[25.970901,44.958909,0.0],[25.97091,44.95893,0.0],[25.970916,44.958935,0.0],[25.970922,44.958935,0.0],[25.970978,44.95893,0.0],[25.970988,44.958928,0.0],[25.971063,44.958923,0.0],[25.971099,44.958919,0.0],[25.971279,44.958896,0.0],[25.97135,44.958884,0.0],[25.971407,44.958878,0.0],[25.971427,44.958879,0.0],[25.971444,44.958884,0.0],[25.971463,44.958893,0.0],[25.971493,44.958909,0.0],[25.971596,44.958951,0.0],[25.971672,44.958985,0.0],[25.971707,44.958997,0.0],[25.971745,44.958992,0.0]]],"type":"MultiLineString"},"properties":{"tip_retea":"Gaze","stare":"Existent","operator":"Transgaz","adancime":null,"detalii":"Conductă transport - E.T. București","_s":{"f":"#232323","fo":0.0,"s":"#232323","so":1.0,"w":3.78,"r":5.0,"cap":"square","join":"bevel","ml":true},"_c":3}},{"type":"Feature","geometry":{"coordinates":[[[25.986973,44.926299,0.0],[25.986979,44.926302,0.0],[25.98698,44.926306,0.0],[25.986971,44.92632,0.0],[25.986965,44.926328,0.0],[25.986962,44.926336,0.0],[25.986956,44.926343,0.0],[25.986955,44.926348,0.0],[25.986961,44.926351,0.0],[25.986961,44.926351,0.0],[25.986997,44.926362,0.0],[25.987027,44.926372,0.0],[25.987031,44.926372,0.0],[25.987067,44.926384,0.0],[25.987161,44.926411,0.0],[25.987392,44.926482,0.0],[25.987551,44.92653,0.0],[25.987572,44.926537,0.0],[25.987619,44.926552,0.0],[25.987624,44.926553,0.0],[25.987629,44.926551,0.0],[25.987632,44.926547,0.0],[25.987636,44.926542,0.0],[25.987638,44.926539,0.0],[25.98765,44.926524,0.0],[25.98766,44.926511,0.0],[25.987702,44.926458,0.0],[25.987711,44.926447,0.0],[25.987711,44.926443,0.0],[25.987708,44.92644,0.0],[25.987701,44.926436,0.0]]],"type":"MultiLineString"},"properties":{"tip_retea":"Gaze","stare":"Existent","operator":"Transgaz","adancime":null,"detalii":"Conductă transport - E.T. București","_s":{"f":"#232323","fo":0.0,"s":"#232323","so":1.0,"w":3.78,"r":5.0,"cap":"square","join":"bevel","ml":true},"_c":3}},{"type":"Feature","geometry":{"coordinates":[[[25.532976,45.359813,0.0],[25.533013,45.359634,0.0],[25.533059,45.359398,0.0],[25.533125,45.359147,0.0],[25.53311,45.359124,0.0],[25.533001,45.358946,0.0],[25.532966,45.358784,0.0],[25.532949,45.358749,0.0],[25.532939,45.35861,0.0],[25.532877,45.358346,0.0],[25.532806,45.358077,0.0],[25.532809,45.35795,0.0],[25.532812,45.357867,0.0],[25.532832,45.357546,0.0],[25.532845,45.357361,0.0],[25.532844,45.357246,0.0],[25.532854,45.356313,0.0]]],"type":"MultiLineString"},"properties":{"tip_retea":"Gaze","stare":"Existent","operator":"Transgaz","adancime":null,"detalii":"Conductă transport - E.T. București","_s":{"f":"#232323","fo":0.0,"s":"#232323","so":1.0,"w":3.78,"r":5.0,"cap":"square","join":"bevel","ml":true},"_c":3}},{"type":"Feature","geometry":{"coordinates":[[[25.533028,45.3598,0.0],[25.533055,45.359634,0.0],[25.533103,45.359401,0.0],[25.533159,45.359158,0.0],[25.533252,45.358822,0.0],[25.533253,45.358745,0.0],[25.533254,45.358655,0.0],[25.533239,45.358432,0.0],[25.533106,45.358274,0.0],[25.532983,45.358109,0.0],[25.532824,45.35794,0.0],[25.532756,45.357862,0.0],[25.532639,45.357717,0.0],[25.532577,45.35766,0.0],[25.532515,45.357492,0.0]]],"type":"MultiLineString"},"properties":{"tip_retea":"Gaze","stare":"Existent","operator":"Transgaz","adancime":null,"detalii":"Conductă transport - E.T. București","_s":{"f":"#232323","fo":0.0,"s":"#232323","so":1.0,"w":3.78,"r":5.0,"cap":"square","join":"bevel","ml":true},"_c":3}},{"type":"Feature","geometry":{"coordinates":[[[25.550988,45.334472,0.0],[25.551006,45.334461,0.0],[25.551032,45.334445,0.0],[25.55115,45.334378,0.0],[25.551286,45.334301,0.0],[25.551973,45.333947,0.0]]],"type":"MultiLineString"},"properties":{"tip_retea":"Gaze","stare":"Existent","operator":"Transgaz","adancime":null,"detalii":"Conductă transport - E.T. București","_s":{"f":"#232323","fo":0.0,"s":"#232323","so":1.0,"w":3.78,"r":5.0,"cap":"square","join":"bevel","ml":true},"_c":3}},{"type":"Feature","geometry":{"coordinates":[[[25.996473,44.882466,0.0],[25.996336,44.882524,0.0],[25.996076,44.882628,0.0]]],"type":"MultiLineString"},"properties":{"tip_retea":"Gaze","stare":"Existent","operator":"Transgaz","adancime":null,"detalii":"Conductă transport - E.T. București","_s":{"f":"#232323","fo":0.0,"s":"#232323","so":1.0,"w":3.78,"r":5.0,"cap":"square","join":"bevel","ml":true},"_c":3}},{"type":"Feature","geometry":{"coordinates":[[[25.912767,44.955313,0.0],[25.913051,44.95532,0.0],[25.914607,44.955362,0.0],[25.916346,44.955402,0.0],[25.917706,44.955427,0.0],[25.920022,44.95548,0.0],[25.922973,44.95556,0.0],[25.923864,44.955565,0.0],[25.924662,44.955579,0.0],[25.926616,44.955625,0.0],[25.927226,44.955644,0.0],[25.927362,44.955653,0.0],[25.927436,44.955659,0.0],[25.927506,44.955663,0.0],[25.927596,44.955666,0.0]]],"type":"MultiLineString"},"properties":{"tip_retea":"Gaze","stare":"Existent","operator":"Transgaz","adancime":null,"detalii":"Conductă transport - E.T. București","_s":{"f":"#232323","fo":0.0,"s":"#232323","so":1.0,"w":3.78,"r":5.0,"cap":"square","join":"bevel","ml":true},"_c":3}},{"type":"Feature","geometry":{"coordinates":[[[25.936827,44.95692,0.0],[25.936831,44.956923,0.0],[25.936999,44.957074,0.0],[25.937134,44.957193,0.0],[25.93745,44.95749,0.0],[25.937488,44.957523,0.0],[25.937501,44.957535,0.0],[25.937544,44.957573,0.0],[25.937789,44.957773,0.0],[25.937814,44.957791,0.0],[25.937872,44.957788,0.0],[25.939441,44.957717,0.0],[25.940904,44.957648,0.0],[25.942812,44.957591,0.0],[25.94454,44.957487,0.0],[25.946224,44.957435,0.0],[25.94836,44.957342,0.0],[25.949985,44.957271,0.0],[25.951024,44.957232,0.0],[25.952521,44.957156,0.0],[25.95419,44.957205,0.0],[25.954434,44.957266,0.0],[25.955181,44.957433,0.0],[25.957346,44.957817,0.0],[25.95877,44.958047,0.0],[25.960013,44.958308,0.0],[25.961253,44.958534,0.0],[25.962911,44.958714,0.0],[25.96378,44.958683,0.0],[25.963844,44.958682,0.0],[25.964218,44.958673,0.0],[25.964696,44.958665,0.0],[25.9661,44.95856,0.0],[25.966222,44.95855,0.0],[25.967309,44.958446,0.0],[25.970519,44.958138,0.0],[25.970518,44.958138,0.0],[25.971453,44.958055,0.0],[25.97163,44.958038,0.0],[25.971655,44.958035,0.0],[25.971955,44.958018,0.0],[25.971972,44.958017,0.0]]],"type":"MultiLineString"},"properties":{"tip_retea":"Gaze","stare":"Existent","operator":"Transgaz","adancime":null,"detalii":"Conductă transport - E.T. București","_s":{"f":"#232323","fo":0.0,"s":"#232323","so":1.0,"w":3.78,"r":5.0,"cap":"square","join":"bevel","ml":true},"_c":3}},{"type":"Feature","geometry":{"coordinates":[[[26.060017,44.924537,0.0],[26.06024,44.924665,0.0],[26.060347,44.924726,0.0],[26.060697,44.924918,0.0],[26.060872,44.925014,0.0],[26.061032,44.925102,0.0],[26.061133,44.925165,0.0],[26.061568,44.925398,0.0],[26.061647,44.925435,0.0],[26.061704,44.925435,0.0],[26.061748,44.925437,0.0],[26.061771,44.925458,0.0],[26.061922,44.925629,0.0],[26.061933,44.92564,0.0],[26.061927,44.925666,0.0]]],"type":"MultiLineString"},"properties":{"tip_retea":"Gaze","stare":"Existent","operator":"Transgaz","adancime":null,"detalii":"Conductă transport - E.T. București","_s":{"f":"#232323","fo":0.0,"s":"#232323","so":1.0,"w":3.78,"r":5.0,"cap":"square","join":"bevel","ml":true},"_c":3}},{"type":"Feature","geometry":{"coordinates":[[[25.615326,45.233354,0.0],[25.615335,45.233327,0.0],[25.615345,45.233302,0.0],[25.615356,45.233278,0.0],[25.615366,45.233264,0.0],[25.615389,45.233244,0.0],[25.615414,45.23323,0.0],[25.615429,45.233219,0.0],[25.615431,45.233217,0.0],[25.615442,45.233203,0.0],[25.615487,45.233094,0.0],[25.615591,45.232845,0.0],[25.615672,45.232652,0.0],[25.615757,45.232446,0.0],[25.615839,45.232249,0.0],[25.615911,45.232082,0.0],[25.615926,45.232068,0.0],[25.615945,45.232062,0.0],[25.61598,45.232062,0.0],[25.616012,45.232067,0.0],[25.616039,45.23206,0.0],[25.61606,45.232042,0.0],[25.61607,45.232008,0.0],[25.616065,45.231992,0.0],[25.616046,45.231978,0.0],[25.616007,45.231968,0.0],[25.615985,45.231956,0.0],[25.615976,45.231936,0.0],[25.615978,45.231915,0.0],[25.616022,45.231811,0.0],[25.616128,45.231561,0.0],[25.616201,45.231385,0.0],[25.616298,45.231151,0.0],[25.616377,45.230962,0.0],[25.616451,45.230786,0.0],[25.616454,45.230765,0.0],[25.616447,45.230747,0.0],[25.616421,45.230711,0.0],[25.616335,45.230578,0.0],[25.616331,45.230567,0.0],[25.616332,45.230555,0.0],[25.616334,45.230537,0.0],[25.616337,45.230522,0.0]]],"type":"MultiLineString"},"properties":{"tip_retea":"Gaze","stare":"Existent","operator":"Transgaz","adancime":null,"detalii":"Conductă transport - E.T. București","_s":{"f":"#232323","fo":0.0,"s":"#232323","so":1.0,"w":3.78,"r":5.0,"cap":"square","join":"bevel","ml":true},"_c":3}},{"type":"Feature","geometry":{"coordinates":[[[25.616337,45.230522,0.0],[25.616438,45.230194,0.0],[25.616474,45.230048,0.0],[25.6165,45.229869,0.0],[25.616603,45.228552,0.0],[25.617093,45.22751,0.0],[25.617342,45.22705,0.0],[25.617931,45.226328,0.0],[25.617942,45.226312,0.0],[25.61752,45.2258,0.0],[25.617536,45.225728,0.0],[25.617497,45.225339,0.0],[25.6174,45.224842,0.0],[25.617655,45.2244,0.0],[25.618091,45.223907,0.0],[25.618655,45.223348,0.0],[25.619657,45.222441,0.0],[25.620218,45.222328,0.0],[25.620341,45.22212,0.0],[25.620618,45.221462,0.0],[25.620793,45.22081,0.0],[25.620821,45.22008,0.0],[25.620732,45.219233,0.0],[25.620675,45.219133,0.0],[25.620611,45.218959,0.0],[25.62058,45.218857,0.0],[25.620215,45.21793,0.0],[25.620047,45.217561,0.0],[25.619779,45.216832,0.0],[25.619748,45.216747,0.0],[25.619834,45.216301,0.0],[25.620614,45.215852,0.0],[25.621417,45.215533,0.0],[25.622807,45.214949,0.0],[25.623729,45.214328,0.0],[25.623937,45.214184,0.0],[25.624116,45.214285,0.0],[25.624231,45.214261,0.0],[25.625102,45.213774,0.0],[25.626072,45.213454,0.0],[25.626254,45.213316,0.0],[25.626079,45.213135,0.0],[25.626084,45.213106,0.0],[25.626274,45.212861,0.0],[25.62649,45.212508,0.0],[25.627085,45.211601,0.0],[25.62721,45.211402,0.0],[25.627595,45.211162,0.0],[25.627632,45.211136,0.0],[25.627665,45.211113,0.0],[25.629165,45.209996,0.0],[25.629245,45.209862,0.0],[25.629595,45.208607,0.0],[25.630275,45.207718,0.0],[25.630403,45.207015,0.0],[25.630288,45.206575,0.0],[25.63035,45.20569,0.0],[25.631071,45.205435,0.0],[25.631378,45.20527,0.0],[25.631985,45.2045,0.0],[25.632301,45.204273,0.0],[25.632427,45.204224,0.0],[25.633697,45.203958,0.0],[25.634531,45.203612,0.0],[25.634847,45.203477,0.0],[25.634914,45.203304,0.0],[25.63431,45.203193,0.0],[25.633239,45.202191,0.0],[25.632866,45.201583,0.0],[25.632372,45.201055,0.0],[25.631665,45.200142,0.0],[25.631399,45.199473,0.0],[25.631408,45.199217,0.0],[25.63197,45.198452,0.0],[25.632347,45.19808,0.0],[25.632603,45.19684,0.0],[25.632806,45.19659,0.0],[25.633454,45.195666,0.0],[25.634036,45.194856,0.0],[25.634241,45.193559,0.0],[25.633597,45.192731,0.0],[25.632862,45.191845,0.0],[25.63254,45.191517,0.0],[25.632728,45.191155,0.0],[25.633104,45.190802,0.0],[25.633624,45.190476,0.0],[25.633656,45.190412,0.0],[25.633566,45.190184,0.0],[25.633658,45.190041,0.0],[25.633783,45.18963,0.0],[25.633849,45.189417,0.0],[25.633892,45.189178,0.0],[25.633531,45.187943,0.0],[25.633524,45.187443,0.0],[25.633563,45.18731,0.0],[25.633594,45.187208,0.0],[25.633819,45.18662,0.0],[25.633724,45.186515,0.0],[25.633628,45.186443,0.0],[25.633612,45.186432,0.0],[25.633484,45.186356,0.0],[25.633414,45.186298,0.0],[25.633388,45.186279,0.0],[25.633272,45.18621,0.0],[25.633188,45.186154,0.0],[25.633123,45.186092,0.0],[25.633064,45.186042,0.0],[25.632992,45.185999,0.0],[25.63291,45.185941,0.0],[25.632868,45.185894,0.0],[25.632799,45.185805,0.0],[25.632784,45.18578,0.0],[25.63276,45.185746,0.0],[25.632705,45.185656,0.0],[25.632673,45.185565,0.0],[25.63266,45.185472,0.0],[25.632645,45.185388,0.0],[25.632643,45.18535,0.0],[25.632648,45.185332,0.0],[25.632657,45.185316,0.0],[25.63268,45.185183,0.0],[25.632663,45.184596,0.0],[25.632943,45.184263,0.0],[25.632828,45.183833,0.0],[25.632902,45.183172,0.0],[25.633736,45.182249,0.0],[25.633903,45.181901,0.0],[25.634095,45.181623,0.0],[25.6348,45.180731,0.0],[25.63495,45.180526,0.0],[25.635176,45.180183,0.0],[25.635316,45.179857,0.0],[25.635507,45.179086,0.0],[25.635016,45.178532,0.0],[25.634119,45.177905,0.0],[25.633488,45.177372,0.0],[25.633242,45.177192,0.0],[25.633054,45.177,0.0],[25.632847,45.17681,0.0],[25.632764,45.176755,0.0],[25.632582,45.176634,0.0],[25.632461,45.176538,0.0],[25.632253,45.176366,0.0],[25.632134,45.176175,0.0],[25.63208,45.176043,0.0],[25.632046,45.17577,0.0],[25.632047,45.175725,0.0],[25.632063,45.17561,0.0],[25.632093,45.175513,0.0],[25.632199,45.175269,0.0],[25.632264,45.174995,0.0],[25.632273,45.174932,0.0],[25.632293,45.174621,0.0],[25.632296,45.174461,0.0],[25.632299,45.174337,0.0],[25.632299,45.174176,0.0],[25.632301,45.174045,0.0],[25.632292,45.173821,0.0],[25.632298,45.173733,0.0],[25.632254,45.173358,0.0],[25.632153,45.173153,0.0],[25.63204,45.172893,0.0],[25.632014,45.172701,0.0],[25.632009,45.172678,0.0],[25.631979,45.17244,0.0],[25.631965,45.172149,0.0],[25.632044,45.171837,0.0],[25.632057,45.171821,0.0],[25.632156,45.171679,0.0],[25.632307,45.171515,0.0],[25.632475,45.171331,0.0],[25.63256,45.171234,0.0],[25.632647,45.171127,0.0],[25.632626,45.171058,0.0],[25.632603,45.170994,0.0],[25.632498,45.170783,0.0],[25.632441,45.17061,0.0],[25.632394,45.170475,0.0],[25.632253,45.170179,0.0],[25.632138,45.169975,0.0],[25.632006,45.169796,0.0],[25.631925,45.16967,0.0],[25.631782,45.169461,0.0],[25.631565,45.169161,0.0],[25.631405,45.168976,0.0],[25.631181,45.168697,0.0],[25.631018,45.168539,0.0],[25.630976,45.16849,0.0],[25.630935,45.168451,0.0],[25.630866,45.168384,0.0],[25.630825,45.168365,0.0],[25.630796,45.168359,0.0],[25.630742,45.168341,0.0],[25.63069,45.168305,0.0],[25.630607,45.168201,0.0],[25.630519,45.168096,0.0],[25.630442,45.167997,0.0],[25.630299,45.167824,0.0],[25.630052,45.167524,0.0],[25.62989,45.167328,0.0],[25.629837,45.167268,0.0],[25.629818,45.167232,0.0],[25.629813,45.167223,0.0],[25.629811,45.167213,0.0],[25.629807,45.167184,0.0],[25.629795,45.167137,0.0],[25.629773,45.167056,0.0],[25.629776,45.166964,0.0],[25.629798,45.166898,0.0],[25.6298,45.166857,0.0],[25.629773,45.166819,0.0],[25.629628,45.166695,0.0],[25.629473,45.166572,0.0],[25.629302,45.166426,0.0],[25.629133,45.166279,0.0],[25.628919,45.166082,0.0],[25.628801,45.165981,0.0],[25.628688,45.165875,0.0],[25.628594,45.165788,0.0],[25.628588,45.165782,0.0],[25.628367,45.165526,0.0],[25.628083,45.165216,0.0],[25.627923,45.165047,0.0],[25.627793,45.164902,0.0],[25.627714,45.164814,0.0],[25.62756,45.164646,0.0],[25.627487,45.164565,0.0],[25.627399,45.164467,0.0],[25.627363,45.164428,0.0],[25.626386,45.163342,0.0],[25.62598,45.162856,0.0],[25.625636,45.162556,0.0],[25.625072,45.162106,0.0],[25.625045,45.16206,0.0],[25.624704,45.16124,0.0],[25.624844,45.160857,0.0],[25.624877,45.160815,0.0],[25.625135,45.160403,0.0],[25.625591,45.160046,0.0],[25.625982,45.159441,0.0],[25.627517,45.157874,0.0],[25.627833,45.156643,0.0],[25.627295,45.155016,0.0],[25.627274,45.154951,0.0],[25.62771,45.153666,0.0],[25.628724,45.151495,0.0],[25.628969,45.149696,0.0],[25.628707,45.14848,0.0],[25.628534,45.147701,0.0],[25.627846,45.146168,0.0],[25.627909,45.144399,0.0],[25.628102,45.143851,0.0],[25.628346,45.143563,0.0],[25.630261,45.142791,0.0],[25.631324,45.141974,0.0],[25.631644,45.141585,0.0],[25.632202,45.141598,0.0],[25.632807,45.14052,0.0],[25.632906,45.140143,0.0],[25.633537,45.138981,0.0],[25.633712,45.137996,0.0],[25.633809,45.137447,0.0],[25.633812,45.137058,0.0],[25.633813,45.136409,0.0],[25.634178,45.135532,0.0],[25.635341,45.134558,0.0],[25.63667,45.134305,0.0],[25.637318,45.134178,0.0],[25.637455,45.134152,0.0],[25.637469,45.134149,0.0],[25.637481,45.134147,0.0],[25.637558,45.134132,0.0],[25.637686,45.134107,0.0],[25.639685,45.133515,0.0],[25.639913,45.133392,0.0],[25.640953,45.132815,0.0],[25.641593,45.13227,0.0],[25.64283,45.131092,0.0],[25.643384,45.130446,0.0],[25.643803,45.128816,0.0],[25.645151,45.127277,0.0],[25.646575,45.126777,0.0],[25.64845,45.126592,0.0],[25.649879,45.126769,0.0],[25.651275,45.125981,0.0],[25.652546,45.125318,0.0],[25.652798,45.125268,0.0],[25.653238,45.125028,0.0],[25.655826,45.122908,0.0],[25.65701,45.122192,0.0],[25.657494,45.121918,0.0],[25.65869,45.120893,0.0],[25.659709,45.120118,0.0],[25.660943,45.119432,0.0],[25.66129,45.119239,0.0],[25.661437,45.119202,0.0],[25.663814,45.118614,0.0],[25.664699,45.118358,0.0],[25.665141,45.11778,0.0],[25.66525,45.117585,0.0],[25.665689,45.117167,0.0],[25.666807,45.116036,0.0],[25.667517,45.115357,0.0],[25.667521,45.11533,0.0],[25.668935,45.114154,0.0],[25.669395,45.113348,0.0],[25.670111,45.112466,0.0],[25.670227,45.11225,0.0],[25.670351,45.112022,0.0],[25.670426,45.111861,0.0],[25.670456,45.111812,0.0],[25.670484,45.111757,0.0],[25.670523,45.111677,0.0],[25.670548,45.111589,0.0],[25.670575,45.111483,0.0],[25.670669,45.111054,0.0],[25.670674,45.111012,0.0],[25.670695,45.110854,0.0],[25.670739,45.110286,0.0],[25.670819,45.109914,0.0],[25.671096,45.109093,0.0],[25.671288,45.108947,0.0],[25.672,45.108772,0.0],[25.6732,45.108102,0.0],[25.673176,45.107875,0.0],[25.674407,45.106875,0.0],[25.675841,45.10561,0.0],[25.675911,45.105548,0.0],[25.676906,45.103289,0.0],[25.677194,45.103159,0.0],[25.677514,45.102478,0.0],[25.677955,45.10183,0.0],[25.679215,45.101601,0.0],[25.681384,45.10184,0.0],[25.682492,45.101928,0.0],[25.684212,45.102209,0.0],[25.684574,45.10223,0.0],[25.68613,45.102234,0.0],[25.687712,45.102241,0.0],[25.687748,45.102242,0.0],[25.687783,45.102242,0.0],[25.689247,45.10225,0.0],[25.689437,45.102143,0.0],[25.689777,45.10192,0.0],[25.690378,45.101521,0.0],[25.69107,45.101029,0.0],[25.69122,45.10092,0.0],[25.691357,45.100826,0.0],[25.691465,45.100809,0.0],[25.691935,45.100774,0.0],[25.692076,45.100738,0.0],[25.692365,45.100651,0.0],[25.692667,45.10057,0.0],[25.692992,45.100471,0.0],[25.693318,45.100384,0.0],[25.693797,45.100233,0.0],[25.694071,45.100152,0.0],[25.694264,45.100087,0.0],[25.694519,45.100002,0.0],[25.694611,45.099948,0.0],[25.69477,45.099776,0.0],[25.694897,45.099645,0.0],[25.695224,45.099265,0.0],[25.695334,45.099172,0.0],[25.695449,45.099042,0.0],[25.69552,45.098922,0.0],[25.695567,45.098773,0.0],[25.695612,45.098606,0.0],[25.695611,45.098581,0.0],[25.695603,45.098539,0.0],[25.69548,45.098461,0.0],[25.695354,45.098391,0.0],[25.695163,45.098285,0.0],[25.695043,45.098222,0.0],[25.695037,45.0982,0.0],[25.695045,45.098168,0.0],[25.695059,45.098137,0.0],[25.695355,45.097734,0.0],[25.695803,45.097231,0.0],[25.696298,45.09652,0.0],[25.697003,45.095296,0.0],[25.697948,45.094391,0.0],[25.698464,45.093873,0.0],[25.698955,45.093497,0.0],[25.699245,45.093331,0.0],[25.699313,45.093276,0.0],[25.700268,45.092009,0.0],[25.701223,45.090781,0.0],[25.702653,45.089069,0.0],[25.7038,45.087932,0.0],[25.704569,45.086955,0.0],[25.704648,45.086855,0.0]]],"type":"MultiLineString"},"properties":{"tip_retea":"Gaze","stare":"Existent","operator":"Transgaz","adancime":null,"detalii":"Conductă transport - E.T. București","_s":{"f":"#232323","fo":0.0,"s":"#232323","so":1.0,"w":3.78,"r":5.0,"cap":"square","join":"bevel","ml":true},"_c":3}},{"type":"Feature","geometry":{"coordinates":[[[25.924809,44.847603,0.0],[25.92482,44.847617,0.0],[25.92483,44.84763,0.0],[25.924914,44.847723,0.0],[25.924999,44.847819,0.0],[25.925085,44.847913,0.0],[25.925131,44.847964,0.0],[25.925484,44.848341,0.0],[25.931416,44.855395,0.0],[25.931773,44.855839,0.0],[25.931854,44.855935,0.0],[25.931932,44.856027,0.0],[25.932014,44.856123,0.0],[25.932087,44.85621,0.0],[25.93216,44.856298,0.0],[25.932236,44.856388,0.0],[25.932256,44.856413,0.0],[25.932316,44.856486,0.0],[25.932328,44.856497,0.0],[25.932341,44.856504,0.0],[25.932363,44.856507,0.0]]],"type":"MultiLineString"},"properties":{"tip_retea":"Gaze","stare":"Existent","operator":"Transgaz","adancime":null,"detalii":"Conductă transport - E.T. București","_s":{"f":"#232323","fo":0.0,"s":"#232323","so":1.0,"w":3.78,"r":5.0,"cap":"square","join":"bevel","ml":true},"_c":3}},{"type":"Feature","geometry":{"coordinates":[[[25.932363,44.856507,0.0],[25.934139,44.856714,0.0],[25.935493,44.856865,0.0],[25.93574,44.856892,0.0],[25.935842,44.856979,0.0]]],"type":"MultiLineString"},"properties":{"tip_retea":"Gaze","stare":"Existent","operator":"Transgaz","adancime":null,"detalii":"Conductă transport - E.T. București","_s":{"f":"#232323","fo":0.0,"s":"#232323","so":1.0,"w":3.78,"r":5.0,"cap":"square","join":"bevel","ml":true},"_c":3}}]}